ISO-10303-21;
HEADER;
FILE_DESCRIPTION(('Open CASCADE Model'),'2;1');
FILE_NAME('Open CASCADE Shape Model','2026-10-07T18:45:04',('Author'),(
    'Open CASCADE'),'Open CASCADE STEP processor 7.9','Open CASCADE 7.9'
  ,'Unknown');
FILE_SCHEMA(('AUTOMOTIVE_DESIGN { 1 0 10303 214 1 1 1 1 }'));
ENDSEC;
DATA;
#1 = APPLICATION_PROTOCOL_DEFINITION('international standard',
  'automotive_design',2000,#2);
#2 = APPLICATION_CONTEXT(
  'core data for automotive mechanical design processes');
#3 = SHAPE_DEFINITION_REPRESENTATION(#4,#10);
#4 = PRODUCT_DEFINITION_SHAPE('','',#5);
#5 = PRODUCT_DEFINITION('design','',#6,#9);
#6 = PRODUCT_DEFINITION_FORMATION('','',#7);
#7 = PRODUCT('Open CASCADE STEP translator 7.9 2',
  'Open CASCADE STEP translator 7.9 2','',(#8));
#8 = PRODUCT_CONTEXT('',#2,'mechanical');
#9 = PRODUCT_DEFINITION_CONTEXT('part definition',#2,'design');
#10 = ADVANCED_BREP_SHAPE_REPRESENTATION('',(#11,#15),#3363);
#11 = AXIS2_PLACEMENT_3D('',#12,#13,#14);
#12 = CARTESIAN_POINT('',(0.,0.,0.));
#13 = DIRECTION('',(0.,0.,1.));
#14 = DIRECTION('',(1.,0.,-0.));
#15 = MANIFOLD_SOLID_BREP('',#16);
#16 = CLOSED_SHELL('',(#17,#137,#227,#317,#711,#761,#815,#866,#1272,
    #1300,#1349,#1399,#1555,#1583,#1668,#1814,#1877,#1931,#1994,#2048,
    #2111,#2143,#2171,#2199,#2227,#2255,#2341,#2417,#2466,#2515,#2542,
    #2618,#2667,#2716,#2743,#2819,#2846,#2898,#2977,#3051,#3102,#3152,
    #3203,#3253,#3304,#3331,#3338,#3345,#3352));
#17 = ADVANCED_FACE('',(#18),#32,.F.);
#18 = FACE_BOUND('',#19,.F.);
#19 = EDGE_LOOP('',(#20,#55,#83,#111));
#20 = ORIENTED_EDGE('',*,*,#21,.T.);
#21 = EDGE_CURVE('',#22,#24,#26,.T.);
#22 = VERTEX_POINT('',#23);
#23 = CARTESIAN_POINT('',(-17.,10.,14.9));
#24 = VERTEX_POINT('',#25);
#25 = CARTESIAN_POINT('',(-14.79946755274,10.,21.672542485937));
#26 = SURFACE_CURVE('',#27,(#31,#43),.PCURVE_S1.);
#27 = LINE('',#28,#29);
#28 = CARTESIAN_POINT('',(-17.,10.,14.9));
#29 = VECTOR('',#30,1.);
#30 = DIRECTION('',(0.309016994375,-3.784366730434E-17,0.951056516295));
#31 = PCURVE('',#32,#37);
#32 = PLANE('',#33);
#33 = AXIS2_PLACEMENT_3D('',#34,#35,#36);
#34 = CARTESIAN_POINT('',(-17.,0.,14.9));
#35 = DIRECTION('',(0.951056516295,0.,-0.309016994375));
#36 = DIRECTION('',(0.309016994375,0.,0.951056516295));
#37 = DEFINITIONAL_REPRESENTATION('',(#38),#42);
#38 = LINE('',#39,#40);
#39 = CARTESIAN_POINT('',(0.,-10.));
#40 = VECTOR('',#41,1.);
#41 = DIRECTION('',(1.,3.784366730434E-17));
#42 = ( GEOMETRIC_REPRESENTATION_CONTEXT(2) 
PARAMETRIC_REPRESENTATION_CONTEXT() REPRESENTATION_CONTEXT('2D SPACE',''
  ) );
#43 = PCURVE('',#44,#49);
#44 = CONICAL_SURFACE('',#45,6.,0.314159265359);
#45 = AXIS2_PLACEMENT_3D('',#46,#47,#48);
#46 = CARTESIAN_POINT('',(-11.,10.,14.9));
#47 = DIRECTION('',(-0.,-0.,-1.));
#48 = DIRECTION('',(1.,0.,0.));
#49 = DEFINITIONAL_REPRESENTATION('',(#50),#54);
#50 = LINE('',#51,#52);
#51 = CARTESIAN_POINT('',(-3.14159265359,-0.));
#52 = VECTOR('',#53,1.);
#53 = DIRECTION('',(-0.,-1.));
#54 = ( GEOMETRIC_REPRESENTATION_CONTEXT(2) 
PARAMETRIC_REPRESENTATION_CONTEXT() REPRESENTATION_CONTEXT('2D SPACE',''
  ) );
#55 = ORIENTED_EDGE('',*,*,#56,.T.);
#56 = EDGE_CURVE('',#24,#57,#59,.T.);
#57 = VERTEX_POINT('',#58);
#58 = CARTESIAN_POINT('',(-14.79946755274,-10.,21.672542485937));
#59 = SURFACE_CURVE('',#60,(#64,#71),.PCURVE_S1.);
#60 = LINE('',#61,#62);
#61 = CARTESIAN_POINT('',(-14.79946755274,10.,21.672542485937));
#62 = VECTOR('',#63,1.);
#63 = DIRECTION('',(0.,-1.,0.));
#64 = PCURVE('',#32,#65);
#65 = DEFINITIONAL_REPRESENTATION('',(#66),#70);
#66 = LINE('',#67,#68);
#67 = CARTESIAN_POINT('',(7.121072586012,-10.));
#68 = VECTOR('',#69,1.);
#69 = DIRECTION('',(0.,1.));
#70 = ( GEOMETRIC_REPRESENTATION_CONTEXT(2) 
PARAMETRIC_REPRESENTATION_CONTEXT() REPRESENTATION_CONTEXT('2D SPACE',''
  ) );
#71 = PCURVE('',#72,#77);
#72 = CYLINDRICAL_SURFACE('',#73,2.5);
#73 = AXIS2_PLACEMENT_3D('',#74,#75,#76);
#74 = CARTESIAN_POINT('',(-12.421826262,10.,20.9));
#75 = DIRECTION('',(0.,-1.,0.));
#76 = DIRECTION('',(-0.951056516295,0.,0.309016994375));
#77 = DEFINITIONAL_REPRESENTATION('',(#78),#82);
#78 = LINE('',#79,#80);
#79 = CARTESIAN_POINT('',(-0.,0.));
#80 = VECTOR('',#81,1.);
#81 = DIRECTION('',(-0.,1.));
#82 = ( GEOMETRIC_REPRESENTATION_CONTEXT(2) 
PARAMETRIC_REPRESENTATION_CONTEXT() REPRESENTATION_CONTEXT('2D SPACE',''
  ) );
#83 = ORIENTED_EDGE('',*,*,#84,.F.);
#84 = EDGE_CURVE('',#85,#57,#87,.T.);
#85 = VERTEX_POINT('',#86);
#86 = CARTESIAN_POINT('',(-17.,-10.,14.9));
#87 = SURFACE_CURVE('',#88,(#92,#99),.PCURVE_S1.);
#88 = LINE('',#89,#90);
#89 = CARTESIAN_POINT('',(-17.,-10.,14.9));
#90 = VECTOR('',#91,1.);
#91 = DIRECTION('',(0.309016994375,0.,0.951056516295));
#92 = PCURVE('',#32,#93);
#93 = DEFINITIONAL_REPRESENTATION('',(#94),#98);
#94 = LINE('',#95,#96);
#95 = CARTESIAN_POINT('',(0.,10.));
#96 = VECTOR('',#97,1.);
#97 = DIRECTION('',(1.,0.));
#98 = ( GEOMETRIC_REPRESENTATION_CONTEXT(2) 
PARAMETRIC_REPRESENTATION_CONTEXT() REPRESENTATION_CONTEXT('2D SPACE',''
  ) );
#99 = PCURVE('',#100,#105);
#100 = CONICAL_SURFACE('',#101,6.,0.314159265359);
#101 = AXIS2_PLACEMENT_3D('',#102,#103,#104);
#102 = CARTESIAN_POINT('',(-11.,-10.,14.9));
#103 = DIRECTION('',(-0.,-0.,-1.));
#104 = DIRECTION('',(1.,0.,0.));
#105 = DEFINITIONAL_REPRESENTATION('',(#106),#110);
#106 = LINE('',#107,#108);
#107 = CARTESIAN_POINT('',(-3.14159265359,-0.));
#108 = VECTOR('',#109,1.);
#109 = DIRECTION('',(-0.,-1.));
#110 = ( GEOMETRIC_REPRESENTATION_CONTEXT(2) 
PARAMETRIC_REPRESENTATION_CONTEXT() REPRESENTATION_CONTEXT('2D SPACE',''
  ) );
#111 = ORIENTED_EDGE('',*,*,#112,.T.);
#112 = EDGE_CURVE('',#85,#22,#113,.T.);
#113 = SURFACE_CURVE('',#114,(#118,#125),.PCURVE_S1.);
#114 = LINE('',#115,#116);
#115 = CARTESIAN_POINT('',(-17.,0.,14.9));
#116 = VECTOR('',#117,1.);
#117 = DIRECTION('',(0.,1.,0.));
#118 = PCURVE('',#32,#119);
#119 = DEFINITIONAL_REPRESENTATION('',(#120),#124);
#120 = LINE('',#121,#122);
#121 = CARTESIAN_POINT('',(0.,0.));
#122 = VECTOR('',#123,1.);
#123 = DIRECTION('',(0.,-1.));
#124 = ( GEOMETRIC_REPRESENTATION_CONTEXT(2) 
PARAMETRIC_REPRESENTATION_CONTEXT() REPRESENTATION_CONTEXT('2D SPACE',''
  ) );
#125 = PCURVE('',#126,#131);
#126 = PLANE('',#127);
#127 = AXIS2_PLACEMENT_3D('',#128,#129,#130);
#128 = CARTESIAN_POINT('',(0.,0.,14.9));
#129 = DIRECTION('',(0.,0.,1.));
#130 = DIRECTION('',(1.,0.,0.));
#131 = DEFINITIONAL_REPRESENTATION('',(#132),#136);
#132 = LINE('',#133,#134);
#133 = CARTESIAN_POINT('',(-17.,0.));
#134 = VECTOR('',#135,1.);
#135 = DIRECTION('',(0.,1.));
#136 = ( GEOMETRIC_REPRESENTATION_CONTEXT(2) 
PARAMETRIC_REPRESENTATION_CONTEXT() REPRESENTATION_CONTEXT('2D SPACE',''
  ) );
#137 = ADVANCED_FACE('',(#138),#44,.T.);
#138 = FACE_BOUND('',#139,.T.);
#139 = EDGE_LOOP('',(#140,#170,#192,#193));
#140 = ORIENTED_EDGE('',*,*,#141,.F.);
#141 = EDGE_CURVE('',#142,#144,#146,.T.);
#142 = VERTEX_POINT('',#143);
#143 = CARTESIAN_POINT('',(-11.,16.,14.9));
#144 = VERTEX_POINT('',#145);
#145 = CARTESIAN_POINT('',(-11.,13.799467552745,21.672542485937));
#146 = SURFACE_CURVE('',#147,(#151,#158),.PCURVE_S1.);
#147 = LINE('',#148,#149);
#148 = CARTESIAN_POINT('',(-11.,16.,14.9));
#149 = VECTOR('',#150,1.);
#150 = DIRECTION('',(0.,-0.309016994375,0.951056516295));
#151 = PCURVE('',#44,#152);
#152 = DEFINITIONAL_REPRESENTATION('',(#153),#157);
#153 = LINE('',#154,#155);
#154 = CARTESIAN_POINT('',(-1.570796326795,-0.));
#155 = VECTOR('',#156,1.);
#156 = DIRECTION('',(-0.,-1.));
#157 = ( GEOMETRIC_REPRESENTATION_CONTEXT(2) 
PARAMETRIC_REPRESENTATION_CONTEXT() REPRESENTATION_CONTEXT('2D SPACE',''
  ) );
#158 = PCURVE('',#159,#164);
#159 = PLANE('',#160);
#160 = AXIS2_PLACEMENT_3D('',#161,#162,#163);
#161 = CARTESIAN_POINT('',(0.,16.,14.9));
#162 = DIRECTION('',(-0.,-0.951056516295,-0.309016994375));
#163 = DIRECTION('',(0.,-0.309016994375,0.951056516295));
#164 = DEFINITIONAL_REPRESENTATION('',(#165),#169);
#165 = LINE('',#166,#167);
#166 = CARTESIAN_POINT('',(0.,11.));
#167 = VECTOR('',#168,1.);
#168 = DIRECTION('',(1.,0.));
#169 = ( GEOMETRIC_REPRESENTATION_CONTEXT(2) 
PARAMETRIC_REPRESENTATION_CONTEXT() REPRESENTATION_CONTEXT('2D SPACE',''
  ) );
#170 = ORIENTED_EDGE('',*,*,#171,.T.);
#171 = EDGE_CURVE('',#142,#22,#172,.T.);
#172 = SURFACE_CURVE('',#173,(#178,#185),.PCURVE_S1.);
#173 = CIRCLE('',#174,6.);
#174 = AXIS2_PLACEMENT_3D('',#175,#176,#177);
#175 = CARTESIAN_POINT('',(-11.,10.,14.9));
#176 = DIRECTION('',(0.,0.,1.));
#177 = DIRECTION('',(1.,0.,0.));
#178 = PCURVE('',#44,#179);
#179 = DEFINITIONAL_REPRESENTATION('',(#180),#184);
#180 = LINE('',#181,#182);
#181 = CARTESIAN_POINT('',(-0.,-0.));
#182 = VECTOR('',#183,1.);
#183 = DIRECTION('',(-1.,-0.));
#184 = ( GEOMETRIC_REPRESENTATION_CONTEXT(2) 
PARAMETRIC_REPRESENTATION_CONTEXT() REPRESENTATION_CONTEXT('2D SPACE',''
  ) );
#185 = PCURVE('',#126,#186);
#186 = DEFINITIONAL_REPRESENTATION('',(#187),#191);
#187 = CIRCLE('',#188,6.);
#188 = AXIS2_PLACEMENT_2D('',#189,#190);
#189 = CARTESIAN_POINT('',(-11.,10.));
#190 = DIRECTION('',(1.,0.));
#191 = ( GEOMETRIC_REPRESENTATION_CONTEXT(2) 
PARAMETRIC_REPRESENTATION_CONTEXT() REPRESENTATION_CONTEXT('2D SPACE',''
  ) );
#192 = ORIENTED_EDGE('',*,*,#21,.T.);
#193 = ORIENTED_EDGE('',*,*,#194,.F.);
#194 = EDGE_CURVE('',#144,#24,#195,.T.);
#195 = SURFACE_CURVE('',#196,(#201,#208),.PCURVE_S1.);
#196 = CIRCLE('',#197,3.799467552745);
#197 = AXIS2_PLACEMENT_3D('',#198,#199,#200);
#198 = CARTESIAN_POINT('',(-11.,10.,21.672542485937));
#199 = DIRECTION('',(0.,-0.,1.));
#200 = DIRECTION('',(0.,1.,0.));
#201 = PCURVE('',#44,#202);
#202 = DEFINITIONAL_REPRESENTATION('',(#203),#207);
#203 = LINE('',#204,#205);
#204 = CARTESIAN_POINT('',(-1.570796326795,-6.772542485937));
#205 = VECTOR('',#206,1.);
#206 = DIRECTION('',(-1.,-0.));
#207 = ( GEOMETRIC_REPRESENTATION_CONTEXT(2) 
PARAMETRIC_REPRESENTATION_CONTEXT() REPRESENTATION_CONTEXT('2D SPACE',''
  ) );
#208 = PCURVE('',#209,#221);
#209 = SURFACE_OF_REVOLUTION('',#210,#218);
#210 = B_SPLINE_CURVE_WITH_KNOTS('',6,(#211,#212,#213,#214,#215,#216,
    #217),.UNSPECIFIED.,.F.,.F.,(7,7),(0.314159265359,1.570796326795),
  .PIECEWISE_BEZIER_KNOTS.);
#211 = CARTESIAN_POINT('',(-11.,13.799467552745,21.672542485937));
#212 = CARTESIAN_POINT('',(-11.,13.637666632851,22.170514513394));
#213 = CARTESIAN_POINT('',(-11.,13.350723627111,22.627811658758));
#214 = CARTESIAN_POINT('',(-11.,12.951333051881,23.00518549282));
#215 = CARTESIAN_POINT('',(-11.,12.469010732777,23.268413573982));
#216 = CARTESIAN_POINT('',(-11.,11.945425037605,23.4));
#217 = CARTESIAN_POINT('',(-11.,11.421826262007,23.4));
#218 = AXIS1_PLACEMENT('',#219,#220);
#219 = CARTESIAN_POINT('',(-11.,10.,20.9));
#220 = DIRECTION('',(0.,0.,1.));
#221 = DEFINITIONAL_REPRESENTATION('',(#222),#226);
#222 = LINE('',#223,#224);
#223 = CARTESIAN_POINT('',(0.,0.314159265359));
#224 = VECTOR('',#225,1.);
#225 = DIRECTION('',(1.,0.));
#226 = ( GEOMETRIC_REPRESENTATION_CONTEXT(2) 
PARAMETRIC_REPRESENTATION_CONTEXT() REPRESENTATION_CONTEXT('2D SPACE',''
  ) );
#227 = ADVANCED_FACE('',(#228),#72,.T.);
#228 = FACE_BOUND('',#229,.F.);
#229 = EDGE_LOOP('',(#230,#254,#282,#316));
#230 = ORIENTED_EDGE('',*,*,#231,.T.);
#231 = EDGE_CURVE('',#24,#232,#234,.T.);
#232 = VERTEX_POINT('',#233);
#233 = CARTESIAN_POINT('',(-12.421826262,10.,23.4));
#234 = SURFACE_CURVE('',#235,(#240,#247),.PCURVE_S1.);
#235 = CIRCLE('',#236,2.5);
#236 = AXIS2_PLACEMENT_3D('',#237,#238,#239);
#237 = CARTESIAN_POINT('',(-12.421826262,10.,20.9));
#238 = DIRECTION('',(0.,1.,-0.));
#239 = DIRECTION('',(-0.951056516295,0.,0.309016994375));
#240 = PCURVE('',#72,#241);
#241 = DEFINITIONAL_REPRESENTATION('',(#242),#246);
#242 = LINE('',#243,#244);
#243 = CARTESIAN_POINT('',(-0.,0.));
#244 = VECTOR('',#245,1.);
#245 = DIRECTION('',(-1.,0.));
#246 = ( GEOMETRIC_REPRESENTATION_CONTEXT(2) 
PARAMETRIC_REPRESENTATION_CONTEXT() REPRESENTATION_CONTEXT('2D SPACE',''
  ) );
#247 = PCURVE('',#209,#248);
#248 = DEFINITIONAL_REPRESENTATION('',(#249),#253);
#249 = LINE('',#250,#251);
#250 = CARTESIAN_POINT('',(1.570796326795,0.314159265359));
#251 = VECTOR('',#252,1.);
#252 = DIRECTION('',(0.,1.));
#253 = ( GEOMETRIC_REPRESENTATION_CONTEXT(2) 
PARAMETRIC_REPRESENTATION_CONTEXT() REPRESENTATION_CONTEXT('2D SPACE',''
  ) );
#254 = ORIENTED_EDGE('',*,*,#255,.T.);
#255 = EDGE_CURVE('',#232,#256,#258,.T.);
#256 = VERTEX_POINT('',#257);
#257 = CARTESIAN_POINT('',(-12.421826262,-10.,23.4));
#258 = SURFACE_CURVE('',#259,(#263,#270),.PCURVE_S1.);
#259 = LINE('',#260,#261);
#260 = CARTESIAN_POINT('',(-12.421826262,10.,23.4));
#261 = VECTOR('',#262,1.);
#262 = DIRECTION('',(0.,-1.,0.));
#263 = PCURVE('',#72,#264);
#264 = DEFINITIONAL_REPRESENTATION('',(#265),#269);
#265 = LINE('',#266,#267);
#266 = CARTESIAN_POINT('',(-1.256637061436,0.));
#267 = VECTOR('',#268,1.);
#268 = DIRECTION('',(-0.,1.));
#269 = ( GEOMETRIC_REPRESENTATION_CONTEXT(2) 
PARAMETRIC_REPRESENTATION_CONTEXT() REPRESENTATION_CONTEXT('2D SPACE',''
  ) );
#270 = PCURVE('',#271,#276);
#271 = PLANE('',#272);
#272 = AXIS2_PLACEMENT_3D('',#273,#274,#275);
#273 = CARTESIAN_POINT('',(0.,0.,23.4));
#274 = DIRECTION('',(0.,0.,1.));
#275 = DIRECTION('',(1.,0.,0.));
#276 = DEFINITIONAL_REPRESENTATION('',(#277),#281);
#277 = LINE('',#278,#279);
#278 = CARTESIAN_POINT('',(-12.421826262,10.));
#279 = VECTOR('',#280,1.);
#280 = DIRECTION('',(0.,-1.));
#281 = ( GEOMETRIC_REPRESENTATION_CONTEXT(2) 
PARAMETRIC_REPRESENTATION_CONTEXT() REPRESENTATION_CONTEXT('2D SPACE',''
  ) );
#282 = ORIENTED_EDGE('',*,*,#283,.F.);
#283 = EDGE_CURVE('',#57,#256,#284,.T.);
#284 = SURFACE_CURVE('',#285,(#290,#297),.PCURVE_S1.);
#285 = CIRCLE('',#286,2.5);
#286 = AXIS2_PLACEMENT_3D('',#287,#288,#289);
#287 = CARTESIAN_POINT('',(-12.421826262,-10.,20.9));
#288 = DIRECTION('',(0.,1.,-0.));
#289 = DIRECTION('',(-0.951056516295,0.,0.309016994375));
#290 = PCURVE('',#72,#291);
#291 = DEFINITIONAL_REPRESENTATION('',(#292),#296);
#292 = LINE('',#293,#294);
#293 = CARTESIAN_POINT('',(-0.,20.));
#294 = VECTOR('',#295,1.);
#295 = DIRECTION('',(-1.,0.));
#296 = ( GEOMETRIC_REPRESENTATION_CONTEXT(2) 
PARAMETRIC_REPRESENTATION_CONTEXT() REPRESENTATION_CONTEXT('2D SPACE',''
  ) );
#297 = PCURVE('',#298,#310);
#298 = SURFACE_OF_REVOLUTION('',#299,#307);
#299 = B_SPLINE_CURVE_WITH_KNOTS('',6,(#300,#301,#302,#303,#304,#305,
    #306),.UNSPECIFIED.,.F.,.F.,(7,7),(0.314159265359,1.570796326795),
  .PIECEWISE_BEZIER_KNOTS.);
#300 = CARTESIAN_POINT('',(-14.79946755274,-10.,21.672542485937));
#301 = CARTESIAN_POINT('',(-14.63766663285,-10.,22.170514513394));
#302 = CARTESIAN_POINT('',(-14.35072362711,-10.,22.627811658758));
#303 = CARTESIAN_POINT('',(-13.95133305188,-10.,23.00518549282));
#304 = CARTESIAN_POINT('',(-13.46901073277,-10.,23.268413573982));
#305 = CARTESIAN_POINT('',(-12.9454250376,-10.,23.4));
#306 = CARTESIAN_POINT('',(-12.421826262,-10.,23.4));
#307 = AXIS1_PLACEMENT('',#308,#309);
#308 = CARTESIAN_POINT('',(-11.,-10.,20.9));
#309 = DIRECTION('',(0.,0.,1.));
#310 = DEFINITIONAL_REPRESENTATION('',(#311),#315);
#311 = LINE('',#312,#313);
#312 = CARTESIAN_POINT('',(0.,0.314159265359));
#313 = VECTOR('',#314,1.);
#314 = DIRECTION('',(0.,1.));
#315 = ( GEOMETRIC_REPRESENTATION_CONTEXT(2) 
PARAMETRIC_REPRESENTATION_CONTEXT() REPRESENTATION_CONTEXT('2D SPACE',''
  ) );
#316 = ORIENTED_EDGE('',*,*,#56,.F.);
#317 = ADVANCED_FACE('',(#318,#481),#126,.F.);
#318 = FACE_BOUND('',#319,.F.);
#319 = EDGE_LOOP('',(#320,#321,#345,#373,#402,#430,#459,#480));
#320 = ORIENTED_EDGE('',*,*,#112,.F.);
#321 = ORIENTED_EDGE('',*,*,#322,.T.);
#322 = EDGE_CURVE('',#85,#323,#325,.T.);
#323 = VERTEX_POINT('',#324);
#324 = CARTESIAN_POINT('',(-11.,-16.,14.9));
#325 = SURFACE_CURVE('',#326,(#331,#338),.PCURVE_S1.);
#326 = CIRCLE('',#327,6.);
#327 = AXIS2_PLACEMENT_3D('',#328,#329,#330);
#328 = CARTESIAN_POINT('',(-11.,-10.,14.9));
#329 = DIRECTION('',(0.,0.,1.));
#330 = DIRECTION('',(1.,0.,0.));
#331 = PCURVE('',#126,#332);
#332 = DEFINITIONAL_REPRESENTATION('',(#333),#337);
#333 = CIRCLE('',#334,6.);
#334 = AXIS2_PLACEMENT_2D('',#335,#336);
#335 = CARTESIAN_POINT('',(-11.,-10.));
#336 = DIRECTION('',(1.,0.));
#337 = ( GEOMETRIC_REPRESENTATION_CONTEXT(2) 
PARAMETRIC_REPRESENTATION_CONTEXT() REPRESENTATION_CONTEXT('2D SPACE',''
  ) );
#338 = PCURVE('',#100,#339);
#339 = DEFINITIONAL_REPRESENTATION('',(#340),#344);
#340 = LINE('',#341,#342);
#341 = CARTESIAN_POINT('',(-0.,-0.));
#342 = VECTOR('',#343,1.);
#343 = DIRECTION('',(-1.,-0.));
#344 = ( GEOMETRIC_REPRESENTATION_CONTEXT(2) 
PARAMETRIC_REPRESENTATION_CONTEXT() REPRESENTATION_CONTEXT('2D SPACE',''
  ) );
#345 = ORIENTED_EDGE('',*,*,#346,.T.);
#346 = EDGE_CURVE('',#323,#347,#349,.T.);
#347 = VERTEX_POINT('',#348);
#348 = CARTESIAN_POINT('',(11.,-16.,14.9));
#349 = SURFACE_CURVE('',#350,(#354,#361),.PCURVE_S1.);
#350 = LINE('',#351,#352);
#351 = CARTESIAN_POINT('',(0.,-16.,14.9));
#352 = VECTOR('',#353,1.);
#353 = DIRECTION('',(1.,0.,0.));
#354 = PCURVE('',#126,#355);
#355 = DEFINITIONAL_REPRESENTATION('',(#356),#360);
#356 = LINE('',#357,#358);
#357 = CARTESIAN_POINT('',(0.,-16.));
#358 = VECTOR('',#359,1.);
#359 = DIRECTION('',(1.,0.));
#360 = ( GEOMETRIC_REPRESENTATION_CONTEXT(2) 
PARAMETRIC_REPRESENTATION_CONTEXT() REPRESENTATION_CONTEXT('2D SPACE',''
  ) );
#361 = PCURVE('',#362,#367);
#362 = PLANE('',#363);
#363 = AXIS2_PLACEMENT_3D('',#364,#365,#366);
#364 = CARTESIAN_POINT('',(0.,-16.,14.9));
#365 = DIRECTION('',(0.,0.951056516295,-0.309016994375));
#366 = DIRECTION('',(0.,0.309016994375,0.951056516295));
#367 = DEFINITIONAL_REPRESENTATION('',(#368),#372);
#368 = LINE('',#369,#370);
#369 = CARTESIAN_POINT('',(0.,0.));
#370 = VECTOR('',#371,1.);
#371 = DIRECTION('',(0.,1.));
#372 = ( GEOMETRIC_REPRESENTATION_CONTEXT(2) 
PARAMETRIC_REPRESENTATION_CONTEXT() REPRESENTATION_CONTEXT('2D SPACE',''
  ) );
#373 = ORIENTED_EDGE('',*,*,#374,.T.);
#374 = EDGE_CURVE('',#347,#375,#377,.T.);
#375 = VERTEX_POINT('',#376);
#376 = CARTESIAN_POINT('',(17.,-10.,14.9));
#377 = SURFACE_CURVE('',#378,(#383,#390),.PCURVE_S1.);
#378 = CIRCLE('',#379,6.);
#379 = AXIS2_PLACEMENT_3D('',#380,#381,#382);
#380 = CARTESIAN_POINT('',(11.,-10.,14.9));
#381 = DIRECTION('',(0.,0.,1.));
#382 = DIRECTION('',(1.,0.,0.));
#383 = PCURVE('',#126,#384);
#384 = DEFINITIONAL_REPRESENTATION('',(#385),#389);
#385 = CIRCLE('',#386,6.);
#386 = AXIS2_PLACEMENT_2D('',#387,#388);
#387 = CARTESIAN_POINT('',(11.,-10.));
#388 = DIRECTION('',(1.,0.));
#389 = ( GEOMETRIC_REPRESENTATION_CONTEXT(2) 
PARAMETRIC_REPRESENTATION_CONTEXT() REPRESENTATION_CONTEXT('2D SPACE',''
  ) );
#390 = PCURVE('',#391,#396);
#391 = CONICAL_SURFACE('',#392,6.,0.314159265359);
#392 = AXIS2_PLACEMENT_3D('',#393,#394,#395);
#393 = CARTESIAN_POINT('',(11.,-10.,14.9));
#394 = DIRECTION('',(-0.,-0.,-1.));
#395 = DIRECTION('',(1.,0.,0.));
#396 = DEFINITIONAL_REPRESENTATION('',(#397),#401);
#397 = LINE('',#398,#399);
#398 = CARTESIAN_POINT('',(-0.,-0.));
#399 = VECTOR('',#400,1.);
#400 = DIRECTION('',(-1.,-0.));
#401 = ( GEOMETRIC_REPRESENTATION_CONTEXT(2) 
PARAMETRIC_REPRESENTATION_CONTEXT() REPRESENTATION_CONTEXT('2D SPACE',''
  ) );
#402 = ORIENTED_EDGE('',*,*,#403,.T.);
#403 = EDGE_CURVE('',#375,#404,#406,.T.);
#404 = VERTEX_POINT('',#405);
#405 = CARTESIAN_POINT('',(17.,10.,14.9));
#406 = SURFACE_CURVE('',#407,(#411,#418),.PCURVE_S1.);
#407 = LINE('',#408,#409);
#408 = CARTESIAN_POINT('',(17.,0.,14.9));
#409 = VECTOR('',#410,1.);
#410 = DIRECTION('',(0.,1.,0.));
#411 = PCURVE('',#126,#412);
#412 = DEFINITIONAL_REPRESENTATION('',(#413),#417);
#413 = LINE('',#414,#415);
#414 = CARTESIAN_POINT('',(17.,0.));
#415 = VECTOR('',#416,1.);
#416 = DIRECTION('',(0.,1.));
#417 = ( GEOMETRIC_REPRESENTATION_CONTEXT(2) 
PARAMETRIC_REPRESENTATION_CONTEXT() REPRESENTATION_CONTEXT('2D SPACE',''
  ) );
#418 = PCURVE('',#419,#424);
#419 = PLANE('',#420);
#420 = AXIS2_PLACEMENT_3D('',#421,#422,#423);
#421 = CARTESIAN_POINT('',(17.,0.,14.9));
#422 = DIRECTION('',(-0.951056516295,0.,-0.309016994375));
#423 = DIRECTION('',(-0.309016994375,0.,0.951056516295));
#424 = DEFINITIONAL_REPRESENTATION('',(#425),#429);
#425 = LINE('',#426,#427);
#426 = CARTESIAN_POINT('',(0.,0.));
#427 = VECTOR('',#428,1.);
#428 = DIRECTION('',(0.,1.));
#429 = ( GEOMETRIC_REPRESENTATION_CONTEXT(2) 
PARAMETRIC_REPRESENTATION_CONTEXT() REPRESENTATION_CONTEXT('2D SPACE',''
  ) );
#430 = ORIENTED_EDGE('',*,*,#431,.T.);
#431 = EDGE_CURVE('',#404,#432,#434,.T.);
#432 = VERTEX_POINT('',#433);
#433 = CARTESIAN_POINT('',(11.,16.,14.9));
#434 = SURFACE_CURVE('',#435,(#440,#447),.PCURVE_S1.);
#435 = CIRCLE('',#436,6.);
#436 = AXIS2_PLACEMENT_3D('',#437,#438,#439);
#437 = CARTESIAN_POINT('',(11.,10.,14.9));
#438 = DIRECTION('',(0.,0.,1.));
#439 = DIRECTION('',(1.,0.,0.));
#440 = PCURVE('',#126,#441);
#441 = DEFINITIONAL_REPRESENTATION('',(#442),#446);
#442 = CIRCLE('',#443,6.);
#443 = AXIS2_PLACEMENT_2D('',#444,#445);
#444 = CARTESIAN_POINT('',(11.,10.));
#445 = DIRECTION('',(1.,0.));
#446 = ( GEOMETRIC_REPRESENTATION_CONTEXT(2) 
PARAMETRIC_REPRESENTATION_CONTEXT() REPRESENTATION_CONTEXT('2D SPACE',''
  ) );
#447 = PCURVE('',#448,#453);
#448 = CONICAL_SURFACE('',#449,6.,0.314159265359);
#449 = AXIS2_PLACEMENT_3D('',#450,#451,#452);
#450 = CARTESIAN_POINT('',(11.,10.,14.9));
#451 = DIRECTION('',(-0.,-0.,-1.));
#452 = DIRECTION('',(1.,0.,0.));
#453 = DEFINITIONAL_REPRESENTATION('',(#454),#458);
#454 = LINE('',#455,#456);
#455 = CARTESIAN_POINT('',(-0.,-0.));
#456 = VECTOR('',#457,1.);
#457 = DIRECTION('',(-1.,-0.));
#458 = ( GEOMETRIC_REPRESENTATION_CONTEXT(2) 
PARAMETRIC_REPRESENTATION_CONTEXT() REPRESENTATION_CONTEXT('2D SPACE',''
  ) );
#459 = ORIENTED_EDGE('',*,*,#460,.F.);
#460 = EDGE_CURVE('',#142,#432,#461,.T.);
#461 = SURFACE_CURVE('',#462,(#466,#473),.PCURVE_S1.);
#462 = LINE('',#463,#464);
#463 = CARTESIAN_POINT('',(0.,16.,14.9));
#464 = VECTOR('',#465,1.);
#465 = DIRECTION('',(1.,0.,0.));
#466 = PCURVE('',#126,#467);
#467 = DEFINITIONAL_REPRESENTATION('',(#468),#472);
#468 = LINE('',#469,#470);
#469 = CARTESIAN_POINT('',(0.,16.));
#470 = VECTOR('',#471,1.);
#471 = DIRECTION('',(1.,0.));
#472 = ( GEOMETRIC_REPRESENTATION_CONTEXT(2) 
PARAMETRIC_REPRESENTATION_CONTEXT() REPRESENTATION_CONTEXT('2D SPACE',''
  ) );
#473 = PCURVE('',#159,#474);
#474 = DEFINITIONAL_REPRESENTATION('',(#475),#479);
#475 = LINE('',#476,#477);
#476 = CARTESIAN_POINT('',(0.,0.));
#477 = VECTOR('',#478,1.);
#478 = DIRECTION('',(0.,-1.));
#479 = ( GEOMETRIC_REPRESENTATION_CONTEXT(2) 
PARAMETRIC_REPRESENTATION_CONTEXT() REPRESENTATION_CONTEXT('2D SPACE',''
  ) );
#480 = ORIENTED_EDGE('',*,*,#171,.T.);
#481 = FACE_BOUND('',#482,.F.);
#482 = EDGE_LOOP('',(#483,#514,#542,#571,#599,#628,#656,#685));
#483 = ORIENTED_EDGE('',*,*,#484,.F.);
#484 = EDGE_CURVE('',#485,#487,#489,.T.);
#485 = VERTEX_POINT('',#486);
#486 = CARTESIAN_POINT('',(15.948537775762,10.,14.9));
#487 = VERTEX_POINT('',#488);
#488 = CARTESIAN_POINT('',(11.,14.948537775762,14.9));
#489 = SURFACE_CURVE('',#490,(#495,#502),.PCURVE_S1.);
#490 = CIRCLE('',#491,4.948537775762);
#491 = AXIS2_PLACEMENT_3D('',#492,#493,#494);
#492 = CARTESIAN_POINT('',(11.,10.,14.9));
#493 = DIRECTION('',(0.,0.,1.));
#494 = DIRECTION('',(1.,0.,-0.));
#495 = PCURVE('',#126,#496);
#496 = DEFINITIONAL_REPRESENTATION('',(#497),#501);
#497 = CIRCLE('',#498,4.948537775762);
#498 = AXIS2_PLACEMENT_2D('',#499,#500);
#499 = CARTESIAN_POINT('',(11.,10.));
#500 = DIRECTION('',(1.,0.));
#501 = ( GEOMETRIC_REPRESENTATION_CONTEXT(2) 
PARAMETRIC_REPRESENTATION_CONTEXT() REPRESENTATION_CONTEXT('2D SPACE',''
  ) );
#502 = PCURVE('',#503,#508);
#503 = CONICAL_SURFACE('',#504,5.048943483705,0.314159265359);
#504 = AXIS2_PLACEMENT_3D('',#505,#506,#507);
#505 = CARTESIAN_POINT('',(11.,10.,14.590983005625));
#506 = DIRECTION('',(-0.,-0.,-1.));
#507 = DIRECTION('',(1.,0.,0.));
#508 = DEFINITIONAL_REPRESENTATION('',(#509),#513);
#509 = LINE('',#510,#511);
#510 = CARTESIAN_POINT('',(6.28318530718,-0.309016994375));
#511 = VECTOR('',#512,1.);
#512 = DIRECTION('',(-1.,-0.));
#513 = ( GEOMETRIC_REPRESENTATION_CONTEXT(2) 
PARAMETRIC_REPRESENTATION_CONTEXT() REPRESENTATION_CONTEXT('2D SPACE',''
  ) );
#514 = ORIENTED_EDGE('',*,*,#515,.F.);
#515 = EDGE_CURVE('',#516,#485,#518,.T.);
#516 = VERTEX_POINT('',#517);
#517 = CARTESIAN_POINT('',(15.948537775762,-10.,14.9));
#518 = SURFACE_CURVE('',#519,(#523,#530),.PCURVE_S1.);
#519 = LINE('',#520,#521);
#520 = CARTESIAN_POINT('',(15.948537775762,0.,14.9));
#521 = VECTOR('',#522,1.);
#522 = DIRECTION('',(0.,1.,-0.));
#523 = PCURVE('',#126,#524);
#524 = DEFINITIONAL_REPRESENTATION('',(#525),#529);
#525 = LINE('',#526,#527);
#526 = CARTESIAN_POINT('',(15.948537775762,0.));
#527 = VECTOR('',#528,1.);
#528 = DIRECTION('',(0.,1.));
#529 = ( GEOMETRIC_REPRESENTATION_CONTEXT(2) 
PARAMETRIC_REPRESENTATION_CONTEXT() REPRESENTATION_CONTEXT('2D SPACE',''
  ) );
#530 = PCURVE('',#531,#536);
#531 = PLANE('',#532);
#532 = AXIS2_PLACEMENT_3D('',#533,#534,#535);
#533 = CARTESIAN_POINT('',(16.048943483705,0.,14.590983005625));
#534 = DIRECTION('',(-0.951056516295,0.,-0.309016994375));
#535 = DIRECTION('',(-0.309016994375,0.,0.951056516295));
#536 = DEFINITIONAL_REPRESENTATION('',(#537),#541);
#537 = LINE('',#538,#539);
#538 = CARTESIAN_POINT('',(0.324919696233,0.));
#539 = VECTOR('',#540,1.);
#540 = DIRECTION('',(0.,1.));
#541 = ( GEOMETRIC_REPRESENTATION_CONTEXT(2) 
PARAMETRIC_REPRESENTATION_CONTEXT() REPRESENTATION_CONTEXT('2D SPACE',''
  ) );
#542 = ORIENTED_EDGE('',*,*,#543,.F.);
#543 = EDGE_CURVE('',#544,#516,#546,.T.);
#544 = VERTEX_POINT('',#545);
#545 = CARTESIAN_POINT('',(11.,-14.94853777576,14.9));
#546 = SURFACE_CURVE('',#547,(#552,#559),.PCURVE_S1.);
#547 = CIRCLE('',#548,4.948537775762);
#548 = AXIS2_PLACEMENT_3D('',#549,#550,#551);
#549 = CARTESIAN_POINT('',(11.,-10.,14.9));
#550 = DIRECTION('',(0.,0.,1.));
#551 = DIRECTION('',(1.,0.,-0.));
#552 = PCURVE('',#126,#553);
#553 = DEFINITIONAL_REPRESENTATION('',(#554),#558);
#554 = CIRCLE('',#555,4.948537775762);
#555 = AXIS2_PLACEMENT_2D('',#556,#557);
#556 = CARTESIAN_POINT('',(11.,-10.));
#557 = DIRECTION('',(1.,0.));
#558 = ( GEOMETRIC_REPRESENTATION_CONTEXT(2) 
PARAMETRIC_REPRESENTATION_CONTEXT() REPRESENTATION_CONTEXT('2D SPACE',''
  ) );
#559 = PCURVE('',#560,#565);
#560 = CONICAL_SURFACE('',#561,5.048943483705,0.314159265359);
#561 = AXIS2_PLACEMENT_3D('',#562,#563,#564);
#562 = CARTESIAN_POINT('',(11.,-10.,14.590983005625));
#563 = DIRECTION('',(-0.,-0.,-1.));
#564 = DIRECTION('',(1.,0.,0.));
#565 = DEFINITIONAL_REPRESENTATION('',(#566),#570);
#566 = LINE('',#567,#568);
#567 = CARTESIAN_POINT('',(-0.,-0.309016994375));
#568 = VECTOR('',#569,1.);
#569 = DIRECTION('',(-1.,-0.));
#570 = ( GEOMETRIC_REPRESENTATION_CONTEXT(2) 
PARAMETRIC_REPRESENTATION_CONTEXT() REPRESENTATION_CONTEXT('2D SPACE',''
  ) );
#571 = ORIENTED_EDGE('',*,*,#572,.F.);
#572 = EDGE_CURVE('',#573,#544,#575,.T.);
#573 = VERTEX_POINT('',#574);
#574 = CARTESIAN_POINT('',(-11.,-14.94853777576,14.9));
#575 = SURFACE_CURVE('',#576,(#580,#587),.PCURVE_S1.);
#576 = LINE('',#577,#578);
#577 = CARTESIAN_POINT('',(0.,-14.94853777576,14.9));
#578 = VECTOR('',#579,1.);
#579 = DIRECTION('',(1.,-0.,0.));
#580 = PCURVE('',#126,#581);
#581 = DEFINITIONAL_REPRESENTATION('',(#582),#586);
#582 = LINE('',#583,#584);
#583 = CARTESIAN_POINT('',(0.,-14.94853777576));
#584 = VECTOR('',#585,1.);
#585 = DIRECTION('',(1.,0.));
#586 = ( GEOMETRIC_REPRESENTATION_CONTEXT(2) 
PARAMETRIC_REPRESENTATION_CONTEXT() REPRESENTATION_CONTEXT('2D SPACE',''
  ) );
#587 = PCURVE('',#588,#593);
#588 = PLANE('',#589);
#589 = AXIS2_PLACEMENT_3D('',#590,#591,#592);
#590 = CARTESIAN_POINT('',(0.,-15.0489434837,14.590983005625));
#591 = DIRECTION('',(0.,0.951056516295,-0.309016994375));
#592 = DIRECTION('',(0.,0.309016994375,0.951056516295));
#593 = DEFINITIONAL_REPRESENTATION('',(#594),#598);
#594 = LINE('',#595,#596);
#595 = CARTESIAN_POINT('',(0.324919696233,0.));
#596 = VECTOR('',#597,1.);
#597 = DIRECTION('',(0.,1.));
#598 = ( GEOMETRIC_REPRESENTATION_CONTEXT(2) 
PARAMETRIC_REPRESENTATION_CONTEXT() REPRESENTATION_CONTEXT('2D SPACE',''
  ) );
#599 = ORIENTED_EDGE('',*,*,#600,.F.);
#600 = EDGE_CURVE('',#601,#573,#603,.T.);
#601 = VERTEX_POINT('',#602);
#602 = CARTESIAN_POINT('',(-15.94853777576,-10.,14.9));
#603 = SURFACE_CURVE('',#604,(#609,#616),.PCURVE_S1.);
#604 = CIRCLE('',#605,4.948537775762);
#605 = AXIS2_PLACEMENT_3D('',#606,#607,#608);
#606 = CARTESIAN_POINT('',(-11.,-10.,14.9));
#607 = DIRECTION('',(0.,0.,1.));
#608 = DIRECTION('',(1.,0.,-0.));
#609 = PCURVE('',#126,#610);
#610 = DEFINITIONAL_REPRESENTATION('',(#611),#615);
#611 = CIRCLE('',#612,4.948537775762);
#612 = AXIS2_PLACEMENT_2D('',#613,#614);
#613 = CARTESIAN_POINT('',(-11.,-10.));
#614 = DIRECTION('',(1.,0.));
#615 = ( GEOMETRIC_REPRESENTATION_CONTEXT(2) 
PARAMETRIC_REPRESENTATION_CONTEXT() REPRESENTATION_CONTEXT('2D SPACE',''
  ) );
#616 = PCURVE('',#617,#622);
#617 = CONICAL_SURFACE('',#618,5.048943483705,0.314159265359);
#618 = AXIS2_PLACEMENT_3D('',#619,#620,#621);
#619 = CARTESIAN_POINT('',(-11.,-10.,14.590983005625));
#620 = DIRECTION('',(-0.,-0.,-1.));
#621 = DIRECTION('',(1.,0.,0.));
#622 = DEFINITIONAL_REPRESENTATION('',(#623),#627);
#623 = LINE('',#624,#625);
#624 = CARTESIAN_POINT('',(-0.,-0.309016994375));
#625 = VECTOR('',#626,1.);
#626 = DIRECTION('',(-1.,-0.));
#627 = ( GEOMETRIC_REPRESENTATION_CONTEXT(2) 
PARAMETRIC_REPRESENTATION_CONTEXT() REPRESENTATION_CONTEXT('2D SPACE',''
  ) );
#628 = ORIENTED_EDGE('',*,*,#629,.F.);
#629 = EDGE_CURVE('',#630,#601,#632,.T.);
#630 = VERTEX_POINT('',#631);
#631 = CARTESIAN_POINT('',(-15.94853777576,10.,14.9));
#632 = SURFACE_CURVE('',#633,(#637,#644),.PCURVE_S1.);
#633 = LINE('',#634,#635);
#634 = CARTESIAN_POINT('',(-15.94853777576,0.,14.9));
#635 = VECTOR('',#636,1.);
#636 = DIRECTION('',(0.,-1.,0.));
#637 = PCURVE('',#126,#638);
#638 = DEFINITIONAL_REPRESENTATION('',(#639),#643);
#639 = LINE('',#640,#641);
#640 = CARTESIAN_POINT('',(-15.94853777576,0.));
#641 = VECTOR('',#642,1.);
#642 = DIRECTION('',(0.,-1.));
#643 = ( GEOMETRIC_REPRESENTATION_CONTEXT(2) 
PARAMETRIC_REPRESENTATION_CONTEXT() REPRESENTATION_CONTEXT('2D SPACE',''
  ) );
#644 = PCURVE('',#645,#650);
#645 = PLANE('',#646);
#646 = AXIS2_PLACEMENT_3D('',#647,#648,#649);
#647 = CARTESIAN_POINT('',(-16.0489434837,0.,14.590983005625));
#648 = DIRECTION('',(0.951056516295,0.,-0.309016994375));
#649 = DIRECTION('',(0.309016994375,0.,0.951056516295));
#650 = DEFINITIONAL_REPRESENTATION('',(#651),#655);
#651 = LINE('',#652,#653);
#652 = CARTESIAN_POINT('',(0.324919696233,0.));
#653 = VECTOR('',#654,1.);
#654 = DIRECTION('',(0.,1.));
#655 = ( GEOMETRIC_REPRESENTATION_CONTEXT(2) 
PARAMETRIC_REPRESENTATION_CONTEXT() REPRESENTATION_CONTEXT('2D SPACE',''
  ) );
#656 = ORIENTED_EDGE('',*,*,#657,.F.);
#657 = EDGE_CURVE('',#658,#630,#660,.T.);
#658 = VERTEX_POINT('',#659);
#659 = CARTESIAN_POINT('',(-11.,14.948537775762,14.9));
#660 = SURFACE_CURVE('',#661,(#666,#673),.PCURVE_S1.);
#661 = CIRCLE('',#662,4.948537775762);
#662 = AXIS2_PLACEMENT_3D('',#663,#664,#665);
#663 = CARTESIAN_POINT('',(-11.,10.,14.9));
#664 = DIRECTION('',(0.,0.,1.));
#665 = DIRECTION('',(1.,0.,-0.));
#666 = PCURVE('',#126,#667);
#667 = DEFINITIONAL_REPRESENTATION('',(#668),#672);
#668 = CIRCLE('',#669,4.948537775762);
#669 = AXIS2_PLACEMENT_2D('',#670,#671);
#670 = CARTESIAN_POINT('',(-11.,10.));
#671 = DIRECTION('',(1.,0.));
#672 = ( GEOMETRIC_REPRESENTATION_CONTEXT(2) 
PARAMETRIC_REPRESENTATION_CONTEXT() REPRESENTATION_CONTEXT('2D SPACE',''
  ) );
#673 = PCURVE('',#674,#679);
#674 = CONICAL_SURFACE('',#675,5.048943483705,0.314159265359);
#675 = AXIS2_PLACEMENT_3D('',#676,#677,#678);
#676 = CARTESIAN_POINT('',(-11.,10.,14.590983005625));
#677 = DIRECTION('',(-0.,-0.,-1.));
#678 = DIRECTION('',(1.,0.,0.));
#679 = DEFINITIONAL_REPRESENTATION('',(#680),#684);
#680 = LINE('',#681,#682);
#681 = CARTESIAN_POINT('',(-0.,-0.309016994375));
#682 = VECTOR('',#683,1.);
#683 = DIRECTION('',(-1.,-0.));
#684 = ( GEOMETRIC_REPRESENTATION_CONTEXT(2) 
PARAMETRIC_REPRESENTATION_CONTEXT() REPRESENTATION_CONTEXT('2D SPACE',''
  ) );
#685 = ORIENTED_EDGE('',*,*,#686,.F.);
#686 = EDGE_CURVE('',#487,#658,#687,.T.);
#687 = SURFACE_CURVE('',#688,(#692,#699),.PCURVE_S1.);
#688 = LINE('',#689,#690);
#689 = CARTESIAN_POINT('',(0.,14.948537775762,14.9));
#690 = VECTOR('',#691,1.);
#691 = DIRECTION('',(-1.,0.,0.));
#692 = PCURVE('',#126,#693);
#693 = DEFINITIONAL_REPRESENTATION('',(#694),#698);
#694 = LINE('',#695,#696);
#695 = CARTESIAN_POINT('',(0.,14.948537775762));
#696 = VECTOR('',#697,1.);
#697 = DIRECTION('',(-1.,0.));
#698 = ( GEOMETRIC_REPRESENTATION_CONTEXT(2) 
PARAMETRIC_REPRESENTATION_CONTEXT() REPRESENTATION_CONTEXT('2D SPACE',''
  ) );
#699 = PCURVE('',#700,#705);
#700 = PLANE('',#701);
#701 = AXIS2_PLACEMENT_3D('',#702,#703,#704);
#702 = CARTESIAN_POINT('',(0.,15.048943483705,14.590983005625));
#703 = DIRECTION('',(-0.,-0.951056516295,-0.309016994375));
#704 = DIRECTION('',(0.,-0.309016994375,0.951056516295));
#705 = DEFINITIONAL_REPRESENTATION('',(#706),#710);
#706 = LINE('',#707,#708);
#707 = CARTESIAN_POINT('',(0.324919696233,0.));
#708 = VECTOR('',#709,1.);
#709 = DIRECTION('',(0.,1.));
#710 = ( GEOMETRIC_REPRESENTATION_CONTEXT(2) 
PARAMETRIC_REPRESENTATION_CONTEXT() REPRESENTATION_CONTEXT('2D SPACE',''
  ) );
#711 = ADVANCED_FACE('',(#712),#100,.T.);
#712 = FACE_BOUND('',#713,.T.);
#713 = EDGE_LOOP('',(#714,#715,#716,#739));
#714 = ORIENTED_EDGE('',*,*,#84,.F.);
#715 = ORIENTED_EDGE('',*,*,#322,.T.);
#716 = ORIENTED_EDGE('',*,*,#717,.T.);
#717 = EDGE_CURVE('',#323,#718,#720,.T.);
#718 = VERTEX_POINT('',#719);
#719 = CARTESIAN_POINT('',(-11.,-13.79946755274,21.672542485937));
#720 = SURFACE_CURVE('',#721,(#725,#732),.PCURVE_S1.);
#721 = LINE('',#722,#723);
#722 = CARTESIAN_POINT('',(-11.,-16.,14.9));
#723 = VECTOR('',#724,1.);
#724 = DIRECTION('',(5.676550095651E-17,0.309016994375,0.951056516295));
#725 = PCURVE('',#100,#726);
#726 = DEFINITIONAL_REPRESENTATION('',(#727),#731);
#727 = LINE('',#728,#729);
#728 = CARTESIAN_POINT('',(-4.712388980385,-0.));
#729 = VECTOR('',#730,1.);
#730 = DIRECTION('',(-0.,-1.));
#731 = ( GEOMETRIC_REPRESENTATION_CONTEXT(2) 
PARAMETRIC_REPRESENTATION_CONTEXT() REPRESENTATION_CONTEXT('2D SPACE',''
  ) );
#732 = PCURVE('',#362,#733);
#733 = DEFINITIONAL_REPRESENTATION('',(#734),#738);
#734 = LINE('',#735,#736);
#735 = CARTESIAN_POINT('',(0.,-11.));
#736 = VECTOR('',#737,1.);
#737 = DIRECTION('',(1.,5.676550095651E-17));
#738 = ( GEOMETRIC_REPRESENTATION_CONTEXT(2) 
PARAMETRIC_REPRESENTATION_CONTEXT() REPRESENTATION_CONTEXT('2D SPACE',''
  ) );
#739 = ORIENTED_EDGE('',*,*,#740,.F.);
#740 = EDGE_CURVE('',#57,#718,#741,.T.);
#741 = SURFACE_CURVE('',#742,(#747,#754),.PCURVE_S1.);
#742 = CIRCLE('',#743,3.799467552745);
#743 = AXIS2_PLACEMENT_3D('',#744,#745,#746);
#744 = CARTESIAN_POINT('',(-11.,-10.,21.672542485937));
#745 = DIRECTION('',(0.,0.,1.));
#746 = DIRECTION('',(-1.,0.,0.));
#747 = PCURVE('',#100,#748);
#748 = DEFINITIONAL_REPRESENTATION('',(#749),#753);
#749 = LINE('',#750,#751);
#750 = CARTESIAN_POINT('',(-3.14159265359,-6.772542485937));
#751 = VECTOR('',#752,1.);
#752 = DIRECTION('',(-1.,-0.));
#753 = ( GEOMETRIC_REPRESENTATION_CONTEXT(2) 
PARAMETRIC_REPRESENTATION_CONTEXT() REPRESENTATION_CONTEXT('2D SPACE',''
  ) );
#754 = PCURVE('',#298,#755);
#755 = DEFINITIONAL_REPRESENTATION('',(#756),#760);
#756 = LINE('',#757,#758);
#757 = CARTESIAN_POINT('',(0.,0.314159265359));
#758 = VECTOR('',#759,1.);
#759 = DIRECTION('',(1.,0.));
#760 = ( GEOMETRIC_REPRESENTATION_CONTEXT(2) 
PARAMETRIC_REPRESENTATION_CONTEXT() REPRESENTATION_CONTEXT('2D SPACE',''
  ) );
#761 = ADVANCED_FACE('',(#762),#159,.F.);
#762 = FACE_BOUND('',#763,.F.);
#763 = EDGE_LOOP('',(#764,#787,#813,#814));
#764 = ORIENTED_EDGE('',*,*,#765,.T.);
#765 = EDGE_CURVE('',#432,#766,#768,.T.);
#766 = VERTEX_POINT('',#767);
#767 = CARTESIAN_POINT('',(11.,13.799467552745,21.672542485937));
#768 = SURFACE_CURVE('',#769,(#773,#780),.PCURVE_S1.);
#769 = LINE('',#770,#771);
#770 = CARTESIAN_POINT('',(11.,16.,14.9));
#771 = VECTOR('',#772,1.);
#772 = DIRECTION('',(-1.892183365217E-17,-0.309016994375,0.951056516295)
  );
#773 = PCURVE('',#159,#774);
#774 = DEFINITIONAL_REPRESENTATION('',(#775),#779);
#775 = LINE('',#776,#777);
#776 = CARTESIAN_POINT('',(0.,-11.));
#777 = VECTOR('',#778,1.);
#778 = DIRECTION('',(1.,1.892183365217E-17));
#779 = ( GEOMETRIC_REPRESENTATION_CONTEXT(2) 
PARAMETRIC_REPRESENTATION_CONTEXT() REPRESENTATION_CONTEXT('2D SPACE',''
  ) );
#780 = PCURVE('',#448,#781);
#781 = DEFINITIONAL_REPRESENTATION('',(#782),#786);
#782 = LINE('',#783,#784);
#783 = CARTESIAN_POINT('',(-1.570796326795,-0.));
#784 = VECTOR('',#785,1.);
#785 = DIRECTION('',(-0.,-1.));
#786 = ( GEOMETRIC_REPRESENTATION_CONTEXT(2) 
PARAMETRIC_REPRESENTATION_CONTEXT() REPRESENTATION_CONTEXT('2D SPACE',''
  ) );
#787 = ORIENTED_EDGE('',*,*,#788,.T.);
#788 = EDGE_CURVE('',#766,#144,#789,.T.);
#789 = SURFACE_CURVE('',#790,(#794,#801),.PCURVE_S1.);
#790 = LINE('',#791,#792);
#791 = CARTESIAN_POINT('',(11.,13.799467552745,21.672542485937));
#792 = VECTOR('',#793,1.);
#793 = DIRECTION('',(-1.,0.,0.));
#794 = PCURVE('',#159,#795);
#795 = DEFINITIONAL_REPRESENTATION('',(#796),#800);
#796 = LINE('',#797,#798);
#797 = CARTESIAN_POINT('',(7.121072586012,-11.));
#798 = VECTOR('',#799,1.);
#799 = DIRECTION('',(0.,1.));
#800 = ( GEOMETRIC_REPRESENTATION_CONTEXT(2) 
PARAMETRIC_REPRESENTATION_CONTEXT() REPRESENTATION_CONTEXT('2D SPACE',''
  ) );
#801 = PCURVE('',#802,#807);
#802 = CYLINDRICAL_SURFACE('',#803,2.5);
#803 = AXIS2_PLACEMENT_3D('',#804,#805,#806);
#804 = CARTESIAN_POINT('',(11.,11.421826262007,20.9));
#805 = DIRECTION('',(-1.,0.,0.));
#806 = DIRECTION('',(0.,0.951056516295,0.309016994375));
#807 = DEFINITIONAL_REPRESENTATION('',(#808),#812);
#808 = LINE('',#809,#810);
#809 = CARTESIAN_POINT('',(-0.,0.));
#810 = VECTOR('',#811,1.);
#811 = DIRECTION('',(-0.,1.));
#812 = ( GEOMETRIC_REPRESENTATION_CONTEXT(2) 
PARAMETRIC_REPRESENTATION_CONTEXT() REPRESENTATION_CONTEXT('2D SPACE',''
  ) );
#813 = ORIENTED_EDGE('',*,*,#141,.F.);
#814 = ORIENTED_EDGE('',*,*,#460,.T.);
#815 = ADVANCED_FACE('',(#816),#209,.T.);
#816 = FACE_BOUND('',#817,.T.);
#817 = EDGE_LOOP('',(#818,#842,#843,#844));
#818 = ORIENTED_EDGE('',*,*,#819,.F.);
#819 = EDGE_CURVE('',#144,#820,#822,.T.);
#820 = VERTEX_POINT('',#821);
#821 = CARTESIAN_POINT('',(-11.,11.421826262007,23.4));
#822 = SURFACE_CURVE('',#823,(#828,#835),.PCURVE_S1.);
#823 = CIRCLE('',#824,2.5);
#824 = AXIS2_PLACEMENT_3D('',#825,#826,#827);
#825 = CARTESIAN_POINT('',(-11.,11.421826262007,20.9));
#826 = DIRECTION('',(1.,0.,-0.));
#827 = DIRECTION('',(0.,0.951056516295,0.309016994375));
#828 = PCURVE('',#209,#829);
#829 = DEFINITIONAL_REPRESENTATION('',(#830),#834);
#830 = LINE('',#831,#832);
#831 = CARTESIAN_POINT('',(0.,0.314159265359));
#832 = VECTOR('',#833,1.);
#833 = DIRECTION('',(0.,1.));
#834 = ( GEOMETRIC_REPRESENTATION_CONTEXT(2) 
PARAMETRIC_REPRESENTATION_CONTEXT() REPRESENTATION_CONTEXT('2D SPACE',''
  ) );
#835 = PCURVE('',#802,#836);
#836 = DEFINITIONAL_REPRESENTATION('',(#837),#841);
#837 = LINE('',#838,#839);
#838 = CARTESIAN_POINT('',(-0.,22.));
#839 = VECTOR('',#840,1.);
#840 = DIRECTION('',(-1.,0.));
#841 = ( GEOMETRIC_REPRESENTATION_CONTEXT(2) 
PARAMETRIC_REPRESENTATION_CONTEXT() REPRESENTATION_CONTEXT('2D SPACE',''
  ) );
#842 = ORIENTED_EDGE('',*,*,#194,.T.);
#843 = ORIENTED_EDGE('',*,*,#231,.T.);
#844 = ORIENTED_EDGE('',*,*,#845,.F.);
#845 = EDGE_CURVE('',#820,#232,#846,.T.);
#846 = SURFACE_CURVE('',#847,(#852,#859),.PCURVE_S1.);
#847 = CIRCLE('',#848,1.421826262007);
#848 = AXIS2_PLACEMENT_3D('',#849,#850,#851);
#849 = CARTESIAN_POINT('',(-11.,10.,23.4));
#850 = DIRECTION('',(0.,-0.,1.));
#851 = DIRECTION('',(0.,1.,0.));
#852 = PCURVE('',#209,#853);
#853 = DEFINITIONAL_REPRESENTATION('',(#854),#858);
#854 = LINE('',#855,#856);
#855 = CARTESIAN_POINT('',(0.,1.570796326795));
#856 = VECTOR('',#857,1.);
#857 = DIRECTION('',(1.,0.));
#858 = ( GEOMETRIC_REPRESENTATION_CONTEXT(2) 
PARAMETRIC_REPRESENTATION_CONTEXT() REPRESENTATION_CONTEXT('2D SPACE',''
  ) );
#859 = PCURVE('',#271,#860);
#860 = DEFINITIONAL_REPRESENTATION('',(#861),#865);
#861 = CIRCLE('',#862,1.421826262007);
#862 = AXIS2_PLACEMENT_2D('',#863,#864);
#863 = CARTESIAN_POINT('',(-11.,10.));
#864 = DIRECTION('',(0.,1.));
#865 = ( GEOMETRIC_REPRESENTATION_CONTEXT(2) 
PARAMETRIC_REPRESENTATION_CONTEXT() REPRESENTATION_CONTEXT('2D SPACE',''
  ) );
#866 = ADVANCED_FACE('',(#867,#1044,#1158),#271,.T.);
#867 = FACE_BOUND('',#868,.T.);
#868 = EDGE_LOOP('',(#869,#870,#894,#922,#958,#986,#1022,#1043));
#869 = ORIENTED_EDGE('',*,*,#255,.T.);
#870 = ORIENTED_EDGE('',*,*,#871,.T.);
#871 = EDGE_CURVE('',#256,#872,#874,.T.);
#872 = VERTEX_POINT('',#873);
#873 = CARTESIAN_POINT('',(-11.,-11.421826262,23.4));
#874 = SURFACE_CURVE('',#875,(#880,#887),.PCURVE_S1.);
#875 = CIRCLE('',#876,1.421826262007);
#876 = AXIS2_PLACEMENT_3D('',#877,#878,#879);
#877 = CARTESIAN_POINT('',(-11.,-10.,23.4));
#878 = DIRECTION('',(0.,0.,1.));
#879 = DIRECTION('',(-1.,0.,0.));
#880 = PCURVE('',#271,#881);
#881 = DEFINITIONAL_REPRESENTATION('',(#882),#886);
#882 = CIRCLE('',#883,1.421826262007);
#883 = AXIS2_PLACEMENT_2D('',#884,#885);
#884 = CARTESIAN_POINT('',(-11.,-10.));
#885 = DIRECTION('',(-1.,0.));
#886 = ( GEOMETRIC_REPRESENTATION_CONTEXT(2) 
PARAMETRIC_REPRESENTATION_CONTEXT() REPRESENTATION_CONTEXT('2D SPACE',''
  ) );
#887 = PCURVE('',#298,#888);
#888 = DEFINITIONAL_REPRESENTATION('',(#889),#893);
#889 = LINE('',#890,#891);
#890 = CARTESIAN_POINT('',(0.,1.570796326795));
#891 = VECTOR('',#892,1.);
#892 = DIRECTION('',(1.,0.));
#893 = ( GEOMETRIC_REPRESENTATION_CONTEXT(2) 
PARAMETRIC_REPRESENTATION_CONTEXT() REPRESENTATION_CONTEXT('2D SPACE',''
  ) );
#894 = ORIENTED_EDGE('',*,*,#895,.T.);
#895 = EDGE_CURVE('',#872,#896,#898,.T.);
#896 = VERTEX_POINT('',#897);
#897 = CARTESIAN_POINT('',(11.,-11.421826262,23.4));
#898 = SURFACE_CURVE('',#899,(#903,#910),.PCURVE_S1.);
#899 = LINE('',#900,#901);
#900 = CARTESIAN_POINT('',(-11.,-11.421826262,23.4));
#901 = VECTOR('',#902,1.);
#902 = DIRECTION('',(1.,0.,0.));
#903 = PCURVE('',#271,#904);
#904 = DEFINITIONAL_REPRESENTATION('',(#905),#909);
#905 = LINE('',#906,#907);
#906 = CARTESIAN_POINT('',(-11.,-11.421826262));
#907 = VECTOR('',#908,1.);
#908 = DIRECTION('',(1.,0.));
#909 = ( GEOMETRIC_REPRESENTATION_CONTEXT(2) 
PARAMETRIC_REPRESENTATION_CONTEXT() REPRESENTATION_CONTEXT('2D SPACE',''
  ) );
#910 = PCURVE('',#911,#916);
#911 = CYLINDRICAL_SURFACE('',#912,2.5);
#912 = AXIS2_PLACEMENT_3D('',#913,#914,#915);
#913 = CARTESIAN_POINT('',(-11.,-11.421826262,20.9));
#914 = DIRECTION('',(1.,0.,0.));
#915 = DIRECTION('',(0.,-0.951056516295,0.309016994375));
#916 = DEFINITIONAL_REPRESENTATION('',(#917),#921);
#917 = LINE('',#918,#919);
#918 = CARTESIAN_POINT('',(-1.256637061436,0.));
#919 = VECTOR('',#920,1.);
#920 = DIRECTION('',(-0.,1.));
#921 = ( GEOMETRIC_REPRESENTATION_CONTEXT(2) 
PARAMETRIC_REPRESENTATION_CONTEXT() REPRESENTATION_CONTEXT('2D SPACE',''
  ) );
#922 = ORIENTED_EDGE('',*,*,#923,.T.);
#923 = EDGE_CURVE('',#896,#924,#926,.T.);
#924 = VERTEX_POINT('',#925);
#925 = CARTESIAN_POINT('',(12.421826262007,-10.,23.4));
#926 = SURFACE_CURVE('',#927,(#932,#939),.PCURVE_S1.);
#927 = CIRCLE('',#928,1.421826262007);
#928 = AXIS2_PLACEMENT_3D('',#929,#930,#931);
#929 = CARTESIAN_POINT('',(11.,-10.,23.4));
#930 = DIRECTION('',(0.,0.,1.));
#931 = DIRECTION('',(0.,-1.,0.));
#932 = PCURVE('',#271,#933);
#933 = DEFINITIONAL_REPRESENTATION('',(#934),#938);
#934 = CIRCLE('',#935,1.421826262007);
#935 = AXIS2_PLACEMENT_2D('',#936,#937);
#936 = CARTESIAN_POINT('',(11.,-10.));
#937 = DIRECTION('',(0.,-1.));
#938 = ( GEOMETRIC_REPRESENTATION_CONTEXT(2) 
PARAMETRIC_REPRESENTATION_CONTEXT() REPRESENTATION_CONTEXT('2D SPACE',''
  ) );
#939 = PCURVE('',#940,#952);
#940 = SURFACE_OF_REVOLUTION('',#941,#949);
#941 = B_SPLINE_CURVE_WITH_KNOTS('',6,(#942,#943,#944,#945,#946,#947,
    #948),.UNSPECIFIED.,.F.,.F.,(7,7),(0.314159265359,1.570796326795),
  .PIECEWISE_BEZIER_KNOTS.);
#942 = CARTESIAN_POINT('',(11.,-13.79946755274,21.672542485937));
#943 = CARTESIAN_POINT('',(11.,-13.63766663285,22.170514513394));
#944 = CARTESIAN_POINT('',(11.,-13.35072362711,22.627811658758));
#945 = CARTESIAN_POINT('',(11.,-12.95133305188,23.00518549282));
#946 = CARTESIAN_POINT('',(11.,-12.46901073277,23.268413573982));
#947 = CARTESIAN_POINT('',(11.,-11.9454250376,23.4));
#948 = CARTESIAN_POINT('',(11.,-11.421826262,23.4));
#949 = AXIS1_PLACEMENT('',#950,#951);
#950 = CARTESIAN_POINT('',(11.,-10.,20.9));
#951 = DIRECTION('',(0.,0.,1.));
#952 = DEFINITIONAL_REPRESENTATION('',(#953),#957);
#953 = LINE('',#954,#955);
#954 = CARTESIAN_POINT('',(0.,1.570796326795));
#955 = VECTOR('',#956,1.);
#956 = DIRECTION('',(1.,0.));
#957 = ( GEOMETRIC_REPRESENTATION_CONTEXT(2) 
PARAMETRIC_REPRESENTATION_CONTEXT() REPRESENTATION_CONTEXT('2D SPACE',''
  ) );
#958 = ORIENTED_EDGE('',*,*,#959,.T.);
#959 = EDGE_CURVE('',#924,#960,#962,.T.);
#960 = VERTEX_POINT('',#961);
#961 = CARTESIAN_POINT('',(12.421826262007,10.,23.4));
#962 = SURFACE_CURVE('',#963,(#967,#974),.PCURVE_S1.);
#963 = LINE('',#964,#965);
#964 = CARTESIAN_POINT('',(12.421826262007,-10.,23.4));
#965 = VECTOR('',#966,1.);
#966 = DIRECTION('',(0.,1.,0.));
#967 = PCURVE('',#271,#968);
#968 = DEFINITIONAL_REPRESENTATION('',(#969),#973);
#969 = LINE('',#970,#971);
#970 = CARTESIAN_POINT('',(12.421826262007,-10.));
#971 = VECTOR('',#972,1.);
#972 = DIRECTION('',(0.,1.));
#973 = ( GEOMETRIC_REPRESENTATION_CONTEXT(2) 
PARAMETRIC_REPRESENTATION_CONTEXT() REPRESENTATION_CONTEXT('2D SPACE',''
  ) );
#974 = PCURVE('',#975,#980);
#975 = CYLINDRICAL_SURFACE('',#976,2.5);
#976 = AXIS2_PLACEMENT_3D('',#977,#978,#979);
#977 = CARTESIAN_POINT('',(12.421826262007,-10.,20.9));
#978 = DIRECTION('',(0.,1.,0.));
#979 = DIRECTION('',(0.951056516295,-0.,0.309016994375));
#980 = DEFINITIONAL_REPRESENTATION('',(#981),#985);
#981 = LINE('',#982,#983);
#982 = CARTESIAN_POINT('',(-1.256637061436,0.));
#983 = VECTOR('',#984,1.);
#984 = DIRECTION('',(-0.,1.));
#985 = ( GEOMETRIC_REPRESENTATION_CONTEXT(2) 
PARAMETRIC_REPRESENTATION_CONTEXT() REPRESENTATION_CONTEXT('2D SPACE',''
  ) );
#986 = ORIENTED_EDGE('',*,*,#987,.T.);
#987 = EDGE_CURVE('',#960,#988,#990,.T.);
#988 = VERTEX_POINT('',#989);
#989 = CARTESIAN_POINT('',(11.,11.421826262007,23.4));
#990 = SURFACE_CURVE('',#991,(#996,#1003),.PCURVE_S1.);
#991 = CIRCLE('',#992,1.421826262007);
#992 = AXIS2_PLACEMENT_3D('',#993,#994,#995);
#993 = CARTESIAN_POINT('',(11.,10.,23.4));
#994 = DIRECTION('',(0.,0.,1.));
#995 = DIRECTION('',(1.,0.,-0.));
#996 = PCURVE('',#271,#997);
#997 = DEFINITIONAL_REPRESENTATION('',(#998),#1002);
#998 = CIRCLE('',#999,1.421826262007);
#999 = AXIS2_PLACEMENT_2D('',#1000,#1001);
#1000 = CARTESIAN_POINT('',(11.,10.));
#1001 = DIRECTION('',(1.,0.));
#1002 = ( GEOMETRIC_REPRESENTATION_CONTEXT(2) 
PARAMETRIC_REPRESENTATION_CONTEXT() REPRESENTATION_CONTEXT('2D SPACE',''
  ) );
#1003 = PCURVE('',#1004,#1016);
#1004 = SURFACE_OF_REVOLUTION('',#1005,#1013);
#1005 = B_SPLINE_CURVE_WITH_KNOTS('',6,(#1006,#1007,#1008,#1009,#1010,
    #1011,#1012),.UNSPECIFIED.,.F.,.F.,(7,7),(0.314159265359,
    1.570796326795),.PIECEWISE_BEZIER_KNOTS.);
#1006 = CARTESIAN_POINT('',(14.799467552745,10.,21.672542485937));
#1007 = CARTESIAN_POINT('',(14.637666632851,10.,22.170514513394));
#1008 = CARTESIAN_POINT('',(14.350723627111,10.,22.627811658758));
#1009 = CARTESIAN_POINT('',(13.951333051881,10.,23.00518549282));
#1010 = CARTESIAN_POINT('',(13.469010732777,10.,23.268413573982));
#1011 = CARTESIAN_POINT('',(12.945425037605,10.,23.4));
#1012 = CARTESIAN_POINT('',(12.421826262007,10.,23.4));
#1013 = AXIS1_PLACEMENT('',#1014,#1015);
#1014 = CARTESIAN_POINT('',(11.,10.,20.9));
#1015 = DIRECTION('',(0.,0.,1.));
#1016 = DEFINITIONAL_REPRESENTATION('',(#1017),#1021);
#1017 = LINE('',#1018,#1019);
#1018 = CARTESIAN_POINT('',(0.,1.570796326795));
#1019 = VECTOR('',#1020,1.);
#1020 = DIRECTION('',(1.,0.));
#1021 = ( GEOMETRIC_REPRESENTATION_CONTEXT(2) 
PARAMETRIC_REPRESENTATION_CONTEXT() REPRESENTATION_CONTEXT('2D SPACE',''
  ) );
#1022 = ORIENTED_EDGE('',*,*,#1023,.T.);
#1023 = EDGE_CURVE('',#988,#820,#1024,.T.);
#1024 = SURFACE_CURVE('',#1025,(#1029,#1036),.PCURVE_S1.);
#1025 = LINE('',#1026,#1027);
#1026 = CARTESIAN_POINT('',(11.,11.421826262007,23.4));
#1027 = VECTOR('',#1028,1.);
#1028 = DIRECTION('',(-1.,0.,0.));
#1029 = PCURVE('',#271,#1030);
#1030 = DEFINITIONAL_REPRESENTATION('',(#1031),#1035);
#1031 = LINE('',#1032,#1033);
#1032 = CARTESIAN_POINT('',(11.,11.421826262007));
#1033 = VECTOR('',#1034,1.);
#1034 = DIRECTION('',(-1.,0.));
#1035 = ( GEOMETRIC_REPRESENTATION_CONTEXT(2) 
PARAMETRIC_REPRESENTATION_CONTEXT() REPRESENTATION_CONTEXT('2D SPACE',''
  ) );
#1036 = PCURVE('',#802,#1037);
#1037 = DEFINITIONAL_REPRESENTATION('',(#1038),#1042);
#1038 = LINE('',#1039,#1040);
#1039 = CARTESIAN_POINT('',(-1.256637061436,0.));
#1040 = VECTOR('',#1041,1.);
#1041 = DIRECTION('',(-0.,1.));
#1042 = ( GEOMETRIC_REPRESENTATION_CONTEXT(2) 
PARAMETRIC_REPRESENTATION_CONTEXT() REPRESENTATION_CONTEXT('2D SPACE',''
  ) );
#1043 = ORIENTED_EDGE('',*,*,#845,.T.);
#1044 = FACE_BOUND('',#1045,.T.);
#1045 = EDGE_LOOP('',(#1046,#1076,#1104,#1132));
#1046 = ORIENTED_EDGE('',*,*,#1047,.T.);
#1047 = EDGE_CURVE('',#1048,#1050,#1052,.T.);
#1048 = VERTEX_POINT('',#1049);
#1049 = CARTESIAN_POINT('',(10.,-10.4,23.4));
#1050 = VERTEX_POINT('',#1051);
#1051 = CARTESIAN_POINT('',(-10.,-10.4,23.4));
#1052 = SURFACE_CURVE('',#1053,(#1057,#1064),.PCURVE_S1.);
#1053 = LINE('',#1054,#1055);
#1054 = CARTESIAN_POINT('',(-5.,-10.4,23.4));
#1055 = VECTOR('',#1056,1.);
#1056 = DIRECTION('',(-1.,0.,0.));
#1057 = PCURVE('',#271,#1058);
#1058 = DEFINITIONAL_REPRESENTATION('',(#1059),#1063);
#1059 = LINE('',#1060,#1061);
#1060 = CARTESIAN_POINT('',(-5.,-10.4));
#1061 = VECTOR('',#1062,1.);
#1062 = DIRECTION('',(-1.,0.));
#1063 = ( GEOMETRIC_REPRESENTATION_CONTEXT(2) 
PARAMETRIC_REPRESENTATION_CONTEXT() REPRESENTATION_CONTEXT('2D SPACE',''
  ) );
#1064 = PCURVE('',#1065,#1070);
#1065 = PLANE('',#1066);
#1066 = AXIS2_PLACEMENT_3D('',#1067,#1068,#1069);
#1067 = CARTESIAN_POINT('',(-10.,-10.4,23.2));
#1068 = DIRECTION('',(0.,1.,0.));
#1069 = DIRECTION('',(0.,0.,1.));
#1070 = DEFINITIONAL_REPRESENTATION('',(#1071),#1075);
#1071 = LINE('',#1072,#1073);
#1072 = CARTESIAN_POINT('',(0.2,5.));
#1073 = VECTOR('',#1074,1.);
#1074 = DIRECTION('',(0.,-1.));
#1075 = ( GEOMETRIC_REPRESENTATION_CONTEXT(2) 
PARAMETRIC_REPRESENTATION_CONTEXT() REPRESENTATION_CONTEXT('2D SPACE',''
  ) );
#1076 = ORIENTED_EDGE('',*,*,#1077,.T.);
#1077 = EDGE_CURVE('',#1050,#1078,#1080,.T.);
#1078 = VERTEX_POINT('',#1079);
#1079 = CARTESIAN_POINT('',(-10.,-8.8,23.4));
#1080 = SURFACE_CURVE('',#1081,(#1085,#1092),.PCURVE_S1.);
#1081 = LINE('',#1082,#1083);
#1082 = CARTESIAN_POINT('',(-10.,-5.2,23.4));
#1083 = VECTOR('',#1084,1.);
#1084 = DIRECTION('',(0.,1.,0.));
#1085 = PCURVE('',#271,#1086);
#1086 = DEFINITIONAL_REPRESENTATION('',(#1087),#1091);
#1087 = LINE('',#1088,#1089);
#1088 = CARTESIAN_POINT('',(-10.,-5.2));
#1089 = VECTOR('',#1090,1.);
#1090 = DIRECTION('',(0.,1.));
#1091 = ( GEOMETRIC_REPRESENTATION_CONTEXT(2) 
PARAMETRIC_REPRESENTATION_CONTEXT() REPRESENTATION_CONTEXT('2D SPACE',''
  ) );
#1092 = PCURVE('',#1093,#1098);
#1093 = PLANE('',#1094);
#1094 = AXIS2_PLACEMENT_3D('',#1095,#1096,#1097);
#1095 = CARTESIAN_POINT('',(-10.,-10.4,23.2));
#1096 = DIRECTION('',(1.,0.,0.));
#1097 = DIRECTION('',(0.,0.,1.));
#1098 = DEFINITIONAL_REPRESENTATION('',(#1099),#1103);
#1099 = LINE('',#1100,#1101);
#1100 = CARTESIAN_POINT('',(0.2,-5.2));
#1101 = VECTOR('',#1102,1.);
#1102 = DIRECTION('',(0.,-1.));
#1103 = ( GEOMETRIC_REPRESENTATION_CONTEXT(2) 
PARAMETRIC_REPRESENTATION_CONTEXT() REPRESENTATION_CONTEXT('2D SPACE',''
  ) );
#1104 = ORIENTED_EDGE('',*,*,#1105,.F.);
#1105 = EDGE_CURVE('',#1106,#1078,#1108,.T.);
#1106 = VERTEX_POINT('',#1107);
#1107 = CARTESIAN_POINT('',(10.,-8.8,23.4));
#1108 = SURFACE_CURVE('',#1109,(#1113,#1120),.PCURVE_S1.);
#1109 = LINE('',#1110,#1111);
#1110 = CARTESIAN_POINT('',(-5.,-8.8,23.4));
#1111 = VECTOR('',#1112,1.);
#1112 = DIRECTION('',(-1.,0.,0.));
#1113 = PCURVE('',#271,#1114);
#1114 = DEFINITIONAL_REPRESENTATION('',(#1115),#1119);
#1115 = LINE('',#1116,#1117);
#1116 = CARTESIAN_POINT('',(-5.,-8.8));
#1117 = VECTOR('',#1118,1.);
#1118 = DIRECTION('',(-1.,0.));
#1119 = ( GEOMETRIC_REPRESENTATION_CONTEXT(2) 
PARAMETRIC_REPRESENTATION_CONTEXT() REPRESENTATION_CONTEXT('2D SPACE',''
  ) );
#1120 = PCURVE('',#1121,#1126);
#1121 = PLANE('',#1122);
#1122 = AXIS2_PLACEMENT_3D('',#1123,#1124,#1125);
#1123 = CARTESIAN_POINT('',(-10.,-8.8,23.2));
#1124 = DIRECTION('',(0.,1.,0.));
#1125 = DIRECTION('',(0.,0.,1.));
#1126 = DEFINITIONAL_REPRESENTATION('',(#1127),#1131);
#1127 = LINE('',#1128,#1129);
#1128 = CARTESIAN_POINT('',(0.2,5.));
#1129 = VECTOR('',#1130,1.);
#1130 = DIRECTION('',(0.,-1.));
#1131 = ( GEOMETRIC_REPRESENTATION_CONTEXT(2) 
PARAMETRIC_REPRESENTATION_CONTEXT() REPRESENTATION_CONTEXT('2D SPACE',''
  ) );
#1132 = ORIENTED_EDGE('',*,*,#1133,.F.);
#1133 = EDGE_CURVE('',#1048,#1106,#1134,.T.);
#1134 = SURFACE_CURVE('',#1135,(#1139,#1146),.PCURVE_S1.);
#1135 = LINE('',#1136,#1137);
#1136 = CARTESIAN_POINT('',(10.,-5.2,23.4));
#1137 = VECTOR('',#1138,1.);
#1138 = DIRECTION('',(0.,1.,0.));
#1139 = PCURVE('',#271,#1140);
#1140 = DEFINITIONAL_REPRESENTATION('',(#1141),#1145);
#1141 = LINE('',#1142,#1143);
#1142 = CARTESIAN_POINT('',(10.,-5.2));
#1143 = VECTOR('',#1144,1.);
#1144 = DIRECTION('',(0.,1.));
#1145 = ( GEOMETRIC_REPRESENTATION_CONTEXT(2) 
PARAMETRIC_REPRESENTATION_CONTEXT() REPRESENTATION_CONTEXT('2D SPACE',''
  ) );
#1146 = PCURVE('',#1147,#1152);
#1147 = PLANE('',#1148);
#1148 = AXIS2_PLACEMENT_3D('',#1149,#1150,#1151);
#1149 = CARTESIAN_POINT('',(10.,-10.4,23.2));
#1150 = DIRECTION('',(1.,0.,0.));
#1151 = DIRECTION('',(0.,0.,1.));
#1152 = DEFINITIONAL_REPRESENTATION('',(#1153),#1157);
#1153 = LINE('',#1154,#1155);
#1154 = CARTESIAN_POINT('',(0.2,-5.2));
#1155 = VECTOR('',#1156,1.);
#1156 = DIRECTION('',(0.,-1.));
#1157 = ( GEOMETRIC_REPRESENTATION_CONTEXT(2) 
PARAMETRIC_REPRESENTATION_CONTEXT() REPRESENTATION_CONTEXT('2D SPACE',''
  ) );
#1158 = FACE_BOUND('',#1159,.T.);
#1159 = EDGE_LOOP('',(#1160,#1190,#1218,#1246));
#1160 = ORIENTED_EDGE('',*,*,#1161,.T.);
#1161 = EDGE_CURVE('',#1162,#1164,#1166,.T.);
#1162 = VERTEX_POINT('',#1163);
#1163 = CARTESIAN_POINT('',(10.,8.8,23.4));
#1164 = VERTEX_POINT('',#1165);
#1165 = CARTESIAN_POINT('',(-10.,8.8,23.4));
#1166 = SURFACE_CURVE('',#1167,(#1171,#1178),.PCURVE_S1.);
#1167 = LINE('',#1168,#1169);
#1168 = CARTESIAN_POINT('',(-5.,8.8,23.4));
#1169 = VECTOR('',#1170,1.);
#1170 = DIRECTION('',(-1.,0.,0.));
#1171 = PCURVE('',#271,#1172);
#1172 = DEFINITIONAL_REPRESENTATION('',(#1173),#1177);
#1173 = LINE('',#1174,#1175);
#1174 = CARTESIAN_POINT('',(-5.,8.8));
#1175 = VECTOR('',#1176,1.);
#1176 = DIRECTION('',(-1.,0.));
#1177 = ( GEOMETRIC_REPRESENTATION_CONTEXT(2) 
PARAMETRIC_REPRESENTATION_CONTEXT() REPRESENTATION_CONTEXT('2D SPACE',''
  ) );
#1178 = PCURVE('',#1179,#1184);
#1179 = PLANE('',#1180);
#1180 = AXIS2_PLACEMENT_3D('',#1181,#1182,#1183);
#1181 = CARTESIAN_POINT('',(-10.,8.8,23.2));
#1182 = DIRECTION('',(0.,1.,0.));
#1183 = DIRECTION('',(0.,0.,1.));
#1184 = DEFINITIONAL_REPRESENTATION('',(#1185),#1189);
#1185 = LINE('',#1186,#1187);
#1186 = CARTESIAN_POINT('',(0.2,5.));
#1187 = VECTOR('',#1188,1.);
#1188 = DIRECTION('',(0.,-1.));
#1189 = ( GEOMETRIC_REPRESENTATION_CONTEXT(2) 
PARAMETRIC_REPRESENTATION_CONTEXT() REPRESENTATION_CONTEXT('2D SPACE',''
  ) );
#1190 = ORIENTED_EDGE('',*,*,#1191,.T.);
#1191 = EDGE_CURVE('',#1164,#1192,#1194,.T.);
#1192 = VERTEX_POINT('',#1193);
#1193 = CARTESIAN_POINT('',(-10.,10.4,23.4));
#1194 = SURFACE_CURVE('',#1195,(#1199,#1206),.PCURVE_S1.);
#1195 = LINE('',#1196,#1197);
#1196 = CARTESIAN_POINT('',(-10.,4.4,23.4));
#1197 = VECTOR('',#1198,1.);
#1198 = DIRECTION('',(0.,1.,0.));
#1199 = PCURVE('',#271,#1200);
#1200 = DEFINITIONAL_REPRESENTATION('',(#1201),#1205);
#1201 = LINE('',#1202,#1203);
#1202 = CARTESIAN_POINT('',(-10.,4.4));
#1203 = VECTOR('',#1204,1.);
#1204 = DIRECTION('',(0.,1.));
#1205 = ( GEOMETRIC_REPRESENTATION_CONTEXT(2) 
PARAMETRIC_REPRESENTATION_CONTEXT() REPRESENTATION_CONTEXT('2D SPACE',''
  ) );
#1206 = PCURVE('',#1207,#1212);
#1207 = PLANE('',#1208);
#1208 = AXIS2_PLACEMENT_3D('',#1209,#1210,#1211);
#1209 = CARTESIAN_POINT('',(-10.,8.8,23.2));
#1210 = DIRECTION('',(1.,0.,0.));
#1211 = DIRECTION('',(0.,0.,1.));
#1212 = DEFINITIONAL_REPRESENTATION('',(#1213),#1217);
#1213 = LINE('',#1214,#1215);
#1214 = CARTESIAN_POINT('',(0.2,4.4));
#1215 = VECTOR('',#1216,1.);
#1216 = DIRECTION('',(0.,-1.));
#1217 = ( GEOMETRIC_REPRESENTATION_CONTEXT(2) 
PARAMETRIC_REPRESENTATION_CONTEXT() REPRESENTATION_CONTEXT('2D SPACE',''
  ) );
#1218 = ORIENTED_EDGE('',*,*,#1219,.F.);
#1219 = EDGE_CURVE('',#1220,#1192,#1222,.T.);
#1220 = VERTEX_POINT('',#1221);
#1221 = CARTESIAN_POINT('',(10.,10.4,23.4));
#1222 = SURFACE_CURVE('',#1223,(#1227,#1234),.PCURVE_S1.);
#1223 = LINE('',#1224,#1225);
#1224 = CARTESIAN_POINT('',(-5.,10.4,23.4));
#1225 = VECTOR('',#1226,1.);
#1226 = DIRECTION('',(-1.,0.,0.));
#1227 = PCURVE('',#271,#1228);
#1228 = DEFINITIONAL_REPRESENTATION('',(#1229),#1233);
#1229 = LINE('',#1230,#1231);
#1230 = CARTESIAN_POINT('',(-5.,10.4));
#1231 = VECTOR('',#1232,1.);
#1232 = DIRECTION('',(-1.,0.));
#1233 = ( GEOMETRIC_REPRESENTATION_CONTEXT(2) 
PARAMETRIC_REPRESENTATION_CONTEXT() REPRESENTATION_CONTEXT('2D SPACE',''
  ) );
#1234 = PCURVE('',#1235,#1240);
#1235 = PLANE('',#1236);
#1236 = AXIS2_PLACEMENT_3D('',#1237,#1238,#1239);
#1237 = CARTESIAN_POINT('',(-10.,10.4,23.2));
#1238 = DIRECTION('',(0.,1.,0.));
#1239 = DIRECTION('',(0.,0.,1.));
#1240 = DEFINITIONAL_REPRESENTATION('',(#1241),#1245);
#1241 = LINE('',#1242,#1243);
#1242 = CARTESIAN_POINT('',(0.2,5.));
#1243 = VECTOR('',#1244,1.);
#1244 = DIRECTION('',(0.,-1.));
#1245 = ( GEOMETRIC_REPRESENTATION_CONTEXT(2) 
PARAMETRIC_REPRESENTATION_CONTEXT() REPRESENTATION_CONTEXT('2D SPACE',''
  ) );
#1246 = ORIENTED_EDGE('',*,*,#1247,.F.);
#1247 = EDGE_CURVE('',#1162,#1220,#1248,.T.);
#1248 = SURFACE_CURVE('',#1249,(#1253,#1260),.PCURVE_S1.);
#1249 = LINE('',#1250,#1251);
#1250 = CARTESIAN_POINT('',(10.,4.4,23.4));
#1251 = VECTOR('',#1252,1.);
#1252 = DIRECTION('',(0.,1.,0.));
#1253 = PCURVE('',#271,#1254);
#1254 = DEFINITIONAL_REPRESENTATION('',(#1255),#1259);
#1255 = LINE('',#1256,#1257);
#1256 = CARTESIAN_POINT('',(10.,4.4));
#1257 = VECTOR('',#1258,1.);
#1258 = DIRECTION('',(0.,1.));
#1259 = ( GEOMETRIC_REPRESENTATION_CONTEXT(2) 
PARAMETRIC_REPRESENTATION_CONTEXT() REPRESENTATION_CONTEXT('2D SPACE',''
  ) );
#1260 = PCURVE('',#1261,#1266);
#1261 = PLANE('',#1262);
#1262 = AXIS2_PLACEMENT_3D('',#1263,#1264,#1265);
#1263 = CARTESIAN_POINT('',(10.,8.8,23.2));
#1264 = DIRECTION('',(1.,0.,0.));
#1265 = DIRECTION('',(0.,0.,1.));
#1266 = DEFINITIONAL_REPRESENTATION('',(#1267),#1271);
#1267 = LINE('',#1268,#1269);
#1268 = CARTESIAN_POINT('',(0.2,4.4));
#1269 = VECTOR('',#1270,1.);
#1270 = DIRECTION('',(0.,-1.));
#1271 = ( GEOMETRIC_REPRESENTATION_CONTEXT(2) 
PARAMETRIC_REPRESENTATION_CONTEXT() REPRESENTATION_CONTEXT('2D SPACE',''
  ) );
#1272 = ADVANCED_FACE('',(#1273),#298,.T.);
#1273 = FACE_BOUND('',#1274,.T.);
#1274 = EDGE_LOOP('',(#1275,#1276,#1277,#1299));
#1275 = ORIENTED_EDGE('',*,*,#283,.F.);
#1276 = ORIENTED_EDGE('',*,*,#740,.T.);
#1277 = ORIENTED_EDGE('',*,*,#1278,.T.);
#1278 = EDGE_CURVE('',#718,#872,#1279,.T.);
#1279 = SURFACE_CURVE('',#1280,(#1285,#1292),.PCURVE_S1.);
#1280 = CIRCLE('',#1281,2.5);
#1281 = AXIS2_PLACEMENT_3D('',#1282,#1283,#1284);
#1282 = CARTESIAN_POINT('',(-11.,-11.421826262,20.9));
#1283 = DIRECTION('',(-1.,6.123233995737E-17,0.));
#1284 = DIRECTION('',(-6.123233995737E-17,-1.,0.));
#1285 = PCURVE('',#298,#1286);
#1286 = DEFINITIONAL_REPRESENTATION('',(#1287),#1291);
#1287 = LINE('',#1288,#1289);
#1288 = CARTESIAN_POINT('',(1.570796326795,0.));
#1289 = VECTOR('',#1290,1.);
#1290 = DIRECTION('',(0.,1.));
#1291 = ( GEOMETRIC_REPRESENTATION_CONTEXT(2) 
PARAMETRIC_REPRESENTATION_CONTEXT() REPRESENTATION_CONTEXT('2D SPACE',''
  ) );
#1292 = PCURVE('',#911,#1293);
#1293 = DEFINITIONAL_REPRESENTATION('',(#1294),#1298);
#1294 = LINE('',#1295,#1296);
#1295 = CARTESIAN_POINT('',(0.314159265359,-0.));
#1296 = VECTOR('',#1297,1.);
#1297 = DIRECTION('',(-1.,0.));
#1298 = ( GEOMETRIC_REPRESENTATION_CONTEXT(2) 
PARAMETRIC_REPRESENTATION_CONTEXT() REPRESENTATION_CONTEXT('2D SPACE',''
  ) );
#1299 = ORIENTED_EDGE('',*,*,#871,.F.);
#1300 = ADVANCED_FACE('',(#1301),#362,.F.);
#1301 = FACE_BOUND('',#1302,.F.);
#1302 = EDGE_LOOP('',(#1303,#1326,#1327,#1328));
#1303 = ORIENTED_EDGE('',*,*,#1304,.F.);
#1304 = EDGE_CURVE('',#347,#1305,#1307,.T.);
#1305 = VERTEX_POINT('',#1306);
#1306 = CARTESIAN_POINT('',(11.,-13.79946755274,21.672542485937));
#1307 = SURFACE_CURVE('',#1308,(#1312,#1319),.PCURVE_S1.);
#1308 = LINE('',#1309,#1310);
#1309 = CARTESIAN_POINT('',(11.,-16.,14.9));
#1310 = VECTOR('',#1311,1.);
#1311 = DIRECTION('',(0.,0.309016994375,0.951056516295));
#1312 = PCURVE('',#362,#1313);
#1313 = DEFINITIONAL_REPRESENTATION('',(#1314),#1318);
#1314 = LINE('',#1315,#1316);
#1315 = CARTESIAN_POINT('',(0.,11.));
#1316 = VECTOR('',#1317,1.);
#1317 = DIRECTION('',(1.,0.));
#1318 = ( GEOMETRIC_REPRESENTATION_CONTEXT(2) 
PARAMETRIC_REPRESENTATION_CONTEXT() REPRESENTATION_CONTEXT('2D SPACE',''
  ) );
#1319 = PCURVE('',#391,#1320);
#1320 = DEFINITIONAL_REPRESENTATION('',(#1321),#1325);
#1321 = LINE('',#1322,#1323);
#1322 = CARTESIAN_POINT('',(-4.712388980385,-0.));
#1323 = VECTOR('',#1324,1.);
#1324 = DIRECTION('',(-0.,-1.));
#1325 = ( GEOMETRIC_REPRESENTATION_CONTEXT(2) 
PARAMETRIC_REPRESENTATION_CONTEXT() REPRESENTATION_CONTEXT('2D SPACE',''
  ) );
#1326 = ORIENTED_EDGE('',*,*,#346,.F.);
#1327 = ORIENTED_EDGE('',*,*,#717,.T.);
#1328 = ORIENTED_EDGE('',*,*,#1329,.T.);
#1329 = EDGE_CURVE('',#718,#1305,#1330,.T.);
#1330 = SURFACE_CURVE('',#1331,(#1335,#1342),.PCURVE_S1.);
#1331 = LINE('',#1332,#1333);
#1332 = CARTESIAN_POINT('',(-11.,-13.79946755274,21.672542485937));
#1333 = VECTOR('',#1334,1.);
#1334 = DIRECTION('',(1.,0.,0.));
#1335 = PCURVE('',#362,#1336);
#1336 = DEFINITIONAL_REPRESENTATION('',(#1337),#1341);
#1337 = LINE('',#1338,#1339);
#1338 = CARTESIAN_POINT('',(7.121072586012,-11.));
#1339 = VECTOR('',#1340,1.);
#1340 = DIRECTION('',(0.,1.));
#1341 = ( GEOMETRIC_REPRESENTATION_CONTEXT(2) 
PARAMETRIC_REPRESENTATION_CONTEXT() REPRESENTATION_CONTEXT('2D SPACE',''
  ) );
#1342 = PCURVE('',#911,#1343);
#1343 = DEFINITIONAL_REPRESENTATION('',(#1344),#1348);
#1344 = LINE('',#1345,#1346);
#1345 = CARTESIAN_POINT('',(-0.,0.));
#1346 = VECTOR('',#1347,1.);
#1347 = DIRECTION('',(-0.,1.));
#1348 = ( GEOMETRIC_REPRESENTATION_CONTEXT(2) 
PARAMETRIC_REPRESENTATION_CONTEXT() REPRESENTATION_CONTEXT('2D SPACE',''
  ) );
#1349 = ADVANCED_FACE('',(#1350),#391,.T.);
#1350 = FACE_BOUND('',#1351,.T.);
#1351 = EDGE_LOOP('',(#1352,#1353,#1354,#1377));
#1352 = ORIENTED_EDGE('',*,*,#1304,.F.);
#1353 = ORIENTED_EDGE('',*,*,#374,.T.);
#1354 = ORIENTED_EDGE('',*,*,#1355,.T.);
#1355 = EDGE_CURVE('',#375,#1356,#1358,.T.);
#1356 = VERTEX_POINT('',#1357);
#1357 = CARTESIAN_POINT('',(14.799467552745,-10.,21.672542485937));
#1358 = SURFACE_CURVE('',#1359,(#1363,#1370),.PCURVE_S1.);
#1359 = LINE('',#1360,#1361);
#1360 = CARTESIAN_POINT('',(17.,-10.,14.9));
#1361 = VECTOR('',#1362,1.);
#1362 = DIRECTION('',(-0.309016994375,7.568733460868E-17,0.951056516295)
  );
#1363 = PCURVE('',#391,#1364);
#1364 = DEFINITIONAL_REPRESENTATION('',(#1365),#1369);
#1365 = LINE('',#1366,#1367);
#1366 = CARTESIAN_POINT('',(-6.28318530718,-0.));
#1367 = VECTOR('',#1368,1.);
#1368 = DIRECTION('',(-0.,-1.));
#1369 = ( GEOMETRIC_REPRESENTATION_CONTEXT(2) 
PARAMETRIC_REPRESENTATION_CONTEXT() REPRESENTATION_CONTEXT('2D SPACE',''
  ) );
#1370 = PCURVE('',#419,#1371);
#1371 = DEFINITIONAL_REPRESENTATION('',(#1372),#1376);
#1372 = LINE('',#1373,#1374);
#1373 = CARTESIAN_POINT('',(0.,-10.));
#1374 = VECTOR('',#1375,1.);
#1375 = DIRECTION('',(1.,7.568733460868E-17));
#1376 = ( GEOMETRIC_REPRESENTATION_CONTEXT(2) 
PARAMETRIC_REPRESENTATION_CONTEXT() REPRESENTATION_CONTEXT('2D SPACE',''
  ) );
#1377 = ORIENTED_EDGE('',*,*,#1378,.F.);
#1378 = EDGE_CURVE('',#1305,#1356,#1379,.T.);
#1379 = SURFACE_CURVE('',#1380,(#1385,#1392),.PCURVE_S1.);
#1380 = CIRCLE('',#1381,3.799467552745);
#1381 = AXIS2_PLACEMENT_3D('',#1382,#1383,#1384);
#1382 = CARTESIAN_POINT('',(11.,-10.,21.672542485937));
#1383 = DIRECTION('',(0.,0.,1.));
#1384 = DIRECTION('',(0.,-1.,0.));
#1385 = PCURVE('',#391,#1386);
#1386 = DEFINITIONAL_REPRESENTATION('',(#1387),#1391);
#1387 = LINE('',#1388,#1389);
#1388 = CARTESIAN_POINT('',(-4.712388980385,-6.772542485937));
#1389 = VECTOR('',#1390,1.);
#1390 = DIRECTION('',(-1.,-0.));
#1391 = ( GEOMETRIC_REPRESENTATION_CONTEXT(2) 
PARAMETRIC_REPRESENTATION_CONTEXT() REPRESENTATION_CONTEXT('2D SPACE',''
  ) );
#1392 = PCURVE('',#940,#1393);
#1393 = DEFINITIONAL_REPRESENTATION('',(#1394),#1398);
#1394 = LINE('',#1395,#1396);
#1395 = CARTESIAN_POINT('',(0.,0.314159265359));
#1396 = VECTOR('',#1397,1.);
#1397 = DIRECTION('',(1.,0.));
#1398 = ( GEOMETRIC_REPRESENTATION_CONTEXT(2) 
PARAMETRIC_REPRESENTATION_CONTEXT() REPRESENTATION_CONTEXT('2D SPACE',''
  ) );
#1399 = ADVANCED_FACE('',(#1400),#419,.F.);
#1400 = FACE_BOUND('',#1401,.F.);
#1401 = EDGE_LOOP('',(#1402,#1403,#1426,#1454,#1482,#1510,#1533,#1554));
#1402 = ORIENTED_EDGE('',*,*,#1355,.T.);
#1403 = ORIENTED_EDGE('',*,*,#1404,.T.);
#1404 = EDGE_CURVE('',#1356,#1405,#1407,.T.);
#1405 = VERTEX_POINT('',#1406);
#1406 = CARTESIAN_POINT('',(14.799467552745,-5.,21.672542485937));
#1407 = SURFACE_CURVE('',#1408,(#1412,#1419),.PCURVE_S1.);
#1408 = LINE('',#1409,#1410);
#1409 = CARTESIAN_POINT('',(14.799467552745,-10.,21.672542485937));
#1410 = VECTOR('',#1411,1.);
#1411 = DIRECTION('',(0.,1.,0.));
#1412 = PCURVE('',#419,#1413);
#1413 = DEFINITIONAL_REPRESENTATION('',(#1414),#1418);
#1414 = LINE('',#1415,#1416);
#1415 = CARTESIAN_POINT('',(7.121072586012,-10.));
#1416 = VECTOR('',#1417,1.);
#1417 = DIRECTION('',(0.,1.));
#1418 = ( GEOMETRIC_REPRESENTATION_CONTEXT(2) 
PARAMETRIC_REPRESENTATION_CONTEXT() REPRESENTATION_CONTEXT('2D SPACE',''
  ) );
#1419 = PCURVE('',#975,#1420);
#1420 = DEFINITIONAL_REPRESENTATION('',(#1421),#1425);
#1421 = LINE('',#1422,#1423);
#1422 = CARTESIAN_POINT('',(-0.,0.));
#1423 = VECTOR('',#1424,1.);
#1424 = DIRECTION('',(-0.,1.));
#1425 = ( GEOMETRIC_REPRESENTATION_CONTEXT(2) 
PARAMETRIC_REPRESENTATION_CONTEXT() REPRESENTATION_CONTEXT('2D SPACE',''
  ) );
#1426 = ORIENTED_EDGE('',*,*,#1427,.T.);
#1427 = EDGE_CURVE('',#1405,#1428,#1430,.T.);
#1428 = VERTEX_POINT('',#1429);
#1429 = CARTESIAN_POINT('',(16.967508030377,-5.,15.));
#1430 = SURFACE_CURVE('',#1431,(#1435,#1442),.PCURVE_S1.);
#1431 = LINE('',#1432,#1433);
#1432 = CARTESIAN_POINT('',(15.622460917337,-5.,19.139629356527));
#1433 = VECTOR('',#1434,1.);
#1434 = DIRECTION('',(0.309016994375,0.,-0.951056516295));
#1435 = PCURVE('',#419,#1436);
#1436 = DEFINITIONAL_REPRESENTATION('',(#1437),#1441);
#1437 = LINE('',#1438,#1439);
#1438 = CARTESIAN_POINT('',(4.45781011316,-5.));
#1439 = VECTOR('',#1440,1.);
#1440 = DIRECTION('',(-1.,0.));
#1441 = ( GEOMETRIC_REPRESENTATION_CONTEXT(2) 
PARAMETRIC_REPRESENTATION_CONTEXT() REPRESENTATION_CONTEXT('2D SPACE',''
  ) );
#1442 = PCURVE('',#1443,#1448);
#1443 = PLANE('',#1444);
#1444 = AXIS2_PLACEMENT_3D('',#1445,#1446,#1447);
#1445 = CARTESIAN_POINT('',(10.,-5.,22.));
#1446 = DIRECTION('',(-0.,1.,0.));
#1447 = DIRECTION('',(0.,0.,-1.));
#1448 = DEFINITIONAL_REPRESENTATION('',(#1449),#1453);
#1449 = LINE('',#1450,#1451);
#1450 = CARTESIAN_POINT('',(2.860370643473,-5.622460917337));
#1451 = VECTOR('',#1452,1.);
#1452 = DIRECTION('',(0.951056516295,-0.309016994375));
#1453 = ( GEOMETRIC_REPRESENTATION_CONTEXT(2) 
PARAMETRIC_REPRESENTATION_CONTEXT() REPRESENTATION_CONTEXT('2D SPACE',''
  ) );
#1454 = ORIENTED_EDGE('',*,*,#1455,.T.);
#1455 = EDGE_CURVE('',#1428,#1456,#1458,.T.);
#1456 = VERTEX_POINT('',#1457);
#1457 = CARTESIAN_POINT('',(16.967508030377,5.,15.));
#1458 = SURFACE_CURVE('',#1459,(#1463,#1470),.PCURVE_S1.);
#1459 = LINE('',#1460,#1461);
#1460 = CARTESIAN_POINT('',(16.967508030377,-2.5,15.));
#1461 = VECTOR('',#1462,1.);
#1462 = DIRECTION('',(0.,1.,-0.));
#1463 = PCURVE('',#419,#1464);
#1464 = DEFINITIONAL_REPRESENTATION('',(#1465),#1469);
#1465 = LINE('',#1466,#1467);
#1466 = CARTESIAN_POINT('',(0.105146222424,-2.5));
#1467 = VECTOR('',#1468,1.);
#1468 = DIRECTION('',(0.,1.));
#1469 = ( GEOMETRIC_REPRESENTATION_CONTEXT(2) 
PARAMETRIC_REPRESENTATION_CONTEXT() REPRESENTATION_CONTEXT('2D SPACE',''
  ) );
#1470 = PCURVE('',#1471,#1476);
#1471 = PLANE('',#1472);
#1472 = AXIS2_PLACEMENT_3D('',#1473,#1474,#1475);
#1473 = CARTESIAN_POINT('',(10.,-5.,15.));
#1474 = DIRECTION('',(0.,0.,1.));
#1475 = DIRECTION('',(0.,1.,0.));
#1476 = DEFINITIONAL_REPRESENTATION('',(#1477),#1481);
#1477 = LINE('',#1478,#1479);
#1478 = CARTESIAN_POINT('',(2.5,-6.967508030377));
#1479 = VECTOR('',#1480,1.);
#1480 = DIRECTION('',(1.,0.));
#1481 = ( GEOMETRIC_REPRESENTATION_CONTEXT(2) 
PARAMETRIC_REPRESENTATION_CONTEXT() REPRESENTATION_CONTEXT('2D SPACE',''
  ) );
#1482 = ORIENTED_EDGE('',*,*,#1483,.T.);
#1483 = EDGE_CURVE('',#1456,#1484,#1486,.T.);
#1484 = VERTEX_POINT('',#1485);
#1485 = CARTESIAN_POINT('',(14.799467552745,5.,21.672542485937));
#1486 = SURFACE_CURVE('',#1487,(#1491,#1498),.PCURVE_S1.);
#1487 = LINE('',#1488,#1489);
#1488 = CARTESIAN_POINT('',(16.651085108849,5.,15.973849616371));
#1489 = VECTOR('',#1490,1.);
#1490 = DIRECTION('',(-0.309016994375,0.,0.951056516295));
#1491 = PCURVE('',#419,#1492);
#1492 = DEFINITIONAL_REPRESENTATION('',(#1493),#1497);
#1493 = LINE('',#1494,#1495);
#1494 = CARTESIAN_POINT('',(1.129112306127,5.));
#1495 = VECTOR('',#1496,1.);
#1496 = DIRECTION('',(1.,0.));
#1497 = ( GEOMETRIC_REPRESENTATION_CONTEXT(2) 
PARAMETRIC_REPRESENTATION_CONTEXT() REPRESENTATION_CONTEXT('2D SPACE',''
  ) );
#1498 = PCURVE('',#1499,#1504);
#1499 = PLANE('',#1500);
#1500 = AXIS2_PLACEMENT_3D('',#1501,#1502,#1503);
#1501 = CARTESIAN_POINT('',(10.,5.,15.));
#1502 = DIRECTION('',(0.,-1.,0.));
#1503 = DIRECTION('',(0.,0.,1.));
#1504 = DEFINITIONAL_REPRESENTATION('',(#1505),#1509);
#1505 = LINE('',#1506,#1507);
#1506 = CARTESIAN_POINT('',(0.973849616371,-6.651085108849));
#1507 = VECTOR('',#1508,1.);
#1508 = DIRECTION('',(0.951056516295,0.309016994375));
#1509 = ( GEOMETRIC_REPRESENTATION_CONTEXT(2) 
PARAMETRIC_REPRESENTATION_CONTEXT() REPRESENTATION_CONTEXT('2D SPACE',''
  ) );
#1510 = ORIENTED_EDGE('',*,*,#1511,.T.);
#1511 = EDGE_CURVE('',#1484,#1512,#1514,.T.);
#1512 = VERTEX_POINT('',#1513);
#1513 = CARTESIAN_POINT('',(14.799467552745,10.,21.672542485937));
#1514 = SURFACE_CURVE('',#1515,(#1519,#1526),.PCURVE_S1.);
#1515 = LINE('',#1516,#1517);
#1516 = CARTESIAN_POINT('',(14.799467552745,-10.,21.672542485937));
#1517 = VECTOR('',#1518,1.);
#1518 = DIRECTION('',(0.,1.,0.));
#1519 = PCURVE('',#419,#1520);
#1520 = DEFINITIONAL_REPRESENTATION('',(#1521),#1525);
#1521 = LINE('',#1522,#1523);
#1522 = CARTESIAN_POINT('',(7.121072586012,-10.));
#1523 = VECTOR('',#1524,1.);
#1524 = DIRECTION('',(0.,1.));
#1525 = ( GEOMETRIC_REPRESENTATION_CONTEXT(2) 
PARAMETRIC_REPRESENTATION_CONTEXT() REPRESENTATION_CONTEXT('2D SPACE',''
  ) );
#1526 = PCURVE('',#975,#1527);
#1527 = DEFINITIONAL_REPRESENTATION('',(#1528),#1532);
#1528 = LINE('',#1529,#1530);
#1529 = CARTESIAN_POINT('',(-0.,0.));
#1530 = VECTOR('',#1531,1.);
#1531 = DIRECTION('',(-0.,1.));
#1532 = ( GEOMETRIC_REPRESENTATION_CONTEXT(2) 
PARAMETRIC_REPRESENTATION_CONTEXT() REPRESENTATION_CONTEXT('2D SPACE',''
  ) );
#1533 = ORIENTED_EDGE('',*,*,#1534,.F.);
#1534 = EDGE_CURVE('',#404,#1512,#1535,.T.);
#1535 = SURFACE_CURVE('',#1536,(#1540,#1547),.PCURVE_S1.);
#1536 = LINE('',#1537,#1538);
#1537 = CARTESIAN_POINT('',(17.,10.,14.9));
#1538 = VECTOR('',#1539,1.);
#1539 = DIRECTION('',(-0.309016994375,0.,0.951056516295));
#1540 = PCURVE('',#419,#1541);
#1541 = DEFINITIONAL_REPRESENTATION('',(#1542),#1546);
#1542 = LINE('',#1543,#1544);
#1543 = CARTESIAN_POINT('',(0.,10.));
#1544 = VECTOR('',#1545,1.);
#1545 = DIRECTION('',(1.,0.));
#1546 = ( GEOMETRIC_REPRESENTATION_CONTEXT(2) 
PARAMETRIC_REPRESENTATION_CONTEXT() REPRESENTATION_CONTEXT('2D SPACE',''
  ) );
#1547 = PCURVE('',#448,#1548);
#1548 = DEFINITIONAL_REPRESENTATION('',(#1549),#1553);
#1549 = LINE('',#1550,#1551);
#1550 = CARTESIAN_POINT('',(-0.,-0.));
#1551 = VECTOR('',#1552,1.);
#1552 = DIRECTION('',(-0.,-1.));
#1553 = ( GEOMETRIC_REPRESENTATION_CONTEXT(2) 
PARAMETRIC_REPRESENTATION_CONTEXT() REPRESENTATION_CONTEXT('2D SPACE',''
  ) );
#1554 = ORIENTED_EDGE('',*,*,#403,.F.);
#1555 = ADVANCED_FACE('',(#1556),#448,.T.);
#1556 = FACE_BOUND('',#1557,.T.);
#1557 = EDGE_LOOP('',(#1558,#1559,#1560,#1561));
#1558 = ORIENTED_EDGE('',*,*,#1534,.F.);
#1559 = ORIENTED_EDGE('',*,*,#431,.T.);
#1560 = ORIENTED_EDGE('',*,*,#765,.T.);
#1561 = ORIENTED_EDGE('',*,*,#1562,.F.);
#1562 = EDGE_CURVE('',#1512,#766,#1563,.T.);
#1563 = SURFACE_CURVE('',#1564,(#1569,#1576),.PCURVE_S1.);
#1564 = CIRCLE('',#1565,3.799467552745);
#1565 = AXIS2_PLACEMENT_3D('',#1566,#1567,#1568);
#1566 = CARTESIAN_POINT('',(11.,10.,21.672542485937));
#1567 = DIRECTION('',(0.,0.,1.));
#1568 = DIRECTION('',(1.,0.,-0.));
#1569 = PCURVE('',#448,#1570);
#1570 = DEFINITIONAL_REPRESENTATION('',(#1571),#1575);
#1571 = LINE('',#1572,#1573);
#1572 = CARTESIAN_POINT('',(-0.,-6.772542485937));
#1573 = VECTOR('',#1574,1.);
#1574 = DIRECTION('',(-1.,-0.));
#1575 = ( GEOMETRIC_REPRESENTATION_CONTEXT(2) 
PARAMETRIC_REPRESENTATION_CONTEXT() REPRESENTATION_CONTEXT('2D SPACE',''
  ) );
#1576 = PCURVE('',#1004,#1577);
#1577 = DEFINITIONAL_REPRESENTATION('',(#1578),#1582);
#1578 = LINE('',#1579,#1580);
#1579 = CARTESIAN_POINT('',(0.,0.314159265359));
#1580 = VECTOR('',#1581,1.);
#1581 = DIRECTION('',(1.,0.));
#1582 = ( GEOMETRIC_REPRESENTATION_CONTEXT(2) 
PARAMETRIC_REPRESENTATION_CONTEXT() REPRESENTATION_CONTEXT('2D SPACE',''
  ) );
#1583 = ADVANCED_FACE('',(#1584),#503,.F.);
#1584 = FACE_BOUND('',#1585,.F.);
#1585 = EDGE_LOOP('',(#1586,#1625,#1646,#1647));
#1586 = ORIENTED_EDGE('',*,*,#1587,.F.);
#1587 = EDGE_CURVE('',#1588,#1590,#1592,.T.);
#1588 = VERTEX_POINT('',#1589);
#1589 = CARTESIAN_POINT('',(13.84841103645,10.,21.363525491562));
#1590 = VERTEX_POINT('',#1591);
#1591 = CARTESIAN_POINT('',(11.,12.84841103645,21.363525491562));
#1592 = SURFACE_CURVE('',#1593,(#1598,#1605),.PCURVE_S1.);
#1593 = CIRCLE('',#1594,2.84841103645);
#1594 = AXIS2_PLACEMENT_3D('',#1595,#1596,#1597);
#1595 = CARTESIAN_POINT('',(11.,10.,21.363525491562));
#1596 = DIRECTION('',(0.,0.,1.));
#1597 = DIRECTION('',(1.,0.,0.));
#1598 = PCURVE('',#503,#1599);
#1599 = DEFINITIONAL_REPRESENTATION('',(#1600),#1604);
#1600 = LINE('',#1601,#1602);
#1601 = CARTESIAN_POINT('',(-0.,-6.772542485937));
#1602 = VECTOR('',#1603,1.);
#1603 = DIRECTION('',(-1.,-0.));
#1604 = ( GEOMETRIC_REPRESENTATION_CONTEXT(2) 
PARAMETRIC_REPRESENTATION_CONTEXT() REPRESENTATION_CONTEXT('2D SPACE',''
  ) );
#1605 = PCURVE('',#1606,#1619);
#1606 = OFFSET_SURFACE('',#1607,-1.,.F.);
#1607 = SURFACE_OF_REVOLUTION('',#1608,#1616);
#1608 = B_SPLINE_CURVE_WITH_KNOTS('',6,(#1609,#1610,#1611,#1612,#1613,
    #1614,#1615),.UNSPECIFIED.,.F.,.F.,(7,7),(0.314159265359,
    1.570796326795),.PIECEWISE_BEZIER_KNOTS.);
#1609 = CARTESIAN_POINT('',(14.799467552745,10.,21.672542485937));
#1610 = CARTESIAN_POINT('',(14.637666632851,10.,22.170514513394));
#1611 = CARTESIAN_POINT('',(14.350723627111,10.,22.627811658758));
#1612 = CARTESIAN_POINT('',(13.951333051881,10.,23.00518549282));
#1613 = CARTESIAN_POINT('',(13.469010732777,10.,23.268413573982));
#1614 = CARTESIAN_POINT('',(12.945425037605,10.,23.4));
#1615 = CARTESIAN_POINT('',(12.421826262007,10.,23.4));
#1616 = AXIS1_PLACEMENT('',#1617,#1618);
#1617 = CARTESIAN_POINT('',(11.,10.,20.9));
#1618 = DIRECTION('',(0.,0.,1.));
#1619 = DEFINITIONAL_REPRESENTATION('',(#1620),#1624);
#1620 = LINE('',#1621,#1622);
#1621 = CARTESIAN_POINT('',(0.,0.314159265359));
#1622 = VECTOR('',#1623,1.);
#1623 = DIRECTION('',(1.,0.));
#1624 = ( GEOMETRIC_REPRESENTATION_CONTEXT(2) 
PARAMETRIC_REPRESENTATION_CONTEXT() REPRESENTATION_CONTEXT('2D SPACE',''
  ) );
#1625 = ORIENTED_EDGE('',*,*,#1626,.F.);
#1626 = EDGE_CURVE('',#485,#1588,#1627,.T.);
#1627 = SURFACE_CURVE('',#1628,(#1632,#1639),.PCURVE_S1.);
#1628 = LINE('',#1629,#1630);
#1629 = CARTESIAN_POINT('',(16.048943483705,10.,14.590983005625));
#1630 = VECTOR('',#1631,1.);
#1631 = DIRECTION('',(-0.309016994375,0.,0.951056516295));
#1632 = PCURVE('',#503,#1633);
#1633 = DEFINITIONAL_REPRESENTATION('',(#1634),#1638);
#1634 = LINE('',#1635,#1636);
#1635 = CARTESIAN_POINT('',(-0.,-0.));
#1636 = VECTOR('',#1637,1.);
#1637 = DIRECTION('',(-0.,-1.));
#1638 = ( GEOMETRIC_REPRESENTATION_CONTEXT(2) 
PARAMETRIC_REPRESENTATION_CONTEXT() REPRESENTATION_CONTEXT('2D SPACE',''
  ) );
#1639 = PCURVE('',#531,#1640);
#1640 = DEFINITIONAL_REPRESENTATION('',(#1641),#1645);
#1641 = LINE('',#1642,#1643);
#1642 = CARTESIAN_POINT('',(0.,10.));
#1643 = VECTOR('',#1644,1.);
#1644 = DIRECTION('',(1.,0.));
#1645 = ( GEOMETRIC_REPRESENTATION_CONTEXT(2) 
PARAMETRIC_REPRESENTATION_CONTEXT() REPRESENTATION_CONTEXT('2D SPACE',''
  ) );
#1646 = ORIENTED_EDGE('',*,*,#484,.T.);
#1647 = ORIENTED_EDGE('',*,*,#1648,.T.);
#1648 = EDGE_CURVE('',#487,#1590,#1649,.T.);
#1649 = SURFACE_CURVE('',#1650,(#1654,#1661),.PCURVE_S1.);
#1650 = LINE('',#1651,#1652);
#1651 = CARTESIAN_POINT('',(11.,15.048943483705,14.590983005625));
#1652 = VECTOR('',#1653,1.);
#1653 = DIRECTION('',(-1.892183365217E-17,-0.309016994375,0.951056516295
    ));
#1654 = PCURVE('',#503,#1655);
#1655 = DEFINITIONAL_REPRESENTATION('',(#1656),#1660);
#1656 = LINE('',#1657,#1658);
#1657 = CARTESIAN_POINT('',(-1.570796326795,-0.));
#1658 = VECTOR('',#1659,1.);
#1659 = DIRECTION('',(-0.,-1.));
#1660 = ( GEOMETRIC_REPRESENTATION_CONTEXT(2) 
PARAMETRIC_REPRESENTATION_CONTEXT() REPRESENTATION_CONTEXT('2D SPACE',''
  ) );
#1661 = PCURVE('',#700,#1662);
#1662 = DEFINITIONAL_REPRESENTATION('',(#1663),#1667);
#1663 = LINE('',#1664,#1665);
#1664 = CARTESIAN_POINT('',(0.,-11.));
#1665 = VECTOR('',#1666,1.);
#1666 = DIRECTION('',(1.,1.892183365217E-17));
#1667 = ( GEOMETRIC_REPRESENTATION_CONTEXT(2) 
PARAMETRIC_REPRESENTATION_CONTEXT() REPRESENTATION_CONTEXT('2D SPACE',''
  ) );
#1668 = ADVANCED_FACE('',(#1669),#531,.T.);
#1669 = FACE_BOUND('',#1670,.T.);
#1670 = EDGE_LOOP('',(#1671,#1694,#1722,#1745,#1768,#1791,#1812,#1813));
#1671 = ORIENTED_EDGE('',*,*,#1672,.T.);
#1672 = EDGE_CURVE('',#516,#1673,#1675,.T.);
#1673 = VERTEX_POINT('',#1674);
#1674 = CARTESIAN_POINT('',(13.84841103645,-10.,21.363525491562));
#1675 = SURFACE_CURVE('',#1676,(#1680,#1687),.PCURVE_S1.);
#1676 = LINE('',#1677,#1678);
#1677 = CARTESIAN_POINT('',(16.048943483705,-10.,14.590983005625));
#1678 = VECTOR('',#1679,1.);
#1679 = DIRECTION('',(-0.309016994375,7.568733460868E-17,0.951056516295)
  );
#1680 = PCURVE('',#531,#1681);
#1681 = DEFINITIONAL_REPRESENTATION('',(#1682),#1686);
#1682 = LINE('',#1683,#1684);
#1683 = CARTESIAN_POINT('',(0.,-10.));
#1684 = VECTOR('',#1685,1.);
#1685 = DIRECTION('',(1.,7.568733460868E-17));
#1686 = ( GEOMETRIC_REPRESENTATION_CONTEXT(2) 
PARAMETRIC_REPRESENTATION_CONTEXT() REPRESENTATION_CONTEXT('2D SPACE',''
  ) );
#1687 = PCURVE('',#560,#1688);
#1688 = DEFINITIONAL_REPRESENTATION('',(#1689),#1693);
#1689 = LINE('',#1690,#1691);
#1690 = CARTESIAN_POINT('',(-6.28318530718,-0.));
#1691 = VECTOR('',#1692,1.);
#1692 = DIRECTION('',(-0.,-1.));
#1693 = ( GEOMETRIC_REPRESENTATION_CONTEXT(2) 
PARAMETRIC_REPRESENTATION_CONTEXT() REPRESENTATION_CONTEXT('2D SPACE',''
  ) );
#1694 = ORIENTED_EDGE('',*,*,#1695,.T.);
#1695 = EDGE_CURVE('',#1673,#1696,#1698,.T.);
#1696 = VERTEX_POINT('',#1697);
#1697 = CARTESIAN_POINT('',(13.84841103645,-5.,21.363525491562));
#1698 = SURFACE_CURVE('',#1699,(#1703,#1710),.PCURVE_S1.);
#1699 = LINE('',#1700,#1701);
#1700 = CARTESIAN_POINT('',(13.84841103645,-10.,21.363525491562));
#1701 = VECTOR('',#1702,1.);
#1702 = DIRECTION('',(0.,1.,0.));
#1703 = PCURVE('',#531,#1704);
#1704 = DEFINITIONAL_REPRESENTATION('',(#1705),#1709);
#1705 = LINE('',#1706,#1707);
#1706 = CARTESIAN_POINT('',(7.121072586012,-10.));
#1707 = VECTOR('',#1708,1.);
#1708 = DIRECTION('',(0.,1.));
#1709 = ( GEOMETRIC_REPRESENTATION_CONTEXT(2) 
PARAMETRIC_REPRESENTATION_CONTEXT() REPRESENTATION_CONTEXT('2D SPACE',''
  ) );
#1710 = PCURVE('',#1711,#1716);
#1711 = CYLINDRICAL_SURFACE('',#1712,1.5);
#1712 = AXIS2_PLACEMENT_3D('',#1713,#1714,#1715);
#1713 = CARTESIAN_POINT('',(12.421826262007,-10.,20.9));
#1714 = DIRECTION('',(0.,1.,0.));
#1715 = DIRECTION('',(0.951056516295,-0.,0.309016994375));
#1716 = DEFINITIONAL_REPRESENTATION('',(#1717),#1721);
#1717 = LINE('',#1718,#1719);
#1718 = CARTESIAN_POINT('',(-0.,0.));
#1719 = VECTOR('',#1720,1.);
#1720 = DIRECTION('',(-0.,1.));
#1721 = ( GEOMETRIC_REPRESENTATION_CONTEXT(2) 
PARAMETRIC_REPRESENTATION_CONTEXT() REPRESENTATION_CONTEXT('2D SPACE',''
  ) );
#1722 = ORIENTED_EDGE('',*,*,#1723,.T.);
#1723 = EDGE_CURVE('',#1696,#1724,#1726,.T.);
#1724 = VERTEX_POINT('',#1725);
#1725 = CARTESIAN_POINT('',(15.916045806138,-5.,15.));
#1726 = SURFACE_CURVE('',#1727,(#1731,#1738),.PCURVE_S1.);
#1727 = LINE('',#1728,#1729);
#1728 = CARTESIAN_POINT('',(14.671404401042,-5.,18.830612362152));
#1729 = VECTOR('',#1730,1.);
#1730 = DIRECTION('',(0.309016994375,0.,-0.951056516295));
#1731 = PCURVE('',#531,#1732);
#1732 = DEFINITIONAL_REPRESENTATION('',(#1733),#1737);
#1733 = LINE('',#1734,#1735);
#1734 = CARTESIAN_POINT('',(4.45781011316,-5.));
#1735 = VECTOR('',#1736,1.);
#1736 = DIRECTION('',(-1.,0.));
#1737 = ( GEOMETRIC_REPRESENTATION_CONTEXT(2) 
PARAMETRIC_REPRESENTATION_CONTEXT() REPRESENTATION_CONTEXT('2D SPACE',''
  ) );
#1738 = PCURVE('',#1443,#1739);
#1739 = DEFINITIONAL_REPRESENTATION('',(#1740),#1744);
#1740 = LINE('',#1741,#1742);
#1741 = CARTESIAN_POINT('',(3.169387637848,-4.671404401042));
#1742 = VECTOR('',#1743,1.);
#1743 = DIRECTION('',(0.951056516295,-0.309016994375));
#1744 = ( GEOMETRIC_REPRESENTATION_CONTEXT(2) 
PARAMETRIC_REPRESENTATION_CONTEXT() REPRESENTATION_CONTEXT('2D SPACE',''
  ) );
#1745 = ORIENTED_EDGE('',*,*,#1746,.T.);
#1746 = EDGE_CURVE('',#1724,#1747,#1749,.T.);
#1747 = VERTEX_POINT('',#1748);
#1748 = CARTESIAN_POINT('',(15.916045806138,5.,15.));
#1749 = SURFACE_CURVE('',#1750,(#1754,#1761),.PCURVE_S1.);
#1750 = LINE('',#1751,#1752);
#1751 = CARTESIAN_POINT('',(15.916045806138,-2.5,15.));
#1752 = VECTOR('',#1753,1.);
#1753 = DIRECTION('',(0.,1.,-0.));
#1754 = PCURVE('',#531,#1755);
#1755 = DEFINITIONAL_REPRESENTATION('',(#1756),#1760);
#1756 = LINE('',#1757,#1758);
#1757 = CARTESIAN_POINT('',(0.430065918657,-2.5));
#1758 = VECTOR('',#1759,1.);
#1759 = DIRECTION('',(0.,1.));
#1760 = ( GEOMETRIC_REPRESENTATION_CONTEXT(2) 
PARAMETRIC_REPRESENTATION_CONTEXT() REPRESENTATION_CONTEXT('2D SPACE',''
  ) );
#1761 = PCURVE('',#1471,#1762);
#1762 = DEFINITIONAL_REPRESENTATION('',(#1763),#1767);
#1763 = LINE('',#1764,#1765);
#1764 = CARTESIAN_POINT('',(2.5,-5.916045806138));
#1765 = VECTOR('',#1766,1.);
#1766 = DIRECTION('',(1.,0.));
#1767 = ( GEOMETRIC_REPRESENTATION_CONTEXT(2) 
PARAMETRIC_REPRESENTATION_CONTEXT() REPRESENTATION_CONTEXT('2D SPACE',''
  ) );
#1768 = ORIENTED_EDGE('',*,*,#1769,.T.);
#1769 = EDGE_CURVE('',#1747,#1770,#1772,.T.);
#1770 = VERTEX_POINT('',#1771);
#1771 = CARTESIAN_POINT('',(13.84841103645,5.,21.363525491562));
#1772 = SURFACE_CURVE('',#1773,(#1777,#1784),.PCURVE_S1.);
#1773 = LINE('',#1774,#1775);
#1774 = CARTESIAN_POINT('',(15.700028592554,5.,15.664832621996));
#1775 = VECTOR('',#1776,1.);
#1776 = DIRECTION('',(-0.309016994375,0.,0.951056516295));
#1777 = PCURVE('',#531,#1778);
#1778 = DEFINITIONAL_REPRESENTATION('',(#1779),#1783);
#1779 = LINE('',#1780,#1781);
#1780 = CARTESIAN_POINT('',(1.129112306127,5.));
#1781 = VECTOR('',#1782,1.);
#1782 = DIRECTION('',(1.,0.));
#1783 = ( GEOMETRIC_REPRESENTATION_CONTEXT(2) 
PARAMETRIC_REPRESENTATION_CONTEXT() REPRESENTATION_CONTEXT('2D SPACE',''
  ) );
#1784 = PCURVE('',#1499,#1785);
#1785 = DEFINITIONAL_REPRESENTATION('',(#1786),#1790);
#1786 = LINE('',#1787,#1788);
#1787 = CARTESIAN_POINT('',(0.664832621996,-5.700028592554));
#1788 = VECTOR('',#1789,1.);
#1789 = DIRECTION('',(0.951056516295,0.309016994375));
#1790 = ( GEOMETRIC_REPRESENTATION_CONTEXT(2) 
PARAMETRIC_REPRESENTATION_CONTEXT() REPRESENTATION_CONTEXT('2D SPACE',''
  ) );
#1791 = ORIENTED_EDGE('',*,*,#1792,.T.);
#1792 = EDGE_CURVE('',#1770,#1588,#1793,.T.);
#1793 = SURFACE_CURVE('',#1794,(#1798,#1805),.PCURVE_S1.);
#1794 = LINE('',#1795,#1796);
#1795 = CARTESIAN_POINT('',(13.84841103645,-10.,21.363525491562));
#1796 = VECTOR('',#1797,1.);
#1797 = DIRECTION('',(0.,1.,0.));
#1798 = PCURVE('',#531,#1799);
#1799 = DEFINITIONAL_REPRESENTATION('',(#1800),#1804);
#1800 = LINE('',#1801,#1802);
#1801 = CARTESIAN_POINT('',(7.121072586012,-10.));
#1802 = VECTOR('',#1803,1.);
#1803 = DIRECTION('',(0.,1.));
#1804 = ( GEOMETRIC_REPRESENTATION_CONTEXT(2) 
PARAMETRIC_REPRESENTATION_CONTEXT() REPRESENTATION_CONTEXT('2D SPACE',''
  ) );
#1805 = PCURVE('',#1711,#1806);
#1806 = DEFINITIONAL_REPRESENTATION('',(#1807),#1811);
#1807 = LINE('',#1808,#1809);
#1808 = CARTESIAN_POINT('',(-0.,0.));
#1809 = VECTOR('',#1810,1.);
#1810 = DIRECTION('',(-0.,1.));
#1811 = ( GEOMETRIC_REPRESENTATION_CONTEXT(2) 
PARAMETRIC_REPRESENTATION_CONTEXT() REPRESENTATION_CONTEXT('2D SPACE',''
  ) );
#1812 = ORIENTED_EDGE('',*,*,#1626,.F.);
#1813 = ORIENTED_EDGE('',*,*,#515,.F.);
#1814 = ADVANCED_FACE('',(#1815),#560,.F.);
#1815 = FACE_BOUND('',#1816,.F.);
#1816 = EDGE_LOOP('',(#1817,#1854,#1875,#1876));
#1817 = ORIENTED_EDGE('',*,*,#1818,.F.);
#1818 = EDGE_CURVE('',#1819,#1673,#1821,.T.);
#1819 = VERTEX_POINT('',#1820);
#1820 = CARTESIAN_POINT('',(11.,-12.84841103645,21.363525491562));
#1821 = SURFACE_CURVE('',#1822,(#1827,#1834),.PCURVE_S1.);
#1822 = CIRCLE('',#1823,2.84841103645);
#1823 = AXIS2_PLACEMENT_3D('',#1824,#1825,#1826);
#1824 = CARTESIAN_POINT('',(11.,-10.,21.363525491562));
#1825 = DIRECTION('',(0.,0.,1.));
#1826 = DIRECTION('',(-2.22044604925E-16,-1.,0.));
#1827 = PCURVE('',#560,#1828);
#1828 = DEFINITIONAL_REPRESENTATION('',(#1829),#1833);
#1829 = LINE('',#1830,#1831);
#1830 = CARTESIAN_POINT('',(-4.712388980385,-6.772542485937));
#1831 = VECTOR('',#1832,1.);
#1832 = DIRECTION('',(-1.,-0.));
#1833 = ( GEOMETRIC_REPRESENTATION_CONTEXT(2) 
PARAMETRIC_REPRESENTATION_CONTEXT() REPRESENTATION_CONTEXT('2D SPACE',''
  ) );
#1834 = PCURVE('',#1835,#1848);
#1835 = OFFSET_SURFACE('',#1836,-1.,.F.);
#1836 = SURFACE_OF_REVOLUTION('',#1837,#1845);
#1837 = B_SPLINE_CURVE_WITH_KNOTS('',6,(#1838,#1839,#1840,#1841,#1842,
    #1843,#1844),.UNSPECIFIED.,.F.,.F.,(7,7),(0.314159265359,
    1.570796326795),.PIECEWISE_BEZIER_KNOTS.);
#1838 = CARTESIAN_POINT('',(11.,-13.79946755274,21.672542485937));
#1839 = CARTESIAN_POINT('',(11.,-13.63766663285,22.170514513394));
#1840 = CARTESIAN_POINT('',(11.,-13.35072362711,22.627811658758));
#1841 = CARTESIAN_POINT('',(11.,-12.95133305188,23.00518549282));
#1842 = CARTESIAN_POINT('',(11.,-12.46901073277,23.268413573982));
#1843 = CARTESIAN_POINT('',(11.,-11.9454250376,23.4));
#1844 = CARTESIAN_POINT('',(11.,-11.421826262,23.4));
#1845 = AXIS1_PLACEMENT('',#1846,#1847);
#1846 = CARTESIAN_POINT('',(11.,-10.,20.9));
#1847 = DIRECTION('',(0.,0.,1.));
#1848 = DEFINITIONAL_REPRESENTATION('',(#1849),#1853);
#1849 = LINE('',#1850,#1851);
#1850 = CARTESIAN_POINT('',(0.,0.314159265359));
#1851 = VECTOR('',#1852,1.);
#1852 = DIRECTION('',(1.,0.));
#1853 = ( GEOMETRIC_REPRESENTATION_CONTEXT(2) 
PARAMETRIC_REPRESENTATION_CONTEXT() REPRESENTATION_CONTEXT('2D SPACE',''
  ) );
#1854 = ORIENTED_EDGE('',*,*,#1855,.F.);
#1855 = EDGE_CURVE('',#544,#1819,#1856,.T.);
#1856 = SURFACE_CURVE('',#1857,(#1861,#1868),.PCURVE_S1.);
#1857 = LINE('',#1858,#1859);
#1858 = CARTESIAN_POINT('',(11.,-15.0489434837,14.590983005625));
#1859 = VECTOR('',#1860,1.);
#1860 = DIRECTION('',(5.676550095651E-17,0.309016994375,0.951056516295)
  );
#1861 = PCURVE('',#560,#1862);
#1862 = DEFINITIONAL_REPRESENTATION('',(#1863),#1867);
#1863 = LINE('',#1864,#1865);
#1864 = CARTESIAN_POINT('',(-4.712388980385,-0.));
#1865 = VECTOR('',#1866,1.);
#1866 = DIRECTION('',(-0.,-1.));
#1867 = ( GEOMETRIC_REPRESENTATION_CONTEXT(2) 
PARAMETRIC_REPRESENTATION_CONTEXT() REPRESENTATION_CONTEXT('2D SPACE',''
  ) );
#1868 = PCURVE('',#588,#1869);
#1869 = DEFINITIONAL_REPRESENTATION('',(#1870),#1874);
#1870 = LINE('',#1871,#1872);
#1871 = CARTESIAN_POINT('',(0.,11.));
#1872 = VECTOR('',#1873,1.);
#1873 = DIRECTION('',(1.,5.676550095651E-17));
#1874 = ( GEOMETRIC_REPRESENTATION_CONTEXT(2) 
PARAMETRIC_REPRESENTATION_CONTEXT() REPRESENTATION_CONTEXT('2D SPACE',''
  ) );
#1875 = ORIENTED_EDGE('',*,*,#543,.T.);
#1876 = ORIENTED_EDGE('',*,*,#1672,.T.);
#1877 = ADVANCED_FACE('',(#1878),#588,.T.);
#1878 = FACE_BOUND('',#1879,.T.);
#1879 = EDGE_LOOP('',(#1880,#1881,#1882,#1905));
#1880 = ORIENTED_EDGE('',*,*,#1855,.F.);
#1881 = ORIENTED_EDGE('',*,*,#572,.F.);
#1882 = ORIENTED_EDGE('',*,*,#1883,.T.);
#1883 = EDGE_CURVE('',#573,#1884,#1886,.T.);
#1884 = VERTEX_POINT('',#1885);
#1885 = CARTESIAN_POINT('',(-11.,-12.84841103645,21.363525491562));
#1886 = SURFACE_CURVE('',#1887,(#1891,#1898),.PCURVE_S1.);
#1887 = LINE('',#1888,#1889);
#1888 = CARTESIAN_POINT('',(-11.,-15.0489434837,14.590983005625));
#1889 = VECTOR('',#1890,1.);
#1890 = DIRECTION('',(5.676550095651E-17,0.309016994375,0.951056516295)
  );
#1891 = PCURVE('',#588,#1892);
#1892 = DEFINITIONAL_REPRESENTATION('',(#1893),#1897);
#1893 = LINE('',#1894,#1895);
#1894 = CARTESIAN_POINT('',(0.,-11.));
#1895 = VECTOR('',#1896,1.);
#1896 = DIRECTION('',(1.,5.676550095651E-17));
#1897 = ( GEOMETRIC_REPRESENTATION_CONTEXT(2) 
PARAMETRIC_REPRESENTATION_CONTEXT() REPRESENTATION_CONTEXT('2D SPACE',''
  ) );
#1898 = PCURVE('',#617,#1899);
#1899 = DEFINITIONAL_REPRESENTATION('',(#1900),#1904);
#1900 = LINE('',#1901,#1902);
#1901 = CARTESIAN_POINT('',(-4.712388980385,-0.));
#1902 = VECTOR('',#1903,1.);
#1903 = DIRECTION('',(-0.,-1.));
#1904 = ( GEOMETRIC_REPRESENTATION_CONTEXT(2) 
PARAMETRIC_REPRESENTATION_CONTEXT() REPRESENTATION_CONTEXT('2D SPACE',''
  ) );
#1905 = ORIENTED_EDGE('',*,*,#1906,.T.);
#1906 = EDGE_CURVE('',#1884,#1819,#1907,.T.);
#1907 = SURFACE_CURVE('',#1908,(#1912,#1919),.PCURVE_S1.);
#1908 = LINE('',#1909,#1910);
#1909 = CARTESIAN_POINT('',(-11.,-12.84841103645,21.363525491562));
#1910 = VECTOR('',#1911,1.);
#1911 = DIRECTION('',(1.,0.,0.));
#1912 = PCURVE('',#588,#1913);
#1913 = DEFINITIONAL_REPRESENTATION('',(#1914),#1918);
#1914 = LINE('',#1915,#1916);
#1915 = CARTESIAN_POINT('',(7.121072586012,-11.));
#1916 = VECTOR('',#1917,1.);
#1917 = DIRECTION('',(0.,1.));
#1918 = ( GEOMETRIC_REPRESENTATION_CONTEXT(2) 
PARAMETRIC_REPRESENTATION_CONTEXT() REPRESENTATION_CONTEXT('2D SPACE',''
  ) );
#1919 = PCURVE('',#1920,#1925);
#1920 = CYLINDRICAL_SURFACE('',#1921,1.5);
#1921 = AXIS2_PLACEMENT_3D('',#1922,#1923,#1924);
#1922 = CARTESIAN_POINT('',(-11.,-11.421826262,20.9));
#1923 = DIRECTION('',(1.,0.,0.));
#1924 = DIRECTION('',(0.,-0.951056516295,0.309016994375));
#1925 = DEFINITIONAL_REPRESENTATION('',(#1926),#1930);
#1926 = LINE('',#1927,#1928);
#1927 = CARTESIAN_POINT('',(-0.,0.));
#1928 = VECTOR('',#1929,1.);
#1929 = DIRECTION('',(-0.,1.));
#1930 = ( GEOMETRIC_REPRESENTATION_CONTEXT(2) 
PARAMETRIC_REPRESENTATION_CONTEXT() REPRESENTATION_CONTEXT('2D SPACE',''
  ) );
#1931 = ADVANCED_FACE('',(#1932),#617,.F.);
#1932 = FACE_BOUND('',#1933,.F.);
#1933 = EDGE_LOOP('',(#1934,#1971,#1992,#1993));
#1934 = ORIENTED_EDGE('',*,*,#1935,.F.);
#1935 = EDGE_CURVE('',#1936,#1884,#1938,.T.);
#1936 = VERTEX_POINT('',#1937);
#1937 = CARTESIAN_POINT('',(-13.84841103645,-10.,21.363525491562));
#1938 = SURFACE_CURVE('',#1939,(#1944,#1951),.PCURVE_S1.);
#1939 = CIRCLE('',#1940,2.84841103645);
#1940 = AXIS2_PLACEMENT_3D('',#1941,#1942,#1943);
#1941 = CARTESIAN_POINT('',(-11.,-10.,21.363525491562));
#1942 = DIRECTION('',(0.,0.,1.));
#1943 = DIRECTION('',(-1.,1.224646799147E-16,0.));
#1944 = PCURVE('',#617,#1945);
#1945 = DEFINITIONAL_REPRESENTATION('',(#1946),#1950);
#1946 = LINE('',#1947,#1948);
#1947 = CARTESIAN_POINT('',(-3.14159265359,-6.772542485937));
#1948 = VECTOR('',#1949,1.);
#1949 = DIRECTION('',(-1.,-0.));
#1950 = ( GEOMETRIC_REPRESENTATION_CONTEXT(2) 
PARAMETRIC_REPRESENTATION_CONTEXT() REPRESENTATION_CONTEXT('2D SPACE',''
  ) );
#1951 = PCURVE('',#1952,#1965);
#1952 = OFFSET_SURFACE('',#1953,-1.,.F.);
#1953 = SURFACE_OF_REVOLUTION('',#1954,#1962);
#1954 = B_SPLINE_CURVE_WITH_KNOTS('',6,(#1955,#1956,#1957,#1958,#1959,
    #1960,#1961),.UNSPECIFIED.,.F.,.F.,(7,7),(0.314159265359,
    1.570796326795),.PIECEWISE_BEZIER_KNOTS.);
#1955 = CARTESIAN_POINT('',(-14.79946755274,-10.,21.672542485937));
#1956 = CARTESIAN_POINT('',(-14.63766663285,-10.,22.170514513394));
#1957 = CARTESIAN_POINT('',(-14.35072362711,-10.,22.627811658758));
#1958 = CARTESIAN_POINT('',(-13.95133305188,-10.,23.00518549282));
#1959 = CARTESIAN_POINT('',(-13.46901073277,-10.,23.268413573982));
#1960 = CARTESIAN_POINT('',(-12.9454250376,-10.,23.4));
#1961 = CARTESIAN_POINT('',(-12.421826262,-10.,23.4));
#1962 = AXIS1_PLACEMENT('',#1963,#1964);
#1963 = CARTESIAN_POINT('',(-11.,-10.,20.9));
#1964 = DIRECTION('',(0.,0.,1.));
#1965 = DEFINITIONAL_REPRESENTATION('',(#1966),#1970);
#1966 = LINE('',#1967,#1968);
#1967 = CARTESIAN_POINT('',(0.,0.314159265359));
#1968 = VECTOR('',#1969,1.);
#1969 = DIRECTION('',(1.,0.));
#1970 = ( GEOMETRIC_REPRESENTATION_CONTEXT(2) 
PARAMETRIC_REPRESENTATION_CONTEXT() REPRESENTATION_CONTEXT('2D SPACE',''
  ) );
#1971 = ORIENTED_EDGE('',*,*,#1972,.F.);
#1972 = EDGE_CURVE('',#601,#1936,#1973,.T.);
#1973 = SURFACE_CURVE('',#1974,(#1978,#1985),.PCURVE_S1.);
#1974 = LINE('',#1975,#1976);
#1975 = CARTESIAN_POINT('',(-16.0489434837,-10.,14.590983005625));
#1976 = VECTOR('',#1977,1.);
#1977 = DIRECTION('',(0.309016994375,-3.784366730434E-17,0.951056516295)
  );
#1978 = PCURVE('',#617,#1979);
#1979 = DEFINITIONAL_REPRESENTATION('',(#1980),#1984);
#1980 = LINE('',#1981,#1982);
#1981 = CARTESIAN_POINT('',(-3.14159265359,-0.));
#1982 = VECTOR('',#1983,1.);
#1983 = DIRECTION('',(-0.,-1.));
#1984 = ( GEOMETRIC_REPRESENTATION_CONTEXT(2) 
PARAMETRIC_REPRESENTATION_CONTEXT() REPRESENTATION_CONTEXT('2D SPACE',''
  ) );
#1985 = PCURVE('',#645,#1986);
#1986 = DEFINITIONAL_REPRESENTATION('',(#1987),#1991);
#1987 = LINE('',#1988,#1989);
#1988 = CARTESIAN_POINT('',(0.,10.));
#1989 = VECTOR('',#1990,1.);
#1990 = DIRECTION('',(1.,3.784366730434E-17));
#1991 = ( GEOMETRIC_REPRESENTATION_CONTEXT(2) 
PARAMETRIC_REPRESENTATION_CONTEXT() REPRESENTATION_CONTEXT('2D SPACE',''
  ) );
#1992 = ORIENTED_EDGE('',*,*,#600,.T.);
#1993 = ORIENTED_EDGE('',*,*,#1883,.T.);
#1994 = ADVANCED_FACE('',(#1995),#645,.T.);
#1995 = FACE_BOUND('',#1996,.T.);
#1996 = EDGE_LOOP('',(#1997,#2020,#2046,#2047));
#1997 = ORIENTED_EDGE('',*,*,#1998,.T.);
#1998 = EDGE_CURVE('',#630,#1999,#2001,.T.);
#1999 = VERTEX_POINT('',#2000);
#2000 = CARTESIAN_POINT('',(-13.84841103645,10.,21.363525491562));
#2001 = SURFACE_CURVE('',#2002,(#2006,#2013),.PCURVE_S1.);
#2002 = LINE('',#2003,#2004);
#2003 = CARTESIAN_POINT('',(-16.0489434837,10.,14.590983005625));
#2004 = VECTOR('',#2005,1.);
#2005 = DIRECTION('',(0.309016994375,-3.784366730434E-17,0.951056516295)
  );
#2006 = PCURVE('',#645,#2007);
#2007 = DEFINITIONAL_REPRESENTATION('',(#2008),#2012);
#2008 = LINE('',#2009,#2010);
#2009 = CARTESIAN_POINT('',(0.,-10.));
#2010 = VECTOR('',#2011,1.);
#2011 = DIRECTION('',(1.,3.784366730434E-17));
#2012 = ( GEOMETRIC_REPRESENTATION_CONTEXT(2) 
PARAMETRIC_REPRESENTATION_CONTEXT() REPRESENTATION_CONTEXT('2D SPACE',''
  ) );
#2013 = PCURVE('',#674,#2014);
#2014 = DEFINITIONAL_REPRESENTATION('',(#2015),#2019);
#2015 = LINE('',#2016,#2017);
#2016 = CARTESIAN_POINT('',(-3.14159265359,-0.));
#2017 = VECTOR('',#2018,1.);
#2018 = DIRECTION('',(-0.,-1.));
#2019 = ( GEOMETRIC_REPRESENTATION_CONTEXT(2) 
PARAMETRIC_REPRESENTATION_CONTEXT() REPRESENTATION_CONTEXT('2D SPACE',''
  ) );
#2020 = ORIENTED_EDGE('',*,*,#2021,.T.);
#2021 = EDGE_CURVE('',#1999,#1936,#2022,.T.);
#2022 = SURFACE_CURVE('',#2023,(#2027,#2034),.PCURVE_S1.);
#2023 = LINE('',#2024,#2025);
#2024 = CARTESIAN_POINT('',(-13.84841103645,10.,21.363525491562));
#2025 = VECTOR('',#2026,1.);
#2026 = DIRECTION('',(0.,-1.,0.));
#2027 = PCURVE('',#645,#2028);
#2028 = DEFINITIONAL_REPRESENTATION('',(#2029),#2033);
#2029 = LINE('',#2030,#2031);
#2030 = CARTESIAN_POINT('',(7.121072586012,-10.));
#2031 = VECTOR('',#2032,1.);
#2032 = DIRECTION('',(0.,1.));
#2033 = ( GEOMETRIC_REPRESENTATION_CONTEXT(2) 
PARAMETRIC_REPRESENTATION_CONTEXT() REPRESENTATION_CONTEXT('2D SPACE',''
  ) );
#2034 = PCURVE('',#2035,#2040);
#2035 = CYLINDRICAL_SURFACE('',#2036,1.5);
#2036 = AXIS2_PLACEMENT_3D('',#2037,#2038,#2039);
#2037 = CARTESIAN_POINT('',(-12.421826262,10.,20.9));
#2038 = DIRECTION('',(0.,-1.,0.));
#2039 = DIRECTION('',(-0.951056516295,0.,0.309016994375));
#2040 = DEFINITIONAL_REPRESENTATION('',(#2041),#2045);
#2041 = LINE('',#2042,#2043);
#2042 = CARTESIAN_POINT('',(-0.,0.));
#2043 = VECTOR('',#2044,1.);
#2044 = DIRECTION('',(-0.,1.));
#2045 = ( GEOMETRIC_REPRESENTATION_CONTEXT(2) 
PARAMETRIC_REPRESENTATION_CONTEXT() REPRESENTATION_CONTEXT('2D SPACE',''
  ) );
#2046 = ORIENTED_EDGE('',*,*,#1972,.F.);
#2047 = ORIENTED_EDGE('',*,*,#629,.F.);
#2048 = ADVANCED_FACE('',(#2049),#674,.F.);
#2049 = FACE_BOUND('',#2050,.F.);
#2050 = EDGE_LOOP('',(#2051,#2074,#2075,#2076));
#2051 = ORIENTED_EDGE('',*,*,#2052,.F.);
#2052 = EDGE_CURVE('',#658,#2053,#2055,.T.);
#2053 = VERTEX_POINT('',#2054);
#2054 = CARTESIAN_POINT('',(-11.,12.84841103645,21.363525491562));
#2055 = SURFACE_CURVE('',#2056,(#2060,#2067),.PCURVE_S1.);
#2056 = LINE('',#2057,#2058);
#2057 = CARTESIAN_POINT('',(-11.,15.048943483705,14.590983005625));
#2058 = VECTOR('',#2059,1.);
#2059 = DIRECTION('',(-1.892183365217E-17,-0.309016994375,0.951056516295
    ));
#2060 = PCURVE('',#674,#2061);
#2061 = DEFINITIONAL_REPRESENTATION('',(#2062),#2066);
#2062 = LINE('',#2063,#2064);
#2063 = CARTESIAN_POINT('',(-1.570796326795,-0.));
#2064 = VECTOR('',#2065,1.);
#2065 = DIRECTION('',(-0.,-1.));
#2066 = ( GEOMETRIC_REPRESENTATION_CONTEXT(2) 
PARAMETRIC_REPRESENTATION_CONTEXT() REPRESENTATION_CONTEXT('2D SPACE',''
  ) );
#2067 = PCURVE('',#700,#2068);
#2068 = DEFINITIONAL_REPRESENTATION('',(#2069),#2073);
#2069 = LINE('',#2070,#2071);
#2070 = CARTESIAN_POINT('',(0.,11.));
#2071 = VECTOR('',#2072,1.);
#2072 = DIRECTION('',(1.,1.892183365217E-17));
#2073 = ( GEOMETRIC_REPRESENTATION_CONTEXT(2) 
PARAMETRIC_REPRESENTATION_CONTEXT() REPRESENTATION_CONTEXT('2D SPACE',''
  ) );
#2074 = ORIENTED_EDGE('',*,*,#657,.T.);
#2075 = ORIENTED_EDGE('',*,*,#1998,.T.);
#2076 = ORIENTED_EDGE('',*,*,#2077,.F.);
#2077 = EDGE_CURVE('',#2053,#1999,#2078,.T.);
#2078 = SURFACE_CURVE('',#2079,(#2084,#2091),.PCURVE_S1.);
#2079 = CIRCLE('',#2080,2.84841103645);
#2080 = AXIS2_PLACEMENT_3D('',#2081,#2082,#2083);
#2081 = CARTESIAN_POINT('',(-11.,10.,21.363525491562));
#2082 = DIRECTION('',(0.,-0.,1.));
#2083 = DIRECTION('',(1.110223024625E-16,1.,0.));
#2084 = PCURVE('',#674,#2085);
#2085 = DEFINITIONAL_REPRESENTATION('',(#2086),#2090);
#2086 = LINE('',#2087,#2088);
#2087 = CARTESIAN_POINT('',(-1.570796326795,-6.772542485937));
#2088 = VECTOR('',#2089,1.);
#2089 = DIRECTION('',(-1.,-0.));
#2090 = ( GEOMETRIC_REPRESENTATION_CONTEXT(2) 
PARAMETRIC_REPRESENTATION_CONTEXT() REPRESENTATION_CONTEXT('2D SPACE',''
  ) );
#2091 = PCURVE('',#2092,#2105);
#2092 = OFFSET_SURFACE('',#2093,-1.,.F.);
#2093 = SURFACE_OF_REVOLUTION('',#2094,#2102);
#2094 = B_SPLINE_CURVE_WITH_KNOTS('',6,(#2095,#2096,#2097,#2098,#2099,
    #2100,#2101),.UNSPECIFIED.,.F.,.F.,(7,7),(0.314159265359,
    1.570796326795),.PIECEWISE_BEZIER_KNOTS.);
#2095 = CARTESIAN_POINT('',(-11.,13.799467552745,21.672542485937));
#2096 = CARTESIAN_POINT('',(-11.,13.637666632851,22.170514513394));
#2097 = CARTESIAN_POINT('',(-11.,13.350723627111,22.627811658758));
#2098 = CARTESIAN_POINT('',(-11.,12.951333051881,23.00518549282));
#2099 = CARTESIAN_POINT('',(-11.,12.469010732777,23.268413573982));
#2100 = CARTESIAN_POINT('',(-11.,11.945425037605,23.4));
#2101 = CARTESIAN_POINT('',(-11.,11.421826262007,23.4));
#2102 = AXIS1_PLACEMENT('',#2103,#2104);
#2103 = CARTESIAN_POINT('',(-11.,10.,20.9));
#2104 = DIRECTION('',(0.,0.,1.));
#2105 = DEFINITIONAL_REPRESENTATION('',(#2106),#2110);
#2106 = LINE('',#2107,#2108);
#2107 = CARTESIAN_POINT('',(0.,0.314159265359));
#2108 = VECTOR('',#2109,1.);
#2109 = DIRECTION('',(1.,0.));
#2110 = ( GEOMETRIC_REPRESENTATION_CONTEXT(2) 
PARAMETRIC_REPRESENTATION_CONTEXT() REPRESENTATION_CONTEXT('2D SPACE',''
  ) );
#2111 = ADVANCED_FACE('',(#2112),#700,.T.);
#2112 = FACE_BOUND('',#2113,.T.);
#2113 = EDGE_LOOP('',(#2114,#2140,#2141,#2142));
#2114 = ORIENTED_EDGE('',*,*,#2115,.T.);
#2115 = EDGE_CURVE('',#1590,#2053,#2116,.T.);
#2116 = SURFACE_CURVE('',#2117,(#2121,#2128),.PCURVE_S1.);
#2117 = LINE('',#2118,#2119);
#2118 = CARTESIAN_POINT('',(11.,12.84841103645,21.363525491562));
#2119 = VECTOR('',#2120,1.);
#2120 = DIRECTION('',(-1.,0.,0.));
#2121 = PCURVE('',#700,#2122);
#2122 = DEFINITIONAL_REPRESENTATION('',(#2123),#2127);
#2123 = LINE('',#2124,#2125);
#2124 = CARTESIAN_POINT('',(7.121072586012,-11.));
#2125 = VECTOR('',#2126,1.);
#2126 = DIRECTION('',(0.,1.));
#2127 = ( GEOMETRIC_REPRESENTATION_CONTEXT(2) 
PARAMETRIC_REPRESENTATION_CONTEXT() REPRESENTATION_CONTEXT('2D SPACE',''
  ) );
#2128 = PCURVE('',#2129,#2134);
#2129 = CYLINDRICAL_SURFACE('',#2130,1.5);
#2130 = AXIS2_PLACEMENT_3D('',#2131,#2132,#2133);
#2131 = CARTESIAN_POINT('',(11.,11.421826262007,20.9));
#2132 = DIRECTION('',(-1.,0.,0.));
#2133 = DIRECTION('',(0.,0.951056516295,0.309016994375));
#2134 = DEFINITIONAL_REPRESENTATION('',(#2135),#2139);
#2135 = LINE('',#2136,#2137);
#2136 = CARTESIAN_POINT('',(-0.,0.));
#2137 = VECTOR('',#2138,1.);
#2138 = DIRECTION('',(-0.,1.));
#2139 = ( GEOMETRIC_REPRESENTATION_CONTEXT(2) 
PARAMETRIC_REPRESENTATION_CONTEXT() REPRESENTATION_CONTEXT('2D SPACE',''
  ) );
#2140 = ORIENTED_EDGE('',*,*,#2052,.F.);
#2141 = ORIENTED_EDGE('',*,*,#686,.F.);
#2142 = ORIENTED_EDGE('',*,*,#1648,.T.);
#2143 = ADVANCED_FACE('',(#2144),#802,.T.);
#2144 = FACE_BOUND('',#2145,.F.);
#2145 = EDGE_LOOP('',(#2146,#2168,#2169,#2170));
#2146 = ORIENTED_EDGE('',*,*,#2147,.T.);
#2147 = EDGE_CURVE('',#766,#988,#2148,.T.);
#2148 = SURFACE_CURVE('',#2149,(#2154,#2161),.PCURVE_S1.);
#2149 = CIRCLE('',#2150,2.5);
#2150 = AXIS2_PLACEMENT_3D('',#2151,#2152,#2153);
#2151 = CARTESIAN_POINT('',(11.,11.421826262007,20.9));
#2152 = DIRECTION('',(1.,-6.123233995737E-17,0.));
#2153 = DIRECTION('',(6.123233995737E-17,1.,0.));
#2154 = PCURVE('',#802,#2155);
#2155 = DEFINITIONAL_REPRESENTATION('',(#2156),#2160);
#2156 = LINE('',#2157,#2158);
#2157 = CARTESIAN_POINT('',(0.314159265359,-0.));
#2158 = VECTOR('',#2159,1.);
#2159 = DIRECTION('',(-1.,0.));
#2160 = ( GEOMETRIC_REPRESENTATION_CONTEXT(2) 
PARAMETRIC_REPRESENTATION_CONTEXT() REPRESENTATION_CONTEXT('2D SPACE',''
  ) );
#2161 = PCURVE('',#1004,#2162);
#2162 = DEFINITIONAL_REPRESENTATION('',(#2163),#2167);
#2163 = LINE('',#2164,#2165);
#2164 = CARTESIAN_POINT('',(1.570796326795,0.));
#2165 = VECTOR('',#2166,1.);
#2166 = DIRECTION('',(0.,1.));
#2167 = ( GEOMETRIC_REPRESENTATION_CONTEXT(2) 
PARAMETRIC_REPRESENTATION_CONTEXT() REPRESENTATION_CONTEXT('2D SPACE',''
  ) );
#2168 = ORIENTED_EDGE('',*,*,#1023,.T.);
#2169 = ORIENTED_EDGE('',*,*,#819,.F.);
#2170 = ORIENTED_EDGE('',*,*,#788,.F.);
#2171 = ADVANCED_FACE('',(#2172),#911,.T.);
#2172 = FACE_BOUND('',#2173,.F.);
#2173 = EDGE_LOOP('',(#2174,#2175,#2176,#2198));
#2174 = ORIENTED_EDGE('',*,*,#1278,.T.);
#2175 = ORIENTED_EDGE('',*,*,#895,.T.);
#2176 = ORIENTED_EDGE('',*,*,#2177,.F.);
#2177 = EDGE_CURVE('',#1305,#896,#2178,.T.);
#2178 = SURFACE_CURVE('',#2179,(#2184,#2191),.PCURVE_S1.);
#2179 = CIRCLE('',#2180,2.5);
#2180 = AXIS2_PLACEMENT_3D('',#2181,#2182,#2183);
#2181 = CARTESIAN_POINT('',(11.,-11.421826262,20.9));
#2182 = DIRECTION('',(-1.,-0.,0.));
#2183 = DIRECTION('',(0.,-0.951056516295,0.309016994375));
#2184 = PCURVE('',#911,#2185);
#2185 = DEFINITIONAL_REPRESENTATION('',(#2186),#2190);
#2186 = LINE('',#2187,#2188);
#2187 = CARTESIAN_POINT('',(-0.,22.));
#2188 = VECTOR('',#2189,1.);
#2189 = DIRECTION('',(-1.,0.));
#2190 = ( GEOMETRIC_REPRESENTATION_CONTEXT(2) 
PARAMETRIC_REPRESENTATION_CONTEXT() REPRESENTATION_CONTEXT('2D SPACE',''
  ) );
#2191 = PCURVE('',#940,#2192);
#2192 = DEFINITIONAL_REPRESENTATION('',(#2193),#2197);
#2193 = LINE('',#2194,#2195);
#2194 = CARTESIAN_POINT('',(0.,0.314159265359));
#2195 = VECTOR('',#2196,1.);
#2196 = DIRECTION('',(0.,1.));
#2197 = ( GEOMETRIC_REPRESENTATION_CONTEXT(2) 
PARAMETRIC_REPRESENTATION_CONTEXT() REPRESENTATION_CONTEXT('2D SPACE',''
  ) );
#2198 = ORIENTED_EDGE('',*,*,#1329,.F.);
#2199 = ADVANCED_FACE('',(#2200),#1004,.T.);
#2200 = FACE_BOUND('',#2201,.T.);
#2201 = EDGE_LOOP('',(#2202,#2224,#2225,#2226));
#2202 = ORIENTED_EDGE('',*,*,#2203,.F.);
#2203 = EDGE_CURVE('',#1512,#960,#2204,.T.);
#2204 = SURFACE_CURVE('',#2205,(#2210,#2217),.PCURVE_S1.);
#2205 = CIRCLE('',#2206,2.5);
#2206 = AXIS2_PLACEMENT_3D('',#2207,#2208,#2209);
#2207 = CARTESIAN_POINT('',(12.421826262007,10.,20.9));
#2208 = DIRECTION('',(-0.,-1.,0.));
#2209 = DIRECTION('',(0.951056516295,-0.,0.309016994375));
#2210 = PCURVE('',#1004,#2211);
#2211 = DEFINITIONAL_REPRESENTATION('',(#2212),#2216);
#2212 = LINE('',#2213,#2214);
#2213 = CARTESIAN_POINT('',(0.,0.314159265359));
#2214 = VECTOR('',#2215,1.);
#2215 = DIRECTION('',(0.,1.));
#2216 = ( GEOMETRIC_REPRESENTATION_CONTEXT(2) 
PARAMETRIC_REPRESENTATION_CONTEXT() REPRESENTATION_CONTEXT('2D SPACE',''
  ) );
#2217 = PCURVE('',#975,#2218);
#2218 = DEFINITIONAL_REPRESENTATION('',(#2219),#2223);
#2219 = LINE('',#2220,#2221);
#2220 = CARTESIAN_POINT('',(-0.,20.));
#2221 = VECTOR('',#2222,1.);
#2222 = DIRECTION('',(-1.,0.));
#2223 = ( GEOMETRIC_REPRESENTATION_CONTEXT(2) 
PARAMETRIC_REPRESENTATION_CONTEXT() REPRESENTATION_CONTEXT('2D SPACE',''
  ) );
#2224 = ORIENTED_EDGE('',*,*,#1562,.T.);
#2225 = ORIENTED_EDGE('',*,*,#2147,.T.);
#2226 = ORIENTED_EDGE('',*,*,#987,.F.);
#2227 = ADVANCED_FACE('',(#2228),#940,.T.);
#2228 = FACE_BOUND('',#2229,.T.);
#2229 = EDGE_LOOP('',(#2230,#2231,#2232,#2254));
#2230 = ORIENTED_EDGE('',*,*,#2177,.F.);
#2231 = ORIENTED_EDGE('',*,*,#1378,.T.);
#2232 = ORIENTED_EDGE('',*,*,#2233,.T.);
#2233 = EDGE_CURVE('',#1356,#924,#2234,.T.);
#2234 = SURFACE_CURVE('',#2235,(#2240,#2247),.PCURVE_S1.);
#2235 = CIRCLE('',#2236,2.5);
#2236 = AXIS2_PLACEMENT_3D('',#2237,#2238,#2239);
#2237 = CARTESIAN_POINT('',(12.421826262007,-10.,20.9));
#2238 = DIRECTION('',(-6.123233995737E-17,-1.,0.));
#2239 = DIRECTION('',(1.,-6.123233995737E-17,0.));
#2240 = PCURVE('',#940,#2241);
#2241 = DEFINITIONAL_REPRESENTATION('',(#2242),#2246);
#2242 = LINE('',#2243,#2244);
#2243 = CARTESIAN_POINT('',(1.570796326795,0.));
#2244 = VECTOR('',#2245,1.);
#2245 = DIRECTION('',(0.,1.));
#2246 = ( GEOMETRIC_REPRESENTATION_CONTEXT(2) 
PARAMETRIC_REPRESENTATION_CONTEXT() REPRESENTATION_CONTEXT('2D SPACE',''
  ) );
#2247 = PCURVE('',#975,#2248);
#2248 = DEFINITIONAL_REPRESENTATION('',(#2249),#2253);
#2249 = LINE('',#2250,#2251);
#2250 = CARTESIAN_POINT('',(0.314159265359,-0.));
#2251 = VECTOR('',#2252,1.);
#2252 = DIRECTION('',(-1.,0.));
#2253 = ( GEOMETRIC_REPRESENTATION_CONTEXT(2) 
PARAMETRIC_REPRESENTATION_CONTEXT() REPRESENTATION_CONTEXT('2D SPACE',''
  ) );
#2254 = ORIENTED_EDGE('',*,*,#923,.F.);
#2255 = ADVANCED_FACE('',(#2256),#975,.T.);
#2256 = FACE_BOUND('',#2257,.F.);
#2257 = EDGE_LOOP('',(#2258,#2259,#2260,#2261,#2262,#2263,#2291,#2319));
#2258 = ORIENTED_EDGE('',*,*,#1404,.F.);
#2259 = ORIENTED_EDGE('',*,*,#2233,.T.);
#2260 = ORIENTED_EDGE('',*,*,#959,.T.);
#2261 = ORIENTED_EDGE('',*,*,#2203,.F.);
#2262 = ORIENTED_EDGE('',*,*,#1511,.F.);
#2263 = ORIENTED_EDGE('',*,*,#2264,.F.);
#2264 = EDGE_CURVE('',#2265,#1484,#2267,.T.);
#2265 = VERTEX_POINT('',#2266);
#2266 = CARTESIAN_POINT('',(14.666820694071,5.,22.));
#2267 = SURFACE_CURVE('',#2268,(#2273,#2280),.PCURVE_S1.);
#2268 = CIRCLE('',#2269,2.5);
#2269 = AXIS2_PLACEMENT_3D('',#2270,#2271,#2272);
#2270 = CARTESIAN_POINT('',(12.421826262007,5.,20.9));
#2271 = DIRECTION('',(0.,1.,0.));
#2272 = DIRECTION('',(0.951056516295,-0.,0.309016994375));
#2273 = PCURVE('',#975,#2274);
#2274 = DEFINITIONAL_REPRESENTATION('',(#2275),#2279);
#2275 = LINE('',#2276,#2277);
#2276 = CARTESIAN_POINT('',(-6.28318530718,15.));
#2277 = VECTOR('',#2278,1.);
#2278 = DIRECTION('',(1.,-0.));
#2279 = ( GEOMETRIC_REPRESENTATION_CONTEXT(2) 
PARAMETRIC_REPRESENTATION_CONTEXT() REPRESENTATION_CONTEXT('2D SPACE',''
  ) );
#2280 = PCURVE('',#1499,#2281);
#2281 = DEFINITIONAL_REPRESENTATION('',(#2282),#2290);
#2282 = ( BOUNDED_CURVE() B_SPLINE_CURVE(2,(#2283,#2284,#2285,#2286,
#2287,#2288,#2289),.UNSPECIFIED.,.T.,.F.) B_SPLINE_CURVE_WITH_KNOTS((1,2
    ,2,2,2,1),(-2.094395102393,0.,2.094395102393,4.188790204786,
6.28318530718,8.377580409573),.UNSPECIFIED.) CURVE() 
GEOMETRIC_REPRESENTATION_ITEM() RATIONAL_B_SPLINE_CURVE((1.,0.5,1.,0.5,
1.,0.5,1.)) REPRESENTATION_ITEM('') );
#2283 = CARTESIAN_POINT('',(6.672542485937,-4.799467552745));
#2284 = CARTESIAN_POINT('',(2.554346968206,-6.137550389394));
#2285 = CARTESIAN_POINT('',(3.454630998165,-1.902047034962));
#2286 = CARTESIAN_POINT('',(4.354915028125,2.333456319469));
#2287 = CARTESIAN_POINT('',(7.572826515897,-0.563964198313));
#2288 = CARTESIAN_POINT('',(10.790738003669,-3.461384716096));
#2289 = CARTESIAN_POINT('',(6.672542485937,-4.799467552745));
#2290 = ( GEOMETRIC_REPRESENTATION_CONTEXT(2) 
PARAMETRIC_REPRESENTATION_CONTEXT() REPRESENTATION_CONTEXT('2D SPACE',''
  ) );
#2291 = ORIENTED_EDGE('',*,*,#2292,.F.);
#2292 = EDGE_CURVE('',#2293,#2265,#2295,.T.);
#2293 = VERTEX_POINT('',#2294);
#2294 = CARTESIAN_POINT('',(14.666820694071,-5.,22.));
#2295 = SURFACE_CURVE('',#2296,(#2300,#2307),.PCURVE_S1.);
#2296 = LINE('',#2297,#2298);
#2297 = CARTESIAN_POINT('',(14.666820694071,-10.,22.));
#2298 = VECTOR('',#2299,1.);
#2299 = DIRECTION('',(0.,1.,0.));
#2300 = PCURVE('',#975,#2301);
#2301 = DEFINITIONAL_REPRESENTATION('',(#2302),#2306);
#2302 = LINE('',#2303,#2304);
#2303 = CARTESIAN_POINT('',(-0.141439408037,0.));
#2304 = VECTOR('',#2305,1.);
#2305 = DIRECTION('',(-0.,1.));
#2306 = ( GEOMETRIC_REPRESENTATION_CONTEXT(2) 
PARAMETRIC_REPRESENTATION_CONTEXT() REPRESENTATION_CONTEXT('2D SPACE',''
  ) );
#2307 = PCURVE('',#2308,#2313);
#2308 = PLANE('',#2309);
#2309 = AXIS2_PLACEMENT_3D('',#2310,#2311,#2312);
#2310 = CARTESIAN_POINT('',(10.,5.,22.));
#2311 = DIRECTION('',(0.,0.,-1.));
#2312 = DIRECTION('',(0.,-1.,0.));
#2313 = DEFINITIONAL_REPRESENTATION('',(#2314),#2318);
#2314 = LINE('',#2315,#2316);
#2315 = CARTESIAN_POINT('',(15.,-4.666820694071));
#2316 = VECTOR('',#2317,1.);
#2317 = DIRECTION('',(-1.,-0.));
#2318 = ( GEOMETRIC_REPRESENTATION_CONTEXT(2) 
PARAMETRIC_REPRESENTATION_CONTEXT() REPRESENTATION_CONTEXT('2D SPACE',''
  ) );
#2319 = ORIENTED_EDGE('',*,*,#2320,.T.);
#2320 = EDGE_CURVE('',#2293,#1405,#2321,.T.);
#2321 = SURFACE_CURVE('',#2322,(#2327,#2334),.PCURVE_S1.);
#2322 = CIRCLE('',#2323,2.5);
#2323 = AXIS2_PLACEMENT_3D('',#2324,#2325,#2326);
#2324 = CARTESIAN_POINT('',(12.421826262007,-5.,20.9));
#2325 = DIRECTION('',(0.,1.,0.));
#2326 = DIRECTION('',(0.951056516295,-0.,0.309016994375));
#2327 = PCURVE('',#975,#2328);
#2328 = DEFINITIONAL_REPRESENTATION('',(#2329),#2333);
#2329 = LINE('',#2330,#2331);
#2330 = CARTESIAN_POINT('',(-6.28318530718,5.));
#2331 = VECTOR('',#2332,1.);
#2332 = DIRECTION('',(1.,-0.));
#2333 = ( GEOMETRIC_REPRESENTATION_CONTEXT(2) 
PARAMETRIC_REPRESENTATION_CONTEXT() REPRESENTATION_CONTEXT('2D SPACE',''
  ) );
#2334 = PCURVE('',#1443,#2335);
#2335 = DEFINITIONAL_REPRESENTATION('',(#2336),#2340);
#2336 = CIRCLE('',#2337,2.5);
#2337 = AXIS2_PLACEMENT_2D('',#2338,#2339);
#2338 = CARTESIAN_POINT('',(1.1,-2.421826262007));
#2339 = DIRECTION('',(-0.309016994375,-0.951056516295));
#2340 = ( GEOMETRIC_REPRESENTATION_CONTEXT(2) 
PARAMETRIC_REPRESENTATION_CONTEXT() REPRESENTATION_CONTEXT('2D SPACE',''
  ) );
#2341 = ADVANCED_FACE('',(#2342),#1065,.F.);
#2342 = FACE_BOUND('',#2343,.F.);
#2343 = EDGE_LOOP('',(#2344,#2367,#2368,#2391));
#2344 = ORIENTED_EDGE('',*,*,#2345,.F.);
#2345 = EDGE_CURVE('',#1048,#2346,#2348,.T.);
#2346 = VERTEX_POINT('',#2347);
#2347 = CARTESIAN_POINT('',(10.,-10.4,24.4));
#2348 = SURFACE_CURVE('',#2349,(#2353,#2360),.PCURVE_S1.);
#2349 = LINE('',#2350,#2351);
#2350 = CARTESIAN_POINT('',(10.,-10.4,23.2));
#2351 = VECTOR('',#2352,1.);
#2352 = DIRECTION('',(0.,0.,1.));
#2353 = PCURVE('',#1065,#2354);
#2354 = DEFINITIONAL_REPRESENTATION('',(#2355),#2359);
#2355 = LINE('',#2356,#2357);
#2356 = CARTESIAN_POINT('',(0.,20.));
#2357 = VECTOR('',#2358,1.);
#2358 = DIRECTION('',(1.,0.));
#2359 = ( GEOMETRIC_REPRESENTATION_CONTEXT(2) 
PARAMETRIC_REPRESENTATION_CONTEXT() REPRESENTATION_CONTEXT('2D SPACE',''
  ) );
#2360 = PCURVE('',#1147,#2361);
#2361 = DEFINITIONAL_REPRESENTATION('',(#2362),#2366);
#2362 = LINE('',#2363,#2364);
#2363 = CARTESIAN_POINT('',(0.,0.));
#2364 = VECTOR('',#2365,1.);
#2365 = DIRECTION('',(1.,0.));
#2366 = ( GEOMETRIC_REPRESENTATION_CONTEXT(2) 
PARAMETRIC_REPRESENTATION_CONTEXT() REPRESENTATION_CONTEXT('2D SPACE',''
  ) );
#2367 = ORIENTED_EDGE('',*,*,#1047,.T.);
#2368 = ORIENTED_EDGE('',*,*,#2369,.T.);
#2369 = EDGE_CURVE('',#1050,#2370,#2372,.T.);
#2370 = VERTEX_POINT('',#2371);
#2371 = CARTESIAN_POINT('',(-10.,-10.4,24.4));
#2372 = SURFACE_CURVE('',#2373,(#2377,#2384),.PCURVE_S1.);
#2373 = LINE('',#2374,#2375);
#2374 = CARTESIAN_POINT('',(-10.,-10.4,23.2));
#2375 = VECTOR('',#2376,1.);
#2376 = DIRECTION('',(0.,0.,1.));
#2377 = PCURVE('',#1065,#2378);
#2378 = DEFINITIONAL_REPRESENTATION('',(#2379),#2383);
#2379 = LINE('',#2380,#2381);
#2380 = CARTESIAN_POINT('',(0.,0.));
#2381 = VECTOR('',#2382,1.);
#2382 = DIRECTION('',(1.,0.));
#2383 = ( GEOMETRIC_REPRESENTATION_CONTEXT(2) 
PARAMETRIC_REPRESENTATION_CONTEXT() REPRESENTATION_CONTEXT('2D SPACE',''
  ) );
#2384 = PCURVE('',#1093,#2385);
#2385 = DEFINITIONAL_REPRESENTATION('',(#2386),#2390);
#2386 = LINE('',#2387,#2388);
#2387 = CARTESIAN_POINT('',(0.,0.));
#2388 = VECTOR('',#2389,1.);
#2389 = DIRECTION('',(1.,0.));
#2390 = ( GEOMETRIC_REPRESENTATION_CONTEXT(2) 
PARAMETRIC_REPRESENTATION_CONTEXT() REPRESENTATION_CONTEXT('2D SPACE',''
  ) );
#2391 = ORIENTED_EDGE('',*,*,#2392,.T.);
#2392 = EDGE_CURVE('',#2370,#2346,#2393,.T.);
#2393 = SURFACE_CURVE('',#2394,(#2398,#2405),.PCURVE_S1.);
#2394 = LINE('',#2395,#2396);
#2395 = CARTESIAN_POINT('',(-10.,-10.4,24.4));
#2396 = VECTOR('',#2397,1.);
#2397 = DIRECTION('',(1.,0.,0.));
#2398 = PCURVE('',#1065,#2399);
#2399 = DEFINITIONAL_REPRESENTATION('',(#2400),#2404);
#2400 = LINE('',#2401,#2402);
#2401 = CARTESIAN_POINT('',(1.2,0.));
#2402 = VECTOR('',#2403,1.);
#2403 = DIRECTION('',(0.,1.));
#2404 = ( GEOMETRIC_REPRESENTATION_CONTEXT(2) 
PARAMETRIC_REPRESENTATION_CONTEXT() REPRESENTATION_CONTEXT('2D SPACE',''
  ) );
#2405 = PCURVE('',#2406,#2411);
#2406 = PLANE('',#2407);
#2407 = AXIS2_PLACEMENT_3D('',#2408,#2409,#2410);
#2408 = CARTESIAN_POINT('',(-10.,-10.4,24.4));
#2409 = DIRECTION('',(0.,0.,1.));
#2410 = DIRECTION('',(1.,0.,0.));
#2411 = DEFINITIONAL_REPRESENTATION('',(#2412),#2416);
#2412 = LINE('',#2413,#2414);
#2413 = CARTESIAN_POINT('',(0.,0.));
#2414 = VECTOR('',#2415,1.);
#2415 = DIRECTION('',(1.,0.));
#2416 = ( GEOMETRIC_REPRESENTATION_CONTEXT(2) 
PARAMETRIC_REPRESENTATION_CONTEXT() REPRESENTATION_CONTEXT('2D SPACE',''
  ) );
#2417 = ADVANCED_FACE('',(#2418),#1147,.T.);
#2418 = FACE_BOUND('',#2419,.T.);
#2419 = EDGE_LOOP('',(#2420,#2421,#2422,#2445));
#2420 = ORIENTED_EDGE('',*,*,#2345,.F.);
#2421 = ORIENTED_EDGE('',*,*,#1133,.T.);
#2422 = ORIENTED_EDGE('',*,*,#2423,.T.);
#2423 = EDGE_CURVE('',#1106,#2424,#2426,.T.);
#2424 = VERTEX_POINT('',#2425);
#2425 = CARTESIAN_POINT('',(10.,-8.8,24.4));
#2426 = SURFACE_CURVE('',#2427,(#2431,#2438),.PCURVE_S1.);
#2427 = LINE('',#2428,#2429);
#2428 = CARTESIAN_POINT('',(10.,-8.8,23.2));
#2429 = VECTOR('',#2430,1.);
#2430 = DIRECTION('',(0.,0.,1.));
#2431 = PCURVE('',#1147,#2432);
#2432 = DEFINITIONAL_REPRESENTATION('',(#2433),#2437);
#2433 = LINE('',#2434,#2435);
#2434 = CARTESIAN_POINT('',(0.,-1.6));
#2435 = VECTOR('',#2436,1.);
#2436 = DIRECTION('',(1.,0.));
#2437 = ( GEOMETRIC_REPRESENTATION_CONTEXT(2) 
PARAMETRIC_REPRESENTATION_CONTEXT() REPRESENTATION_CONTEXT('2D SPACE',''
  ) );
#2438 = PCURVE('',#1121,#2439);
#2439 = DEFINITIONAL_REPRESENTATION('',(#2440),#2444);
#2440 = LINE('',#2441,#2442);
#2441 = CARTESIAN_POINT('',(0.,20.));
#2442 = VECTOR('',#2443,1.);
#2443 = DIRECTION('',(1.,0.));
#2444 = ( GEOMETRIC_REPRESENTATION_CONTEXT(2) 
PARAMETRIC_REPRESENTATION_CONTEXT() REPRESENTATION_CONTEXT('2D SPACE',''
  ) );
#2445 = ORIENTED_EDGE('',*,*,#2446,.F.);
#2446 = EDGE_CURVE('',#2346,#2424,#2447,.T.);
#2447 = SURFACE_CURVE('',#2448,(#2452,#2459),.PCURVE_S1.);
#2448 = LINE('',#2449,#2450);
#2449 = CARTESIAN_POINT('',(10.,-10.4,24.4));
#2450 = VECTOR('',#2451,1.);
#2451 = DIRECTION('',(0.,1.,0.));
#2452 = PCURVE('',#1147,#2453);
#2453 = DEFINITIONAL_REPRESENTATION('',(#2454),#2458);
#2454 = LINE('',#2455,#2456);
#2455 = CARTESIAN_POINT('',(1.2,0.));
#2456 = VECTOR('',#2457,1.);
#2457 = DIRECTION('',(0.,-1.));
#2458 = ( GEOMETRIC_REPRESENTATION_CONTEXT(2) 
PARAMETRIC_REPRESENTATION_CONTEXT() REPRESENTATION_CONTEXT('2D SPACE',''
  ) );
#2459 = PCURVE('',#2406,#2460);
#2460 = DEFINITIONAL_REPRESENTATION('',(#2461),#2465);
#2461 = LINE('',#2462,#2463);
#2462 = CARTESIAN_POINT('',(20.,0.));
#2463 = VECTOR('',#2464,1.);
#2464 = DIRECTION('',(0.,1.));
#2465 = ( GEOMETRIC_REPRESENTATION_CONTEXT(2) 
PARAMETRIC_REPRESENTATION_CONTEXT() REPRESENTATION_CONTEXT('2D SPACE',''
  ) );
#2466 = ADVANCED_FACE('',(#2467),#1093,.F.);
#2467 = FACE_BOUND('',#2468,.F.);
#2468 = EDGE_LOOP('',(#2469,#2470,#2471,#2494));
#2469 = ORIENTED_EDGE('',*,*,#2369,.F.);
#2470 = ORIENTED_EDGE('',*,*,#1077,.T.);
#2471 = ORIENTED_EDGE('',*,*,#2472,.T.);
#2472 = EDGE_CURVE('',#1078,#2473,#2475,.T.);
#2473 = VERTEX_POINT('',#2474);
#2474 = CARTESIAN_POINT('',(-10.,-8.8,24.4));
#2475 = SURFACE_CURVE('',#2476,(#2480,#2487),.PCURVE_S1.);
#2476 = LINE('',#2477,#2478);
#2477 = CARTESIAN_POINT('',(-10.,-8.8,23.2));
#2478 = VECTOR('',#2479,1.);
#2479 = DIRECTION('',(0.,0.,1.));
#2480 = PCURVE('',#1093,#2481);
#2481 = DEFINITIONAL_REPRESENTATION('',(#2482),#2486);
#2482 = LINE('',#2483,#2484);
#2483 = CARTESIAN_POINT('',(0.,-1.6));
#2484 = VECTOR('',#2485,1.);
#2485 = DIRECTION('',(1.,0.));
#2486 = ( GEOMETRIC_REPRESENTATION_CONTEXT(2) 
PARAMETRIC_REPRESENTATION_CONTEXT() REPRESENTATION_CONTEXT('2D SPACE',''
  ) );
#2487 = PCURVE('',#1121,#2488);
#2488 = DEFINITIONAL_REPRESENTATION('',(#2489),#2493);
#2489 = LINE('',#2490,#2491);
#2490 = CARTESIAN_POINT('',(0.,0.));
#2491 = VECTOR('',#2492,1.);
#2492 = DIRECTION('',(1.,0.));
#2493 = ( GEOMETRIC_REPRESENTATION_CONTEXT(2) 
PARAMETRIC_REPRESENTATION_CONTEXT() REPRESENTATION_CONTEXT('2D SPACE',''
  ) );
#2494 = ORIENTED_EDGE('',*,*,#2495,.F.);
#2495 = EDGE_CURVE('',#2370,#2473,#2496,.T.);
#2496 = SURFACE_CURVE('',#2497,(#2501,#2508),.PCURVE_S1.);
#2497 = LINE('',#2498,#2499);
#2498 = CARTESIAN_POINT('',(-10.,-10.4,24.4));
#2499 = VECTOR('',#2500,1.);
#2500 = DIRECTION('',(0.,1.,0.));
#2501 = PCURVE('',#1093,#2502);
#2502 = DEFINITIONAL_REPRESENTATION('',(#2503),#2507);
#2503 = LINE('',#2504,#2505);
#2504 = CARTESIAN_POINT('',(1.2,0.));
#2505 = VECTOR('',#2506,1.);
#2506 = DIRECTION('',(0.,-1.));
#2507 = ( GEOMETRIC_REPRESENTATION_CONTEXT(2) 
PARAMETRIC_REPRESENTATION_CONTEXT() REPRESENTATION_CONTEXT('2D SPACE',''
  ) );
#2508 = PCURVE('',#2406,#2509);
#2509 = DEFINITIONAL_REPRESENTATION('',(#2510),#2514);
#2510 = LINE('',#2511,#2512);
#2511 = CARTESIAN_POINT('',(0.,0.));
#2512 = VECTOR('',#2513,1.);
#2513 = DIRECTION('',(0.,1.));
#2514 = ( GEOMETRIC_REPRESENTATION_CONTEXT(2) 
PARAMETRIC_REPRESENTATION_CONTEXT() REPRESENTATION_CONTEXT('2D SPACE',''
  ) );
#2515 = ADVANCED_FACE('',(#2516),#1121,.T.);
#2516 = FACE_BOUND('',#2517,.T.);
#2517 = EDGE_LOOP('',(#2518,#2519,#2520,#2521));
#2518 = ORIENTED_EDGE('',*,*,#2423,.F.);
#2519 = ORIENTED_EDGE('',*,*,#1105,.T.);
#2520 = ORIENTED_EDGE('',*,*,#2472,.T.);
#2521 = ORIENTED_EDGE('',*,*,#2522,.T.);
#2522 = EDGE_CURVE('',#2473,#2424,#2523,.T.);
#2523 = SURFACE_CURVE('',#2524,(#2528,#2535),.PCURVE_S1.);
#2524 = LINE('',#2525,#2526);
#2525 = CARTESIAN_POINT('',(-10.,-8.8,24.4));
#2526 = VECTOR('',#2527,1.);
#2527 = DIRECTION('',(1.,0.,0.));
#2528 = PCURVE('',#1121,#2529);
#2529 = DEFINITIONAL_REPRESENTATION('',(#2530),#2534);
#2530 = LINE('',#2531,#2532);
#2531 = CARTESIAN_POINT('',(1.2,0.));
#2532 = VECTOR('',#2533,1.);
#2533 = DIRECTION('',(0.,1.));
#2534 = ( GEOMETRIC_REPRESENTATION_CONTEXT(2) 
PARAMETRIC_REPRESENTATION_CONTEXT() REPRESENTATION_CONTEXT('2D SPACE',''
  ) );
#2535 = PCURVE('',#2406,#2536);
#2536 = DEFINITIONAL_REPRESENTATION('',(#2537),#2541);
#2537 = LINE('',#2538,#2539);
#2538 = CARTESIAN_POINT('',(0.,1.6));
#2539 = VECTOR('',#2540,1.);
#2540 = DIRECTION('',(1.,0.));
#2541 = ( GEOMETRIC_REPRESENTATION_CONTEXT(2) 
PARAMETRIC_REPRESENTATION_CONTEXT() REPRESENTATION_CONTEXT('2D SPACE',''
  ) );
#2542 = ADVANCED_FACE('',(#2543),#1179,.F.);
#2543 = FACE_BOUND('',#2544,.F.);
#2544 = EDGE_LOOP('',(#2545,#2568,#2569,#2592));
#2545 = ORIENTED_EDGE('',*,*,#2546,.F.);
#2546 = EDGE_CURVE('',#1162,#2547,#2549,.T.);
#2547 = VERTEX_POINT('',#2548);
#2548 = CARTESIAN_POINT('',(10.,8.8,24.4));
#2549 = SURFACE_CURVE('',#2550,(#2554,#2561),.PCURVE_S1.);
#2550 = LINE('',#2551,#2552);
#2551 = CARTESIAN_POINT('',(10.,8.8,23.2));
#2552 = VECTOR('',#2553,1.);
#2553 = DIRECTION('',(0.,0.,1.));
#2554 = PCURVE('',#1179,#2555);
#2555 = DEFINITIONAL_REPRESENTATION('',(#2556),#2560);
#2556 = LINE('',#2557,#2558);
#2557 = CARTESIAN_POINT('',(0.,20.));
#2558 = VECTOR('',#2559,1.);
#2559 = DIRECTION('',(1.,0.));
#2560 = ( GEOMETRIC_REPRESENTATION_CONTEXT(2) 
PARAMETRIC_REPRESENTATION_CONTEXT() REPRESENTATION_CONTEXT('2D SPACE',''
  ) );
#2561 = PCURVE('',#1261,#2562);
#2562 = DEFINITIONAL_REPRESENTATION('',(#2563),#2567);
#2563 = LINE('',#2564,#2565);
#2564 = CARTESIAN_POINT('',(0.,0.));
#2565 = VECTOR('',#2566,1.);
#2566 = DIRECTION('',(1.,0.));
#2567 = ( GEOMETRIC_REPRESENTATION_CONTEXT(2) 
PARAMETRIC_REPRESENTATION_CONTEXT() REPRESENTATION_CONTEXT('2D SPACE',''
  ) );
#2568 = ORIENTED_EDGE('',*,*,#1161,.T.);
#2569 = ORIENTED_EDGE('',*,*,#2570,.T.);
#2570 = EDGE_CURVE('',#1164,#2571,#2573,.T.);
#2571 = VERTEX_POINT('',#2572);
#2572 = CARTESIAN_POINT('',(-10.,8.8,24.4));
#2573 = SURFACE_CURVE('',#2574,(#2578,#2585),.PCURVE_S1.);
#2574 = LINE('',#2575,#2576);
#2575 = CARTESIAN_POINT('',(-10.,8.8,23.2));
#2576 = VECTOR('',#2577,1.);
#2577 = DIRECTION('',(0.,0.,1.));
#2578 = PCURVE('',#1179,#2579);
#2579 = DEFINITIONAL_REPRESENTATION('',(#2580),#2584);
#2580 = LINE('',#2581,#2582);
#2581 = CARTESIAN_POINT('',(0.,0.));
#2582 = VECTOR('',#2583,1.);
#2583 = DIRECTION('',(1.,0.));
#2584 = ( GEOMETRIC_REPRESENTATION_CONTEXT(2) 
PARAMETRIC_REPRESENTATION_CONTEXT() REPRESENTATION_CONTEXT('2D SPACE',''
  ) );
#2585 = PCURVE('',#1207,#2586);
#2586 = DEFINITIONAL_REPRESENTATION('',(#2587),#2591);
#2587 = LINE('',#2588,#2589);
#2588 = CARTESIAN_POINT('',(0.,0.));
#2589 = VECTOR('',#2590,1.);
#2590 = DIRECTION('',(1.,0.));
#2591 = ( GEOMETRIC_REPRESENTATION_CONTEXT(2) 
PARAMETRIC_REPRESENTATION_CONTEXT() REPRESENTATION_CONTEXT('2D SPACE',''
  ) );
#2592 = ORIENTED_EDGE('',*,*,#2593,.T.);
#2593 = EDGE_CURVE('',#2571,#2547,#2594,.T.);
#2594 = SURFACE_CURVE('',#2595,(#2599,#2606),.PCURVE_S1.);
#2595 = LINE('',#2596,#2597);
#2596 = CARTESIAN_POINT('',(-10.,8.8,24.4));
#2597 = VECTOR('',#2598,1.);
#2598 = DIRECTION('',(1.,0.,0.));
#2599 = PCURVE('',#1179,#2600);
#2600 = DEFINITIONAL_REPRESENTATION('',(#2601),#2605);
#2601 = LINE('',#2602,#2603);
#2602 = CARTESIAN_POINT('',(1.2,0.));
#2603 = VECTOR('',#2604,1.);
#2604 = DIRECTION('',(0.,1.));
#2605 = ( GEOMETRIC_REPRESENTATION_CONTEXT(2) 
PARAMETRIC_REPRESENTATION_CONTEXT() REPRESENTATION_CONTEXT('2D SPACE',''
  ) );
#2606 = PCURVE('',#2607,#2612);
#2607 = PLANE('',#2608);
#2608 = AXIS2_PLACEMENT_3D('',#2609,#2610,#2611);
#2609 = CARTESIAN_POINT('',(-10.,8.8,24.4));
#2610 = DIRECTION('',(0.,0.,1.));
#2611 = DIRECTION('',(1.,0.,0.));
#2612 = DEFINITIONAL_REPRESENTATION('',(#2613),#2617);
#2613 = LINE('',#2614,#2615);
#2614 = CARTESIAN_POINT('',(0.,0.));
#2615 = VECTOR('',#2616,1.);
#2616 = DIRECTION('',(1.,0.));
#2617 = ( GEOMETRIC_REPRESENTATION_CONTEXT(2) 
PARAMETRIC_REPRESENTATION_CONTEXT() REPRESENTATION_CONTEXT('2D SPACE',''
  ) );
#2618 = ADVANCED_FACE('',(#2619),#1261,.T.);
#2619 = FACE_BOUND('',#2620,.T.);
#2620 = EDGE_LOOP('',(#2621,#2622,#2623,#2646));
#2621 = ORIENTED_EDGE('',*,*,#2546,.F.);
#2622 = ORIENTED_EDGE('',*,*,#1247,.T.);
#2623 = ORIENTED_EDGE('',*,*,#2624,.T.);
#2624 = EDGE_CURVE('',#1220,#2625,#2627,.T.);
#2625 = VERTEX_POINT('',#2626);
#2626 = CARTESIAN_POINT('',(10.,10.4,24.4));
#2627 = SURFACE_CURVE('',#2628,(#2632,#2639),.PCURVE_S1.);
#2628 = LINE('',#2629,#2630);
#2629 = CARTESIAN_POINT('',(10.,10.4,23.2));
#2630 = VECTOR('',#2631,1.);
#2631 = DIRECTION('',(0.,0.,1.));
#2632 = PCURVE('',#1261,#2633);
#2633 = DEFINITIONAL_REPRESENTATION('',(#2634),#2638);
#2634 = LINE('',#2635,#2636);
#2635 = CARTESIAN_POINT('',(0.,-1.6));
#2636 = VECTOR('',#2637,1.);
#2637 = DIRECTION('',(1.,0.));
#2638 = ( GEOMETRIC_REPRESENTATION_CONTEXT(2) 
PARAMETRIC_REPRESENTATION_CONTEXT() REPRESENTATION_CONTEXT('2D SPACE',''
  ) );
#2639 = PCURVE('',#1235,#2640);
#2640 = DEFINITIONAL_REPRESENTATION('',(#2641),#2645);
#2641 = LINE('',#2642,#2643);
#2642 = CARTESIAN_POINT('',(0.,20.));
#2643 = VECTOR('',#2644,1.);
#2644 = DIRECTION('',(1.,0.));
#2645 = ( GEOMETRIC_REPRESENTATION_CONTEXT(2) 
PARAMETRIC_REPRESENTATION_CONTEXT() REPRESENTATION_CONTEXT('2D SPACE',''
  ) );
#2646 = ORIENTED_EDGE('',*,*,#2647,.F.);
#2647 = EDGE_CURVE('',#2547,#2625,#2648,.T.);
#2648 = SURFACE_CURVE('',#2649,(#2653,#2660),.PCURVE_S1.);
#2649 = LINE('',#2650,#2651);
#2650 = CARTESIAN_POINT('',(10.,8.8,24.4));
#2651 = VECTOR('',#2652,1.);
#2652 = DIRECTION('',(0.,1.,0.));
#2653 = PCURVE('',#1261,#2654);
#2654 = DEFINITIONAL_REPRESENTATION('',(#2655),#2659);
#2655 = LINE('',#2656,#2657);
#2656 = CARTESIAN_POINT('',(1.2,0.));
#2657 = VECTOR('',#2658,1.);
#2658 = DIRECTION('',(0.,-1.));
#2659 = ( GEOMETRIC_REPRESENTATION_CONTEXT(2) 
PARAMETRIC_REPRESENTATION_CONTEXT() REPRESENTATION_CONTEXT('2D SPACE',''
  ) );
#2660 = PCURVE('',#2607,#2661);
#2661 = DEFINITIONAL_REPRESENTATION('',(#2662),#2666);
#2662 = LINE('',#2663,#2664);
#2663 = CARTESIAN_POINT('',(20.,0.));
#2664 = VECTOR('',#2665,1.);
#2665 = DIRECTION('',(0.,1.));
#2666 = ( GEOMETRIC_REPRESENTATION_CONTEXT(2) 
PARAMETRIC_REPRESENTATION_CONTEXT() REPRESENTATION_CONTEXT('2D SPACE',''
  ) );
#2667 = ADVANCED_FACE('',(#2668),#1235,.T.);
#2668 = FACE_BOUND('',#2669,.T.);
#2669 = EDGE_LOOP('',(#2670,#2671,#2672,#2695));
#2670 = ORIENTED_EDGE('',*,*,#2624,.F.);
#2671 = ORIENTED_EDGE('',*,*,#1219,.T.);
#2672 = ORIENTED_EDGE('',*,*,#2673,.T.);
#2673 = EDGE_CURVE('',#1192,#2674,#2676,.T.);
#2674 = VERTEX_POINT('',#2675);
#2675 = CARTESIAN_POINT('',(-10.,10.4,24.4));
#2676 = SURFACE_CURVE('',#2677,(#2681,#2688),.PCURVE_S1.);
#2677 = LINE('',#2678,#2679);
#2678 = CARTESIAN_POINT('',(-10.,10.4,23.2));
#2679 = VECTOR('',#2680,1.);
#2680 = DIRECTION('',(0.,0.,1.));
#2681 = PCURVE('',#1235,#2682);
#2682 = DEFINITIONAL_REPRESENTATION('',(#2683),#2687);
#2683 = LINE('',#2684,#2685);
#2684 = CARTESIAN_POINT('',(0.,0.));
#2685 = VECTOR('',#2686,1.);
#2686 = DIRECTION('',(1.,0.));
#2687 = ( GEOMETRIC_REPRESENTATION_CONTEXT(2) 
PARAMETRIC_REPRESENTATION_CONTEXT() REPRESENTATION_CONTEXT('2D SPACE',''
  ) );
#2688 = PCURVE('',#1207,#2689);
#2689 = DEFINITIONAL_REPRESENTATION('',(#2690),#2694);
#2690 = LINE('',#2691,#2692);
#2691 = CARTESIAN_POINT('',(0.,-1.6));
#2692 = VECTOR('',#2693,1.);
#2693 = DIRECTION('',(1.,0.));
#2694 = ( GEOMETRIC_REPRESENTATION_CONTEXT(2) 
PARAMETRIC_REPRESENTATION_CONTEXT() REPRESENTATION_CONTEXT('2D SPACE',''
  ) );
#2695 = ORIENTED_EDGE('',*,*,#2696,.T.);
#2696 = EDGE_CURVE('',#2674,#2625,#2697,.T.);
#2697 = SURFACE_CURVE('',#2698,(#2702,#2709),.PCURVE_S1.);
#2698 = LINE('',#2699,#2700);
#2699 = CARTESIAN_POINT('',(-10.,10.4,24.4));
#2700 = VECTOR('',#2701,1.);
#2701 = DIRECTION('',(1.,0.,0.));
#2702 = PCURVE('',#1235,#2703);
#2703 = DEFINITIONAL_REPRESENTATION('',(#2704),#2708);
#2704 = LINE('',#2705,#2706);
#2705 = CARTESIAN_POINT('',(1.2,0.));
#2706 = VECTOR('',#2707,1.);
#2707 = DIRECTION('',(0.,1.));
#2708 = ( GEOMETRIC_REPRESENTATION_CONTEXT(2) 
PARAMETRIC_REPRESENTATION_CONTEXT() REPRESENTATION_CONTEXT('2D SPACE',''
  ) );
#2709 = PCURVE('',#2607,#2710);
#2710 = DEFINITIONAL_REPRESENTATION('',(#2711),#2715);
#2711 = LINE('',#2712,#2713);
#2712 = CARTESIAN_POINT('',(0.,1.6));
#2713 = VECTOR('',#2714,1.);
#2714 = DIRECTION('',(1.,0.));
#2715 = ( GEOMETRIC_REPRESENTATION_CONTEXT(2) 
PARAMETRIC_REPRESENTATION_CONTEXT() REPRESENTATION_CONTEXT('2D SPACE',''
  ) );
#2716 = ADVANCED_FACE('',(#2717),#1207,.F.);
#2717 = FACE_BOUND('',#2718,.F.);
#2718 = EDGE_LOOP('',(#2719,#2720,#2721,#2722));
#2719 = ORIENTED_EDGE('',*,*,#2570,.F.);
#2720 = ORIENTED_EDGE('',*,*,#1191,.T.);
#2721 = ORIENTED_EDGE('',*,*,#2673,.T.);
#2722 = ORIENTED_EDGE('',*,*,#2723,.F.);
#2723 = EDGE_CURVE('',#2571,#2674,#2724,.T.);
#2724 = SURFACE_CURVE('',#2725,(#2729,#2736),.PCURVE_S1.);
#2725 = LINE('',#2726,#2727);
#2726 = CARTESIAN_POINT('',(-10.,8.8,24.4));
#2727 = VECTOR('',#2728,1.);
#2728 = DIRECTION('',(0.,1.,0.));
#2729 = PCURVE('',#1207,#2730);
#2730 = DEFINITIONAL_REPRESENTATION('',(#2731),#2735);
#2731 = LINE('',#2732,#2733);
#2732 = CARTESIAN_POINT('',(1.2,0.));
#2733 = VECTOR('',#2734,1.);
#2734 = DIRECTION('',(0.,-1.));
#2735 = ( GEOMETRIC_REPRESENTATION_CONTEXT(2) 
PARAMETRIC_REPRESENTATION_CONTEXT() REPRESENTATION_CONTEXT('2D SPACE',''
  ) );
#2736 = PCURVE('',#2607,#2737);
#2737 = DEFINITIONAL_REPRESENTATION('',(#2738),#2742);
#2738 = LINE('',#2739,#2740);
#2739 = CARTESIAN_POINT('',(0.,0.));
#2740 = VECTOR('',#2741,1.);
#2741 = DIRECTION('',(0.,1.));
#2742 = ( GEOMETRIC_REPRESENTATION_CONTEXT(2) 
PARAMETRIC_REPRESENTATION_CONTEXT() REPRESENTATION_CONTEXT('2D SPACE',''
  ) );
#2743 = ADVANCED_FACE('',(#2744),#1499,.T.);
#2744 = FACE_BOUND('',#2745,.T.);
#2745 = EDGE_LOOP('',(#2746,#2747,#2768,#2769,#2770,#2793));
#2746 = ORIENTED_EDGE('',*,*,#1769,.F.);
#2747 = ORIENTED_EDGE('',*,*,#2748,.T.);
#2748 = EDGE_CURVE('',#1747,#1456,#2749,.T.);
#2749 = SURFACE_CURVE('',#2750,(#2754,#2761),.PCURVE_S1.);
#2750 = LINE('',#2751,#2752);
#2751 = CARTESIAN_POINT('',(10.,5.,15.));
#2752 = VECTOR('',#2753,1.);
#2753 = DIRECTION('',(1.,0.,0.));
#2754 = PCURVE('',#1499,#2755);
#2755 = DEFINITIONAL_REPRESENTATION('',(#2756),#2760);
#2756 = LINE('',#2757,#2758);
#2757 = CARTESIAN_POINT('',(0.,0.));
#2758 = VECTOR('',#2759,1.);
#2759 = DIRECTION('',(0.,-1.));
#2760 = ( GEOMETRIC_REPRESENTATION_CONTEXT(2) 
PARAMETRIC_REPRESENTATION_CONTEXT() REPRESENTATION_CONTEXT('2D SPACE',''
  ) );
#2761 = PCURVE('',#1471,#2762);
#2762 = DEFINITIONAL_REPRESENTATION('',(#2763),#2767);
#2763 = LINE('',#2764,#2765);
#2764 = CARTESIAN_POINT('',(10.,0.));
#2765 = VECTOR('',#2766,1.);
#2766 = DIRECTION('',(0.,-1.));
#2767 = ( GEOMETRIC_REPRESENTATION_CONTEXT(2) 
PARAMETRIC_REPRESENTATION_CONTEXT() REPRESENTATION_CONTEXT('2D SPACE',''
  ) );
#2768 = ORIENTED_EDGE('',*,*,#1483,.T.);
#2769 = ORIENTED_EDGE('',*,*,#2264,.F.);
#2770 = ORIENTED_EDGE('',*,*,#2771,.F.);
#2771 = EDGE_CURVE('',#2772,#2265,#2774,.T.);
#2772 = VERTEX_POINT('',#2773);
#2773 = CARTESIAN_POINT('',(13.441630164725,5.,22.));
#2774 = SURFACE_CURVE('',#2775,(#2779,#2786),.PCURVE_S1.);
#2775 = LINE('',#2776,#2777);
#2776 = CARTESIAN_POINT('',(10.,5.,22.));
#2777 = VECTOR('',#2778,1.);
#2778 = DIRECTION('',(1.,0.,0.));
#2779 = PCURVE('',#1499,#2780);
#2780 = DEFINITIONAL_REPRESENTATION('',(#2781),#2785);
#2781 = LINE('',#2782,#2783);
#2782 = CARTESIAN_POINT('',(7.,0.));
#2783 = VECTOR('',#2784,1.);
#2784 = DIRECTION('',(0.,-1.));
#2785 = ( GEOMETRIC_REPRESENTATION_CONTEXT(2) 
PARAMETRIC_REPRESENTATION_CONTEXT() REPRESENTATION_CONTEXT('2D SPACE',''
  ) );
#2786 = PCURVE('',#2308,#2787);
#2787 = DEFINITIONAL_REPRESENTATION('',(#2788),#2792);
#2788 = LINE('',#2789,#2790);
#2789 = CARTESIAN_POINT('',(0.,-0.));
#2790 = VECTOR('',#2791,1.);
#2791 = DIRECTION('',(0.,-1.));
#2792 = ( GEOMETRIC_REPRESENTATION_CONTEXT(2) 
PARAMETRIC_REPRESENTATION_CONTEXT() REPRESENTATION_CONTEXT('2D SPACE',''
  ) );
#2793 = ORIENTED_EDGE('',*,*,#2794,.T.);
#2794 = EDGE_CURVE('',#2772,#1770,#2795,.T.);
#2795 = SURFACE_CURVE('',#2796,(#2801,#2812),.PCURVE_S1.);
#2796 = CIRCLE('',#2797,1.5);
#2797 = AXIS2_PLACEMENT_3D('',#2798,#2799,#2800);
#2798 = CARTESIAN_POINT('',(12.421826262007,5.,20.9));
#2799 = DIRECTION('',(0.,1.,0.));
#2800 = DIRECTION('',(0.951056516295,-0.,0.309016994375));
#2801 = PCURVE('',#1499,#2802);
#2802 = DEFINITIONAL_REPRESENTATION('',(#2803),#2811);
#2803 = ( BOUNDED_CURVE() B_SPLINE_CURVE(2,(#2804,#2805,#2806,#2807,
#2808,#2809,#2810),.UNSPECIFIED.,.T.,.F.) B_SPLINE_CURVE_WITH_KNOTS((1,2
    ,2,2,2,1),(-2.094395102393,0.,2.094395102393,4.188790204786,
6.28318530718,8.377580409573),.UNSPECIFIED.) CURVE() 
GEOMETRIC_REPRESENTATION_ITEM() RATIONAL_B_SPLINE_CURVE((1.,0.5,1.,0.5,
1.,0.5,1.)) REPRESENTATION_ITEM('') );
#2804 = CARTESIAN_POINT('',(6.363525491562,-3.84841103645));
#2805 = CARTESIAN_POINT('',(3.892608180923,-4.651260738439));
#2806 = CARTESIAN_POINT('',(4.432778598899,-2.10995872578));
#2807 = CARTESIAN_POINT('',(4.972949016875,0.431343286879));
#2808 = CARTESIAN_POINT('',(6.903695909538,-1.307109023791));
#2809 = CARTESIAN_POINT('',(8.834442802201,-3.04556133446));
#2810 = CARTESIAN_POINT('',(6.363525491562,-3.84841103645));
#2811 = ( GEOMETRIC_REPRESENTATION_CONTEXT(2) 
PARAMETRIC_REPRESENTATION_CONTEXT() REPRESENTATION_CONTEXT('2D SPACE',''
  ) );
#2812 = PCURVE('',#1711,#2813);
#2813 = DEFINITIONAL_REPRESENTATION('',(#2814),#2818);
#2814 = LINE('',#2815,#2816);
#2815 = CARTESIAN_POINT('',(-6.28318530718,15.));
#2816 = VECTOR('',#2817,1.);
#2817 = DIRECTION('',(1.,-0.));
#2818 = ( GEOMETRIC_REPRESENTATION_CONTEXT(2) 
PARAMETRIC_REPRESENTATION_CONTEXT() REPRESENTATION_CONTEXT('2D SPACE',''
  ) );
#2819 = ADVANCED_FACE('',(#2820),#1471,.T.);
#2820 = FACE_BOUND('',#2821,.T.);
#2821 = EDGE_LOOP('',(#2822,#2823,#2844,#2845));
#2822 = ORIENTED_EDGE('',*,*,#1746,.F.);
#2823 = ORIENTED_EDGE('',*,*,#2824,.T.);
#2824 = EDGE_CURVE('',#1724,#1428,#2825,.T.);
#2825 = SURFACE_CURVE('',#2826,(#2830,#2837),.PCURVE_S1.);
#2826 = LINE('',#2827,#2828);
#2827 = CARTESIAN_POINT('',(10.,-5.,15.));
#2828 = VECTOR('',#2829,1.);
#2829 = DIRECTION('',(1.,0.,0.));
#2830 = PCURVE('',#1471,#2831);
#2831 = DEFINITIONAL_REPRESENTATION('',(#2832),#2836);
#2832 = LINE('',#2833,#2834);
#2833 = CARTESIAN_POINT('',(0.,0.));
#2834 = VECTOR('',#2835,1.);
#2835 = DIRECTION('',(0.,-1.));
#2836 = ( GEOMETRIC_REPRESENTATION_CONTEXT(2) 
PARAMETRIC_REPRESENTATION_CONTEXT() REPRESENTATION_CONTEXT('2D SPACE',''
  ) );
#2837 = PCURVE('',#1443,#2838);
#2838 = DEFINITIONAL_REPRESENTATION('',(#2839),#2843);
#2839 = LINE('',#2840,#2841);
#2840 = CARTESIAN_POINT('',(7.,0.));
#2841 = VECTOR('',#2842,1.);
#2842 = DIRECTION('',(0.,-1.));
#2843 = ( GEOMETRIC_REPRESENTATION_CONTEXT(2) 
PARAMETRIC_REPRESENTATION_CONTEXT() REPRESENTATION_CONTEXT('2D SPACE',''
  ) );
#2844 = ORIENTED_EDGE('',*,*,#1455,.T.);
#2845 = ORIENTED_EDGE('',*,*,#2748,.F.);
#2846 = ADVANCED_FACE('',(#2847),#1443,.T.);
#2847 = FACE_BOUND('',#2848,.T.);
#2848 = EDGE_LOOP('',(#2849,#2873,#2894,#2895,#2896,#2897));
#2849 = ORIENTED_EDGE('',*,*,#2850,.F.);
#2850 = EDGE_CURVE('',#2851,#1696,#2853,.T.);
#2851 = VERTEX_POINT('',#2852);
#2852 = CARTESIAN_POINT('',(13.441630164725,-5.,22.));
#2853 = SURFACE_CURVE('',#2854,(#2859,#2866),.PCURVE_S1.);
#2854 = CIRCLE('',#2855,1.5);
#2855 = AXIS2_PLACEMENT_3D('',#2856,#2857,#2858);
#2856 = CARTESIAN_POINT('',(12.421826262007,-5.,20.9));
#2857 = DIRECTION('',(0.,1.,0.));
#2858 = DIRECTION('',(0.951056516295,-0.,0.309016994375));
#2859 = PCURVE('',#1443,#2860);
#2860 = DEFINITIONAL_REPRESENTATION('',(#2861),#2865);
#2861 = CIRCLE('',#2862,1.5);
#2862 = AXIS2_PLACEMENT_2D('',#2863,#2864);
#2863 = CARTESIAN_POINT('',(1.1,-2.421826262007));
#2864 = DIRECTION('',(-0.309016994375,-0.951056516295));
#2865 = ( GEOMETRIC_REPRESENTATION_CONTEXT(2) 
PARAMETRIC_REPRESENTATION_CONTEXT() REPRESENTATION_CONTEXT('2D SPACE',''
  ) );
#2866 = PCURVE('',#1711,#2867);
#2867 = DEFINITIONAL_REPRESENTATION('',(#2868),#2872);
#2868 = LINE('',#2869,#2870);
#2869 = CARTESIAN_POINT('',(-6.28318530718,5.));
#2870 = VECTOR('',#2871,1.);
#2871 = DIRECTION('',(1.,-0.));
#2872 = ( GEOMETRIC_REPRESENTATION_CONTEXT(2) 
PARAMETRIC_REPRESENTATION_CONTEXT() REPRESENTATION_CONTEXT('2D SPACE',''
  ) );
#2873 = ORIENTED_EDGE('',*,*,#2874,.T.);
#2874 = EDGE_CURVE('',#2851,#2293,#2875,.T.);
#2875 = SURFACE_CURVE('',#2876,(#2880,#2887),.PCURVE_S1.);
#2876 = LINE('',#2877,#2878);
#2877 = CARTESIAN_POINT('',(10.,-5.,22.));
#2878 = VECTOR('',#2879,1.);
#2879 = DIRECTION('',(1.,0.,0.));
#2880 = PCURVE('',#1443,#2881);
#2881 = DEFINITIONAL_REPRESENTATION('',(#2882),#2886);
#2882 = LINE('',#2883,#2884);
#2883 = CARTESIAN_POINT('',(0.,0.));
#2884 = VECTOR('',#2885,1.);
#2885 = DIRECTION('',(0.,-1.));
#2886 = ( GEOMETRIC_REPRESENTATION_CONTEXT(2) 
PARAMETRIC_REPRESENTATION_CONTEXT() REPRESENTATION_CONTEXT('2D SPACE',''
  ) );
#2887 = PCURVE('',#2308,#2888);
#2888 = DEFINITIONAL_REPRESENTATION('',(#2889),#2893);
#2889 = LINE('',#2890,#2891);
#2890 = CARTESIAN_POINT('',(10.,0.));
#2891 = VECTOR('',#2892,1.);
#2892 = DIRECTION('',(0.,-1.));
#2893 = ( GEOMETRIC_REPRESENTATION_CONTEXT(2) 
PARAMETRIC_REPRESENTATION_CONTEXT() REPRESENTATION_CONTEXT('2D SPACE',''
  ) );
#2894 = ORIENTED_EDGE('',*,*,#2320,.T.);
#2895 = ORIENTED_EDGE('',*,*,#1427,.T.);
#2896 = ORIENTED_EDGE('',*,*,#2824,.F.);
#2897 = ORIENTED_EDGE('',*,*,#1723,.F.);
#2898 = ADVANCED_FACE('',(#2899),#1606,.F.);
#2899 = FACE_BOUND('',#2900,.F.);
#2900 = EDGE_LOOP('',(#2901,#2925,#2926,#2950));
#2901 = ORIENTED_EDGE('',*,*,#2902,.F.);
#2902 = EDGE_CURVE('',#1588,#2903,#2905,.T.);
#2903 = VERTEX_POINT('',#2904);
#2904 = CARTESIAN_POINT('',(12.421826262007,10.,22.4));
#2905 = SURFACE_CURVE('',#2906,(#2911,#2918),.PCURVE_S1.);
#2906 = CIRCLE('',#2907,1.5);
#2907 = AXIS2_PLACEMENT_3D('',#2908,#2909,#2910);
#2908 = CARTESIAN_POINT('',(12.421826262007,10.,20.9));
#2909 = DIRECTION('',(0.,-1.,0.));
#2910 = DIRECTION('',(0.951056516295,0.,0.309016994375));
#2911 = PCURVE('',#1606,#2912);
#2912 = DEFINITIONAL_REPRESENTATION('',(#2913),#2917);
#2913 = LINE('',#2914,#2915);
#2914 = CARTESIAN_POINT('',(0.,0.314159265359));
#2915 = VECTOR('',#2916,1.);
#2916 = DIRECTION('',(0.,1.));
#2917 = ( GEOMETRIC_REPRESENTATION_CONTEXT(2) 
PARAMETRIC_REPRESENTATION_CONTEXT() REPRESENTATION_CONTEXT('2D SPACE',''
  ) );
#2918 = PCURVE('',#1711,#2919);
#2919 = DEFINITIONAL_REPRESENTATION('',(#2920),#2924);
#2920 = LINE('',#2921,#2922);
#2921 = CARTESIAN_POINT('',(-0.,20.));
#2922 = VECTOR('',#2923,1.);
#2923 = DIRECTION('',(-1.,0.));
#2924 = ( GEOMETRIC_REPRESENTATION_CONTEXT(2) 
PARAMETRIC_REPRESENTATION_CONTEXT() REPRESENTATION_CONTEXT('2D SPACE',''
  ) );
#2925 = ORIENTED_EDGE('',*,*,#1587,.T.);
#2926 = ORIENTED_EDGE('',*,*,#2927,.T.);
#2927 = EDGE_CURVE('',#1590,#2928,#2930,.T.);
#2928 = VERTEX_POINT('',#2929);
#2929 = CARTESIAN_POINT('',(11.,11.421826262007,22.4));
#2930 = SURFACE_CURVE('',#2931,(#2936,#2943),.PCURVE_S1.);
#2931 = CIRCLE('',#2932,1.5);
#2932 = AXIS2_PLACEMENT_3D('',#2933,#2934,#2935);
#2933 = CARTESIAN_POINT('',(11.,11.421826262007,20.9));
#2934 = DIRECTION('',(1.,-0.,0.));
#2935 = DIRECTION('',(0.,1.,-3.330669073875E-16));
#2936 = PCURVE('',#1606,#2937);
#2937 = DEFINITIONAL_REPRESENTATION('',(#2938),#2942);
#2938 = LINE('',#2939,#2940);
#2939 = CARTESIAN_POINT('',(1.570796326795,0.));
#2940 = VECTOR('',#2941,1.);
#2941 = DIRECTION('',(0.,1.));
#2942 = ( GEOMETRIC_REPRESENTATION_CONTEXT(2) 
PARAMETRIC_REPRESENTATION_CONTEXT() REPRESENTATION_CONTEXT('2D SPACE',''
  ) );
#2943 = PCURVE('',#2129,#2944);
#2944 = DEFINITIONAL_REPRESENTATION('',(#2945),#2949);
#2945 = LINE('',#2946,#2947);
#2946 = CARTESIAN_POINT('',(0.314159265359,-0.));
#2947 = VECTOR('',#2948,1.);
#2948 = DIRECTION('',(-1.,0.));
#2949 = ( GEOMETRIC_REPRESENTATION_CONTEXT(2) 
PARAMETRIC_REPRESENTATION_CONTEXT() REPRESENTATION_CONTEXT('2D SPACE',''
  ) );
#2950 = ORIENTED_EDGE('',*,*,#2951,.F.);
#2951 = EDGE_CURVE('',#2903,#2928,#2952,.T.);
#2952 = SURFACE_CURVE('',#2953,(#2958,#2965),.PCURVE_S1.);
#2953 = CIRCLE('',#2954,1.421826262007);
#2954 = AXIS2_PLACEMENT_3D('',#2955,#2956,#2957);
#2955 = CARTESIAN_POINT('',(11.,10.,22.4));
#2956 = DIRECTION('',(0.,0.,1.));
#2957 = DIRECTION('',(1.,0.,0.));
#2958 = PCURVE('',#1606,#2959);
#2959 = DEFINITIONAL_REPRESENTATION('',(#2960),#2964);
#2960 = LINE('',#2961,#2962);
#2961 = CARTESIAN_POINT('',(0.,1.570796326795));
#2962 = VECTOR('',#2963,1.);
#2963 = DIRECTION('',(1.,0.));
#2964 = ( GEOMETRIC_REPRESENTATION_CONTEXT(2) 
PARAMETRIC_REPRESENTATION_CONTEXT() REPRESENTATION_CONTEXT('2D SPACE',''
  ) );
#2965 = PCURVE('',#2966,#2971);
#2966 = PLANE('',#2967);
#2967 = AXIS2_PLACEMENT_3D('',#2968,#2969,#2970);
#2968 = CARTESIAN_POINT('',(0.,0.,22.4));
#2969 = DIRECTION('',(0.,0.,1.));
#2970 = DIRECTION('',(1.,0.,0.));
#2971 = DEFINITIONAL_REPRESENTATION('',(#2972),#2976);
#2972 = CIRCLE('',#2973,1.421826262007);
#2973 = AXIS2_PLACEMENT_2D('',#2974,#2975);
#2974 = CARTESIAN_POINT('',(11.,10.));
#2975 = DIRECTION('',(1.,0.));
#2976 = ( GEOMETRIC_REPRESENTATION_CONTEXT(2) 
PARAMETRIC_REPRESENTATION_CONTEXT() REPRESENTATION_CONTEXT('2D SPACE',''
  ) );
#2977 = ADVANCED_FACE('',(#2978),#1711,.F.);
#2978 = FACE_BOUND('',#2979,.T.);
#2979 = EDGE_LOOP('',(#2980,#2981,#3005,#3026,#3027,#3028,#3029,#3050));
#2980 = ORIENTED_EDGE('',*,*,#1695,.F.);
#2981 = ORIENTED_EDGE('',*,*,#2982,.T.);
#2982 = EDGE_CURVE('',#1673,#2983,#2985,.T.);
#2983 = VERTEX_POINT('',#2984);
#2984 = CARTESIAN_POINT('',(12.421826262007,-10.,22.4));
#2985 = SURFACE_CURVE('',#2986,(#2991,#2998),.PCURVE_S1.);
#2986 = CIRCLE('',#2987,1.5);
#2987 = AXIS2_PLACEMENT_3D('',#2988,#2989,#2990);
#2988 = CARTESIAN_POINT('',(12.421826262007,-10.,20.9));
#2989 = DIRECTION('',(0.,-1.,0.));
#2990 = DIRECTION('',(1.,0.,-3.330669073875E-16));
#2991 = PCURVE('',#1711,#2992);
#2992 = DEFINITIONAL_REPRESENTATION('',(#2993),#2997);
#2993 = LINE('',#2994,#2995);
#2994 = CARTESIAN_POINT('',(0.314159265359,-0.));
#2995 = VECTOR('',#2996,1.);
#2996 = DIRECTION('',(-1.,0.));
#2997 = ( GEOMETRIC_REPRESENTATION_CONTEXT(2) 
PARAMETRIC_REPRESENTATION_CONTEXT() REPRESENTATION_CONTEXT('2D SPACE',''
  ) );
#2998 = PCURVE('',#1835,#2999);
#2999 = DEFINITIONAL_REPRESENTATION('',(#3000),#3004);
#3000 = LINE('',#3001,#3002);
#3001 = CARTESIAN_POINT('',(1.570796326795,0.));
#3002 = VECTOR('',#3003,1.);
#3003 = DIRECTION('',(0.,1.));
#3004 = ( GEOMETRIC_REPRESENTATION_CONTEXT(2) 
PARAMETRIC_REPRESENTATION_CONTEXT() REPRESENTATION_CONTEXT('2D SPACE',''
  ) );
#3005 = ORIENTED_EDGE('',*,*,#3006,.T.);
#3006 = EDGE_CURVE('',#2983,#2903,#3007,.T.);
#3007 = SURFACE_CURVE('',#3008,(#3012,#3019),.PCURVE_S1.);
#3008 = LINE('',#3009,#3010);
#3009 = CARTESIAN_POINT('',(12.421826262007,-10.,22.4));
#3010 = VECTOR('',#3011,1.);
#3011 = DIRECTION('',(0.,1.,0.));
#3012 = PCURVE('',#1711,#3013);
#3013 = DEFINITIONAL_REPRESENTATION('',(#3014),#3018);
#3014 = LINE('',#3015,#3016);
#3015 = CARTESIAN_POINT('',(-1.256637061436,0.));
#3016 = VECTOR('',#3017,1.);
#3017 = DIRECTION('',(-0.,1.));
#3018 = ( GEOMETRIC_REPRESENTATION_CONTEXT(2) 
PARAMETRIC_REPRESENTATION_CONTEXT() REPRESENTATION_CONTEXT('2D SPACE',''
  ) );
#3019 = PCURVE('',#2966,#3020);
#3020 = DEFINITIONAL_REPRESENTATION('',(#3021),#3025);
#3021 = LINE('',#3022,#3023);
#3022 = CARTESIAN_POINT('',(12.421826262007,-10.));
#3023 = VECTOR('',#3024,1.);
#3024 = DIRECTION('',(0.,1.));
#3025 = ( GEOMETRIC_REPRESENTATION_CONTEXT(2) 
PARAMETRIC_REPRESENTATION_CONTEXT() REPRESENTATION_CONTEXT('2D SPACE',''
  ) );
#3026 = ORIENTED_EDGE('',*,*,#2902,.F.);
#3027 = ORIENTED_EDGE('',*,*,#1792,.F.);
#3028 = ORIENTED_EDGE('',*,*,#2794,.F.);
#3029 = ORIENTED_EDGE('',*,*,#3030,.F.);
#3030 = EDGE_CURVE('',#2851,#2772,#3031,.T.);
#3031 = SURFACE_CURVE('',#3032,(#3036,#3043),.PCURVE_S1.);
#3032 = LINE('',#3033,#3034);
#3033 = CARTESIAN_POINT('',(13.441630164725,-10.,22.));
#3034 = VECTOR('',#3035,1.);
#3035 = DIRECTION('',(0.,1.,0.));
#3036 = PCURVE('',#1711,#3037);
#3037 = DEFINITIONAL_REPRESENTATION('',(#3038),#3042);
#3038 = LINE('',#3039,#3040);
#3039 = CARTESIAN_POINT('',(-0.509052711767,0.));
#3040 = VECTOR('',#3041,1.);
#3041 = DIRECTION('',(-0.,1.));
#3042 = ( GEOMETRIC_REPRESENTATION_CONTEXT(2) 
PARAMETRIC_REPRESENTATION_CONTEXT() REPRESENTATION_CONTEXT('2D SPACE',''
  ) );
#3043 = PCURVE('',#2308,#3044);
#3044 = DEFINITIONAL_REPRESENTATION('',(#3045),#3049);
#3045 = LINE('',#3046,#3047);
#3046 = CARTESIAN_POINT('',(15.,-3.441630164725));
#3047 = VECTOR('',#3048,1.);
#3048 = DIRECTION('',(-1.,-0.));
#3049 = ( GEOMETRIC_REPRESENTATION_CONTEXT(2) 
PARAMETRIC_REPRESENTATION_CONTEXT() REPRESENTATION_CONTEXT('2D SPACE',''
  ) );
#3050 = ORIENTED_EDGE('',*,*,#2850,.T.);
#3051 = ADVANCED_FACE('',(#3052),#1835,.F.);
#3052 = FACE_BOUND('',#3053,.F.);
#3053 = EDGE_LOOP('',(#3054,#3078,#3079,#3080));
#3054 = ORIENTED_EDGE('',*,*,#3055,.F.);
#3055 = EDGE_CURVE('',#1819,#3056,#3058,.T.);
#3056 = VERTEX_POINT('',#3057);
#3057 = CARTESIAN_POINT('',(11.,-11.421826262,22.4));
#3058 = SURFACE_CURVE('',#3059,(#3064,#3071),.PCURVE_S1.);
#3059 = CIRCLE('',#3060,1.5);
#3060 = AXIS2_PLACEMENT_3D('',#3061,#3062,#3063);
#3061 = CARTESIAN_POINT('',(11.,-11.421826262,20.9));
#3062 = DIRECTION('',(-1.,0.,0.));
#3063 = DIRECTION('',(0.,-0.951056516295,0.309016994375));
#3064 = PCURVE('',#1835,#3065);
#3065 = DEFINITIONAL_REPRESENTATION('',(#3066),#3070);
#3066 = LINE('',#3067,#3068);
#3067 = CARTESIAN_POINT('',(0.,0.314159265359));
#3068 = VECTOR('',#3069,1.);
#3069 = DIRECTION('',(0.,1.));
#3070 = ( GEOMETRIC_REPRESENTATION_CONTEXT(2) 
PARAMETRIC_REPRESENTATION_CONTEXT() REPRESENTATION_CONTEXT('2D SPACE',''
  ) );
#3071 = PCURVE('',#1920,#3072);
#3072 = DEFINITIONAL_REPRESENTATION('',(#3073),#3077);
#3073 = LINE('',#3074,#3075);
#3074 = CARTESIAN_POINT('',(-0.,22.));
#3075 = VECTOR('',#3076,1.);
#3076 = DIRECTION('',(-1.,0.));
#3077 = ( GEOMETRIC_REPRESENTATION_CONTEXT(2) 
PARAMETRIC_REPRESENTATION_CONTEXT() REPRESENTATION_CONTEXT('2D SPACE',''
  ) );
#3078 = ORIENTED_EDGE('',*,*,#1818,.T.);
#3079 = ORIENTED_EDGE('',*,*,#2982,.T.);
#3080 = ORIENTED_EDGE('',*,*,#3081,.F.);
#3081 = EDGE_CURVE('',#3056,#2983,#3082,.T.);
#3082 = SURFACE_CURVE('',#3083,(#3088,#3095),.PCURVE_S1.);
#3083 = CIRCLE('',#3084,1.421826262007);
#3084 = AXIS2_PLACEMENT_3D('',#3085,#3086,#3087);
#3085 = CARTESIAN_POINT('',(11.,-10.,22.4));
#3086 = DIRECTION('',(-0.,0.,1.));
#3087 = DIRECTION('',(0.,-1.,0.));
#3088 = PCURVE('',#1835,#3089);
#3089 = DEFINITIONAL_REPRESENTATION('',(#3090),#3094);
#3090 = LINE('',#3091,#3092);
#3091 = CARTESIAN_POINT('',(0.,1.570796326795));
#3092 = VECTOR('',#3093,1.);
#3093 = DIRECTION('',(1.,0.));
#3094 = ( GEOMETRIC_REPRESENTATION_CONTEXT(2) 
PARAMETRIC_REPRESENTATION_CONTEXT() REPRESENTATION_CONTEXT('2D SPACE',''
  ) );
#3095 = PCURVE('',#2966,#3096);
#3096 = DEFINITIONAL_REPRESENTATION('',(#3097),#3101);
#3097 = CIRCLE('',#3098,1.421826262007);
#3098 = AXIS2_PLACEMENT_2D('',#3099,#3100);
#3099 = CARTESIAN_POINT('',(11.,-10.));
#3100 = DIRECTION('',(0.,-1.));
#3101 = ( GEOMETRIC_REPRESENTATION_CONTEXT(2) 
PARAMETRIC_REPRESENTATION_CONTEXT() REPRESENTATION_CONTEXT('2D SPACE',''
  ) );
#3102 = ADVANCED_FACE('',(#3103),#1920,.F.);
#3103 = FACE_BOUND('',#3104,.T.);
#3104 = EDGE_LOOP('',(#3105,#3129,#3150,#3151));
#3105 = ORIENTED_EDGE('',*,*,#3106,.T.);
#3106 = EDGE_CURVE('',#1884,#3107,#3109,.T.);
#3107 = VERTEX_POINT('',#3108);
#3108 = CARTESIAN_POINT('',(-11.,-11.421826262,22.4));
#3109 = SURFACE_CURVE('',#3110,(#3115,#3122),.PCURVE_S1.);
#3110 = CIRCLE('',#3111,1.5);
#3111 = AXIS2_PLACEMENT_3D('',#3112,#3113,#3114);
#3112 = CARTESIAN_POINT('',(-11.,-11.421826262,20.9));
#3113 = DIRECTION('',(-1.,-0.,0.));
#3114 = DIRECTION('',(0.,-1.,-3.330669073875E-16));
#3115 = PCURVE('',#1920,#3116);
#3116 = DEFINITIONAL_REPRESENTATION('',(#3117),#3121);
#3117 = LINE('',#3118,#3119);
#3118 = CARTESIAN_POINT('',(0.314159265359,-0.));
#3119 = VECTOR('',#3120,1.);
#3120 = DIRECTION('',(-1.,0.));
#3121 = ( GEOMETRIC_REPRESENTATION_CONTEXT(2) 
PARAMETRIC_REPRESENTATION_CONTEXT() REPRESENTATION_CONTEXT('2D SPACE',''
  ) );
#3122 = PCURVE('',#1952,#3123);
#3123 = DEFINITIONAL_REPRESENTATION('',(#3124),#3128);
#3124 = LINE('',#3125,#3126);
#3125 = CARTESIAN_POINT('',(1.570796326795,0.));
#3126 = VECTOR('',#3127,1.);
#3127 = DIRECTION('',(0.,1.));
#3128 = ( GEOMETRIC_REPRESENTATION_CONTEXT(2) 
PARAMETRIC_REPRESENTATION_CONTEXT() REPRESENTATION_CONTEXT('2D SPACE',''
  ) );
#3129 = ORIENTED_EDGE('',*,*,#3130,.T.);
#3130 = EDGE_CURVE('',#3107,#3056,#3131,.T.);
#3131 = SURFACE_CURVE('',#3132,(#3136,#3143),.PCURVE_S1.);
#3132 = LINE('',#3133,#3134);
#3133 = CARTESIAN_POINT('',(-11.,-11.421826262,22.4));
#3134 = VECTOR('',#3135,1.);
#3135 = DIRECTION('',(1.,0.,0.));
#3136 = PCURVE('',#1920,#3137);
#3137 = DEFINITIONAL_REPRESENTATION('',(#3138),#3142);
#3138 = LINE('',#3139,#3140);
#3139 = CARTESIAN_POINT('',(-1.256637061436,0.));
#3140 = VECTOR('',#3141,1.);
#3141 = DIRECTION('',(-0.,1.));
#3142 = ( GEOMETRIC_REPRESENTATION_CONTEXT(2) 
PARAMETRIC_REPRESENTATION_CONTEXT() REPRESENTATION_CONTEXT('2D SPACE',''
  ) );
#3143 = PCURVE('',#2966,#3144);
#3144 = DEFINITIONAL_REPRESENTATION('',(#3145),#3149);
#3145 = LINE('',#3146,#3147);
#3146 = CARTESIAN_POINT('',(-11.,-11.421826262));
#3147 = VECTOR('',#3148,1.);
#3148 = DIRECTION('',(1.,0.));
#3149 = ( GEOMETRIC_REPRESENTATION_CONTEXT(2) 
PARAMETRIC_REPRESENTATION_CONTEXT() REPRESENTATION_CONTEXT('2D SPACE',''
  ) );
#3150 = ORIENTED_EDGE('',*,*,#3055,.F.);
#3151 = ORIENTED_EDGE('',*,*,#1906,.F.);
#3152 = ADVANCED_FACE('',(#3153),#1952,.F.);
#3153 = FACE_BOUND('',#3154,.F.);
#3154 = EDGE_LOOP('',(#3155,#3179,#3180,#3181));
#3155 = ORIENTED_EDGE('',*,*,#3156,.F.);
#3156 = EDGE_CURVE('',#1936,#3157,#3159,.T.);
#3157 = VERTEX_POINT('',#3158);
#3158 = CARTESIAN_POINT('',(-12.421826262,-10.,22.4));
#3159 = SURFACE_CURVE('',#3160,(#3165,#3172),.PCURVE_S1.);
#3160 = CIRCLE('',#3161,1.5);
#3161 = AXIS2_PLACEMENT_3D('',#3162,#3163,#3164);
#3162 = CARTESIAN_POINT('',(-12.421826262,-10.,20.9));
#3163 = DIRECTION('',(0.,1.,-0.));
#3164 = DIRECTION('',(-0.951056516295,0.,0.309016994375));
#3165 = PCURVE('',#1952,#3166);
#3166 = DEFINITIONAL_REPRESENTATION('',(#3167),#3171);
#3167 = LINE('',#3168,#3169);
#3168 = CARTESIAN_POINT('',(0.,0.314159265359));
#3169 = VECTOR('',#3170,1.);
#3170 = DIRECTION('',(0.,1.));
#3171 = ( GEOMETRIC_REPRESENTATION_CONTEXT(2) 
PARAMETRIC_REPRESENTATION_CONTEXT() REPRESENTATION_CONTEXT('2D SPACE',''
  ) );
#3172 = PCURVE('',#2035,#3173);
#3173 = DEFINITIONAL_REPRESENTATION('',(#3174),#3178);
#3174 = LINE('',#3175,#3176);
#3175 = CARTESIAN_POINT('',(-0.,20.));
#3176 = VECTOR('',#3177,1.);
#3177 = DIRECTION('',(-1.,0.));
#3178 = ( GEOMETRIC_REPRESENTATION_CONTEXT(2) 
PARAMETRIC_REPRESENTATION_CONTEXT() REPRESENTATION_CONTEXT('2D SPACE',''
  ) );
#3179 = ORIENTED_EDGE('',*,*,#1935,.T.);
#3180 = ORIENTED_EDGE('',*,*,#3106,.T.);
#3181 = ORIENTED_EDGE('',*,*,#3182,.F.);
#3182 = EDGE_CURVE('',#3157,#3107,#3183,.T.);
#3183 = SURFACE_CURVE('',#3184,(#3189,#3196),.PCURVE_S1.);
#3184 = CIRCLE('',#3185,1.421826262007);
#3185 = AXIS2_PLACEMENT_3D('',#3186,#3187,#3188);
#3186 = CARTESIAN_POINT('',(-11.,-10.,22.4));
#3187 = DIRECTION('',(0.,0.,1.));
#3188 = DIRECTION('',(-1.,0.,0.));
#3189 = PCURVE('',#1952,#3190);
#3190 = DEFINITIONAL_REPRESENTATION('',(#3191),#3195);
#3191 = LINE('',#3192,#3193);
#3192 = CARTESIAN_POINT('',(0.,1.570796326795));
#3193 = VECTOR('',#3194,1.);
#3194 = DIRECTION('',(1.,0.));
#3195 = ( GEOMETRIC_REPRESENTATION_CONTEXT(2) 
PARAMETRIC_REPRESENTATION_CONTEXT() REPRESENTATION_CONTEXT('2D SPACE',''
  ) );
#3196 = PCURVE('',#2966,#3197);
#3197 = DEFINITIONAL_REPRESENTATION('',(#3198),#3202);
#3198 = CIRCLE('',#3199,1.421826262007);
#3199 = AXIS2_PLACEMENT_2D('',#3200,#3201);
#3200 = CARTESIAN_POINT('',(-11.,-10.));
#3201 = DIRECTION('',(-1.,0.));
#3202 = ( GEOMETRIC_REPRESENTATION_CONTEXT(2) 
PARAMETRIC_REPRESENTATION_CONTEXT() REPRESENTATION_CONTEXT('2D SPACE',''
  ) );
#3203 = ADVANCED_FACE('',(#3204),#2035,.F.);
#3204 = FACE_BOUND('',#3205,.T.);
#3205 = EDGE_LOOP('',(#3206,#3230,#3251,#3252));
#3206 = ORIENTED_EDGE('',*,*,#3207,.T.);
#3207 = EDGE_CURVE('',#1999,#3208,#3210,.T.);
#3208 = VERTEX_POINT('',#3209);
#3209 = CARTESIAN_POINT('',(-12.421826262,10.,22.4));
#3210 = SURFACE_CURVE('',#3211,(#3216,#3223),.PCURVE_S1.);
#3211 = CIRCLE('',#3212,1.5);
#3212 = AXIS2_PLACEMENT_3D('',#3213,#3214,#3215);
#3213 = CARTESIAN_POINT('',(-12.421826262,10.,20.9));
#3214 = DIRECTION('',(0.,1.,-0.));
#3215 = DIRECTION('',(-0.951056516295,0.,0.309016994375));
#3216 = PCURVE('',#2035,#3217);
#3217 = DEFINITIONAL_REPRESENTATION('',(#3218),#3222);
#3218 = LINE('',#3219,#3220);
#3219 = CARTESIAN_POINT('',(-0.,0.));
#3220 = VECTOR('',#3221,1.);
#3221 = DIRECTION('',(-1.,0.));
#3222 = ( GEOMETRIC_REPRESENTATION_CONTEXT(2) 
PARAMETRIC_REPRESENTATION_CONTEXT() REPRESENTATION_CONTEXT('2D SPACE',''
  ) );
#3223 = PCURVE('',#2092,#3224);
#3224 = DEFINITIONAL_REPRESENTATION('',(#3225),#3229);
#3225 = LINE('',#3226,#3227);
#3226 = CARTESIAN_POINT('',(1.570796326795,0.314159265359));
#3227 = VECTOR('',#3228,1.);
#3228 = DIRECTION('',(0.,1.));
#3229 = ( GEOMETRIC_REPRESENTATION_CONTEXT(2) 
PARAMETRIC_REPRESENTATION_CONTEXT() REPRESENTATION_CONTEXT('2D SPACE',''
  ) );
#3230 = ORIENTED_EDGE('',*,*,#3231,.T.);
#3231 = EDGE_CURVE('',#3208,#3157,#3232,.T.);
#3232 = SURFACE_CURVE('',#3233,(#3237,#3244),.PCURVE_S1.);
#3233 = LINE('',#3234,#3235);
#3234 = CARTESIAN_POINT('',(-12.421826262,10.,22.4));
#3235 = VECTOR('',#3236,1.);
#3236 = DIRECTION('',(0.,-1.,0.));
#3237 = PCURVE('',#2035,#3238);
#3238 = DEFINITIONAL_REPRESENTATION('',(#3239),#3243);
#3239 = LINE('',#3240,#3241);
#3240 = CARTESIAN_POINT('',(-1.256637061436,0.));
#3241 = VECTOR('',#3242,1.);
#3242 = DIRECTION('',(-0.,1.));
#3243 = ( GEOMETRIC_REPRESENTATION_CONTEXT(2) 
PARAMETRIC_REPRESENTATION_CONTEXT() REPRESENTATION_CONTEXT('2D SPACE',''
  ) );
#3244 = PCURVE('',#2966,#3245);
#3245 = DEFINITIONAL_REPRESENTATION('',(#3246),#3250);
#3246 = LINE('',#3247,#3248);
#3247 = CARTESIAN_POINT('',(-12.421826262,10.));
#3248 = VECTOR('',#3249,1.);
#3249 = DIRECTION('',(0.,-1.));
#3250 = ( GEOMETRIC_REPRESENTATION_CONTEXT(2) 
PARAMETRIC_REPRESENTATION_CONTEXT() REPRESENTATION_CONTEXT('2D SPACE',''
  ) );
#3251 = ORIENTED_EDGE('',*,*,#3156,.F.);
#3252 = ORIENTED_EDGE('',*,*,#2021,.F.);
#3253 = ADVANCED_FACE('',(#3254),#2092,.F.);
#3254 = FACE_BOUND('',#3255,.F.);
#3255 = EDGE_LOOP('',(#3256,#3280,#3281,#3282));
#3256 = ORIENTED_EDGE('',*,*,#3257,.F.);
#3257 = EDGE_CURVE('',#2053,#3258,#3260,.T.);
#3258 = VERTEX_POINT('',#3259);
#3259 = CARTESIAN_POINT('',(-11.,11.421826262007,22.4));
#3260 = SURFACE_CURVE('',#3261,(#3266,#3273),.PCURVE_S1.);
#3261 = CIRCLE('',#3262,1.5);
#3262 = AXIS2_PLACEMENT_3D('',#3263,#3264,#3265);
#3263 = CARTESIAN_POINT('',(-11.,11.421826262007,20.9));
#3264 = DIRECTION('',(1.,0.,-0.));
#3265 = DIRECTION('',(0.,0.951056516295,0.309016994375));
#3266 = PCURVE('',#2092,#3267);
#3267 = DEFINITIONAL_REPRESENTATION('',(#3268),#3272);
#3268 = LINE('',#3269,#3270);
#3269 = CARTESIAN_POINT('',(0.,0.314159265359));
#3270 = VECTOR('',#3271,1.);
#3271 = DIRECTION('',(0.,1.));
#3272 = ( GEOMETRIC_REPRESENTATION_CONTEXT(2) 
PARAMETRIC_REPRESENTATION_CONTEXT() REPRESENTATION_CONTEXT('2D SPACE',''
  ) );
#3273 = PCURVE('',#2129,#3274);
#3274 = DEFINITIONAL_REPRESENTATION('',(#3275),#3279);
#3275 = LINE('',#3276,#3277);
#3276 = CARTESIAN_POINT('',(-0.,22.));
#3277 = VECTOR('',#3278,1.);
#3278 = DIRECTION('',(-1.,0.));
#3279 = ( GEOMETRIC_REPRESENTATION_CONTEXT(2) 
PARAMETRIC_REPRESENTATION_CONTEXT() REPRESENTATION_CONTEXT('2D SPACE',''
  ) );
#3280 = ORIENTED_EDGE('',*,*,#2077,.T.);
#3281 = ORIENTED_EDGE('',*,*,#3207,.T.);
#3282 = ORIENTED_EDGE('',*,*,#3283,.F.);
#3283 = EDGE_CURVE('',#3258,#3208,#3284,.T.);
#3284 = SURFACE_CURVE('',#3285,(#3290,#3297),.PCURVE_S1.);
#3285 = CIRCLE('',#3286,1.421826262007);
#3286 = AXIS2_PLACEMENT_3D('',#3287,#3288,#3289);
#3287 = CARTESIAN_POINT('',(-11.,10.,22.4));
#3288 = DIRECTION('',(0.,-0.,1.));
#3289 = DIRECTION('',(0.,1.,0.));
#3290 = PCURVE('',#2092,#3291);
#3291 = DEFINITIONAL_REPRESENTATION('',(#3292),#3296);
#3292 = LINE('',#3293,#3294);
#3293 = CARTESIAN_POINT('',(0.,1.570796326795));
#3294 = VECTOR('',#3295,1.);
#3295 = DIRECTION('',(1.,0.));
#3296 = ( GEOMETRIC_REPRESENTATION_CONTEXT(2) 
PARAMETRIC_REPRESENTATION_CONTEXT() REPRESENTATION_CONTEXT('2D SPACE',''
  ) );
#3297 = PCURVE('',#2966,#3298);
#3298 = DEFINITIONAL_REPRESENTATION('',(#3299),#3303);
#3299 = CIRCLE('',#3300,1.421826262007);
#3300 = AXIS2_PLACEMENT_2D('',#3301,#3302);
#3301 = CARTESIAN_POINT('',(-11.,10.));
#3302 = DIRECTION('',(0.,1.));
#3303 = ( GEOMETRIC_REPRESENTATION_CONTEXT(2) 
PARAMETRIC_REPRESENTATION_CONTEXT() REPRESENTATION_CONTEXT('2D SPACE',''
  ) );
#3304 = ADVANCED_FACE('',(#3305),#2129,.F.);
#3305 = FACE_BOUND('',#3306,.T.);
#3306 = EDGE_LOOP('',(#3307,#3308,#3329,#3330));
#3307 = ORIENTED_EDGE('',*,*,#2927,.T.);
#3308 = ORIENTED_EDGE('',*,*,#3309,.T.);
#3309 = EDGE_CURVE('',#2928,#3258,#3310,.T.);
#3310 = SURFACE_CURVE('',#3311,(#3315,#3322),.PCURVE_S1.);
#3311 = LINE('',#3312,#3313);
#3312 = CARTESIAN_POINT('',(11.,11.421826262007,22.4));
#3313 = VECTOR('',#3314,1.);
#3314 = DIRECTION('',(-1.,0.,0.));
#3315 = PCURVE('',#2129,#3316);
#3316 = DEFINITIONAL_REPRESENTATION('',(#3317),#3321);
#3317 = LINE('',#3318,#3319);
#3318 = CARTESIAN_POINT('',(-1.256637061436,0.));
#3319 = VECTOR('',#3320,1.);
#3320 = DIRECTION('',(-0.,1.));
#3321 = ( GEOMETRIC_REPRESENTATION_CONTEXT(2) 
PARAMETRIC_REPRESENTATION_CONTEXT() REPRESENTATION_CONTEXT('2D SPACE',''
  ) );
#3322 = PCURVE('',#2966,#3323);
#3323 = DEFINITIONAL_REPRESENTATION('',(#3324),#3328);
#3324 = LINE('',#3325,#3326);
#3325 = CARTESIAN_POINT('',(11.,11.421826262007));
#3326 = VECTOR('',#3327,1.);
#3327 = DIRECTION('',(-1.,0.));
#3328 = ( GEOMETRIC_REPRESENTATION_CONTEXT(2) 
PARAMETRIC_REPRESENTATION_CONTEXT() REPRESENTATION_CONTEXT('2D SPACE',''
  ) );
#3329 = ORIENTED_EDGE('',*,*,#3257,.F.);
#3330 = ORIENTED_EDGE('',*,*,#2115,.F.);
#3331 = ADVANCED_FACE('',(#3332),#2308,.T.);
#3332 = FACE_BOUND('',#3333,.T.);
#3333 = EDGE_LOOP('',(#3334,#3335,#3336,#3337));
#3334 = ORIENTED_EDGE('',*,*,#3030,.T.);
#3335 = ORIENTED_EDGE('',*,*,#2771,.T.);
#3336 = ORIENTED_EDGE('',*,*,#2292,.F.);
#3337 = ORIENTED_EDGE('',*,*,#2874,.F.);
#3338 = ADVANCED_FACE('',(#3339),#2406,.T.);
#3339 = FACE_BOUND('',#3340,.T.);
#3340 = EDGE_LOOP('',(#3341,#3342,#3343,#3344));
#3341 = ORIENTED_EDGE('',*,*,#2495,.F.);
#3342 = ORIENTED_EDGE('',*,*,#2392,.T.);
#3343 = ORIENTED_EDGE('',*,*,#2446,.T.);
#3344 = ORIENTED_EDGE('',*,*,#2522,.F.);
#3345 = ADVANCED_FACE('',(#3346),#2607,.T.);
#3346 = FACE_BOUND('',#3347,.T.);
#3347 = EDGE_LOOP('',(#3348,#3349,#3350,#3351));
#3348 = ORIENTED_EDGE('',*,*,#2723,.F.);
#3349 = ORIENTED_EDGE('',*,*,#2593,.T.);
#3350 = ORIENTED_EDGE('',*,*,#2647,.T.);
#3351 = ORIENTED_EDGE('',*,*,#2696,.F.);
#3352 = ADVANCED_FACE('',(#3353),#2966,.F.);
#3353 = FACE_BOUND('',#3354,.F.);
#3354 = EDGE_LOOP('',(#3355,#3356,#3357,#3358,#3359,#3360,#3361,#3362));
#3355 = ORIENTED_EDGE('',*,*,#3231,.T.);
#3356 = ORIENTED_EDGE('',*,*,#3182,.T.);
#3357 = ORIENTED_EDGE('',*,*,#3130,.T.);
#3358 = ORIENTED_EDGE('',*,*,#3081,.T.);
#3359 = ORIENTED_EDGE('',*,*,#3006,.T.);
#3360 = ORIENTED_EDGE('',*,*,#2951,.T.);
#3361 = ORIENTED_EDGE('',*,*,#3309,.T.);
#3362 = ORIENTED_EDGE('',*,*,#3283,.T.);
#3363 = ( GEOMETRIC_REPRESENTATION_CONTEXT(3) 
GLOBAL_UNCERTAINTY_ASSIGNED_CONTEXT((#3367)) 
GLOBAL_UNIT_ASSIGNED_CONTEXT((#3364,#3365,#3366)) REPRESENTATION_CONTEXT
('Context #1','3D Context with UNIT and UNCERTAINTY') );
#3364 = ( LENGTH_UNIT() NAMED_UNIT(*) SI_UNIT(.MILLI.,.METRE.) );
#3365 = ( NAMED_UNIT(*) PLANE_ANGLE_UNIT() SI_UNIT($,.RADIAN.) );
#3366 = ( NAMED_UNIT(*) SI_UNIT($,.STERADIAN.) SOLID_ANGLE_UNIT() );
#3367 = UNCERTAINTY_MEASURE_WITH_UNIT(LENGTH_MEASURE(5.E-06),#3364,
  'distance_accuracy_value','confusion accuracy');
#3368 = PRODUCT_RELATED_PRODUCT_CATEGORY('part',$,(#7));
ENDSEC;
END-ISO-10303-21;
