ISO-10303-21;
HEADER;
FILE_DESCRIPTION(('Open CASCADE Model'),'2;1');
FILE_NAME('Open CASCADE Shape Model','2026-10-07T18:45:03',('Author'),(
    'Open CASCADE'),'Open CASCADE STEP processor 7.9','Open CASCADE 7.9'
  ,'Unknown');
FILE_SCHEMA(('AUTOMOTIVE_DESIGN { 1 0 10303 214 1 1 1 1 }'));
ENDSEC;
DATA;
#1 = APPLICATION_PROTOCOL_DEFINITION('international standard',
  'automotive_design',2000,#2);
#2 = APPLICATION_CONTEXT(
  'core data for automotive mechanical design processes');
#3 = SHAPE_DEFINITION_REPRESENTATION(#4,#10);
#4 = PRODUCT_DEFINITION_SHAPE('','',#5);
#5 = PRODUCT_DEFINITION('design','',#6,#9);
#6 = PRODUCT_DEFINITION_FORMATION('','',#7);
#7 = PRODUCT('Open CASCADE STEP translator 7.9 1',
  'Open CASCADE STEP translator 7.9 1','',(#8));
#8 = PRODUCT_CONTEXT('',#2,'mechanical');
#9 = PRODUCT_DEFINITION_CONTEXT('part definition',#2,'design');
#10 = SHAPE_REPRESENTATION('',(#11,#15,#19,#23,#27,#31),#35);
#11 = AXIS2_PLACEMENT_3D('',#12,#13,#14);
#12 = CARTESIAN_POINT('',(0.,0.,0.));
#13 = DIRECTION('',(0.,0.,1.));
#14 = DIRECTION('',(1.,0.,-0.));
#15 = AXIS2_PLACEMENT_3D('',#16,#17,#18);
#16 = CARTESIAN_POINT('',(0.,0.,0.));
#17 = DIRECTION('',(0.,0.,1.));
#18 = DIRECTION('',(1.,0.,-0.));
#19 = AXIS2_PLACEMENT_3D('',#20,#21,#22);
#20 = CARTESIAN_POINT('',(0.,0.,0.));
#21 = DIRECTION('',(0.,0.,1.));
#22 = DIRECTION('',(1.,0.,0.));
#23 = AXIS2_PLACEMENT_3D('',#24,#25,#26);
#24 = CARTESIAN_POINT('',(0.,0.,0.));
#25 = DIRECTION('',(0.,0.,1.));
#26 = DIRECTION('',(1.,0.,0.));
#27 = AXIS2_PLACEMENT_3D('',#28,#29,#30);
#28 = CARTESIAN_POINT('',(0.,0.,0.));
#29 = DIRECTION('',(0.,0.,1.));
#30 = DIRECTION('',(1.,0.,0.));
#31 = AXIS2_PLACEMENT_3D('',#32,#33,#34);
#32 = CARTESIAN_POINT('',(0.,0.,0.));
#33 = DIRECTION('',(0.,0.,1.));
#34 = DIRECTION('',(1.,0.,0.));
#35 = ( GEOMETRIC_REPRESENTATION_CONTEXT(3) 
GLOBAL_UNCERTAINTY_ASSIGNED_CONTEXT((#39)) GLOBAL_UNIT_ASSIGNED_CONTEXT(
(#36,#37,#38)) REPRESENTATION_CONTEXT('Context #1',
  '3D Context with UNIT and UNCERTAINTY') );
#36 = ( LENGTH_UNIT() NAMED_UNIT(*) SI_UNIT(.MILLI.,.METRE.) );
#37 = ( NAMED_UNIT(*) PLANE_ANGLE_UNIT() SI_UNIT($,.RADIAN.) );
#38 = ( NAMED_UNIT(*) SI_UNIT($,.STERADIAN.) SOLID_ANGLE_UNIT() );
#39 = UNCERTAINTY_MEASURE_WITH_UNIT(LENGTH_MEASURE(1.E-07),#36,
  'distance_accuracy_value','confusion accuracy');
#40 = PRODUCT_RELATED_PRODUCT_CATEGORY('part',$,(#7));
#41 = SHAPE_DEFINITION_REPRESENTATION(#42,#48);
#42 = PRODUCT_DEFINITION_SHAPE('','',#43);
#43 = PRODUCT_DEFINITION('design','',#44,#47);
#44 = PRODUCT_DEFINITION_FORMATION('','',#45);
#45 = PRODUCT('Open CASCADE STEP translator 7.9 1.1',
  'Open CASCADE STEP translator 7.9 1.1','',(#46));
#46 = PRODUCT_CONTEXT('',#2,'mechanical');
#47 = PRODUCT_DEFINITION_CONTEXT('part definition',#2,'design');
#48 = ADVANCED_BREP_SHAPE_REPRESENTATION('',(#11,#49),#9939);
#49 = MANIFOLD_SOLID_BREP('',#50);
#50 = CLOSED_SHELL('',(#51,#609,#873,#1140,#1189,#1243,#1270,#1319,#1373
    ,#1400,#1449,#1503,#1530,#1580,#1634,#1684,#1734,#1784,#1839,#2782,
    #2810,#3604,#3629,#3654,#3684,#3739,#3794,#3821,#3848,#3873,#3898,
    #4047,#4054,#4079,#4106,#4133,#4158,#4183,#4332,#4339,#4364,#4391,
    #4418,#4443,#4468,#4617,#4624,#4649,#4676,#4703,#4710,#4757,#4784,
    #4811,#4818,#4868,#4875,#4930,#5455,#5510,#6035,#6090,#6615,#6670,
    #6937,#6986,#7040,#7067,#7116,#7170,#7197,#7246,#7300,#7327,#7377,
    #7431,#7481,#7531,#7581,#7636,#7903,#7958,#8225,#8274,#8328,#8355,
    #8404,#8458,#8485,#8534,#8588,#8615,#8665,#8719,#8769,#8819,#8869,
    #8904,#8934,#8984,#9019,#9068,#9122,#9149,#9198,#9252,#9279,#9328,
    #9382,#9409,#9459,#9509,#9559,#9613,#9663,#9693,#9743,#9778,#9808,
    #9858,#9885,#9912));
#51 = ADVANCED_FACE('',(#52,#88,#204,#315,#450,#481,#516,#547,#578),#65,
  .F.);
#52 = FACE_BOUND('',#53,.T.);
#53 = EDGE_LOOP('',(#54));
#54 = ORIENTED_EDGE('',*,*,#55,.F.);
#55 = EDGE_CURVE('',#56,#56,#58,.T.);
#56 = VERTEX_POINT('',#57);
#57 = CARTESIAN_POINT('',(-5.587572106361,-33.58757210636,0.));
#58 = SURFACE_CURVE('',#59,(#64,#76),.PCURVE_S1.);
#59 = CIRCLE('',#60,28.);
#60 = AXIS2_PLACEMENT_3D('',#61,#62,#63);
#61 = CARTESIAN_POINT('',(-33.58757210636,-33.58757210636,0.));
#62 = DIRECTION('',(0.,0.,1.));
#63 = DIRECTION('',(1.,0.,-0.));
#64 = PCURVE('',#65,#70);
#65 = PLANE('',#66);
#66 = AXIS2_PLACEMENT_3D('',#67,#68,#69);
#67 = CARTESIAN_POINT('',(-33.58757210636,-33.58757210636,0.));
#68 = DIRECTION('',(0.,0.,1.));
#69 = DIRECTION('',(1.,0.,-0.));
#70 = DEFINITIONAL_REPRESENTATION('',(#71),#75);
#71 = CIRCLE('',#72,28.);
#72 = AXIS2_PLACEMENT_2D('',#73,#74);
#73 = CARTESIAN_POINT('',(0.,0.));
#74 = DIRECTION('',(1.,-0.));
#75 = ( GEOMETRIC_REPRESENTATION_CONTEXT(2) 
PARAMETRIC_REPRESENTATION_CONTEXT() REPRESENTATION_CONTEXT('2D SPACE',''
  ) );
#76 = PCURVE('',#77,#82);
#77 = CYLINDRICAL_SURFACE('',#78,28.);
#78 = AXIS2_PLACEMENT_3D('',#79,#80,#81);
#79 = CARTESIAN_POINT('',(-33.58757210636,-33.58757210636,0.));
#80 = DIRECTION('',(0.,0.,1.));
#81 = DIRECTION('',(1.,0.,-0.));
#82 = DEFINITIONAL_REPRESENTATION('',(#83),#87);
#83 = LINE('',#84,#85);
#84 = CARTESIAN_POINT('',(0.,0.));
#85 = VECTOR('',#86,1.);
#86 = DIRECTION('',(1.,0.));
#87 = ( GEOMETRIC_REPRESENTATION_CONTEXT(2) 
PARAMETRIC_REPRESENTATION_CONTEXT() REPRESENTATION_CONTEXT('2D SPACE',''
  ) );
#88 = FACE_BOUND('',#89,.T.);
#89 = EDGE_LOOP('',(#90,#121,#149,#178));
#90 = ORIENTED_EDGE('',*,*,#91,.T.);
#91 = EDGE_CURVE('',#92,#94,#96,.T.);
#92 = VERTEX_POINT('',#93);
#93 = CARTESIAN_POINT('',(-60.07049105921,-27.83735439425,0.));
#94 = VERTEX_POINT('',#95);
#95 = CARTESIAN_POINT('',(-27.83735439425,-60.07049105921,0.));
#96 = SURFACE_CURVE('',#97,(#102,#109),.PCURVE_S1.);
#97 = CIRCLE('',#98,27.1);
#98 = AXIS2_PLACEMENT_3D('',#99,#100,#101);
#99 = CARTESIAN_POINT('',(-33.58757210636,-33.58757210636,0.));
#100 = DIRECTION('',(0.,0.,1.));
#101 = DIRECTION('',(1.,0.,-0.));
#102 = PCURVE('',#65,#103);
#103 = DEFINITIONAL_REPRESENTATION('',(#104),#108);
#104 = CIRCLE('',#105,27.1);
#105 = AXIS2_PLACEMENT_2D('',#106,#107);
#106 = CARTESIAN_POINT('',(0.,0.));
#107 = DIRECTION('',(1.,-0.));
#108 = ( GEOMETRIC_REPRESENTATION_CONTEXT(2) 
PARAMETRIC_REPRESENTATION_CONTEXT() REPRESENTATION_CONTEXT('2D SPACE',''
  ) );
#109 = PCURVE('',#110,#115);
#110 = CYLINDRICAL_SURFACE('',#111,27.1);
#111 = AXIS2_PLACEMENT_3D('',#112,#113,#114);
#112 = CARTESIAN_POINT('',(-33.58757210636,-33.58757210636,8.4));
#113 = DIRECTION('',(-0.,-0.,-1.));
#114 = DIRECTION('',(1.,0.,0.));
#115 = DEFINITIONAL_REPRESENTATION('',(#116),#120);
#116 = LINE('',#117,#118);
#117 = CARTESIAN_POINT('',(-0.,8.4));
#118 = VECTOR('',#119,1.);
#119 = DIRECTION('',(-1.,0.));
#120 = ( GEOMETRIC_REPRESENTATION_CONTEXT(2) 
PARAMETRIC_REPRESENTATION_CONTEXT() REPRESENTATION_CONTEXT('2D SPACE',''
  ) );
#121 = ORIENTED_EDGE('',*,*,#122,.F.);
#122 = EDGE_CURVE('',#123,#94,#125,.T.);
#123 = VERTEX_POINT('',#124);
#124 = CARTESIAN_POINT('',(-33.46010640891,-39.08609486215,0.));
#125 = SURFACE_CURVE('',#126,(#130,#137),.PCURVE_S1.);
#126 = LINE('',#127,#128);
#127 = CARTESIAN_POINT('',(-33.497416646,-38.94685116169,0.));
#128 = VECTOR('',#129,1.);
#129 = DIRECTION('',(0.258819045103,-0.965925826289,0.));
#130 = PCURVE('',#65,#131);
#131 = DEFINITIONAL_REPRESENTATION('',(#132),#136);
#132 = LINE('',#133,#134);
#133 = CARTESIAN_POINT('',(9.015546035732E-02,-5.359279055336));
#134 = VECTOR('',#135,1.);
#135 = DIRECTION('',(0.258819045103,-0.965925826289));
#136 = ( GEOMETRIC_REPRESENTATION_CONTEXT(2) 
PARAMETRIC_REPRESENTATION_CONTEXT() REPRESENTATION_CONTEXT('2D SPACE',''
  ) );
#137 = PCURVE('',#138,#143);
#138 = PLANE('',#139);
#139 = AXIS2_PLACEMENT_3D('',#140,#141,#142);
#140 = CARTESIAN_POINT('',(-33.497416646,-38.94685116169,0.));
#141 = DIRECTION('',(0.965925826289,0.258819045103,0.));
#142 = DIRECTION('',(0.,0.,1.));
#143 = DEFINITIONAL_REPRESENTATION('',(#144),#148);
#144 = LINE('',#145,#146);
#145 = CARTESIAN_POINT('',(0.,0.));
#146 = VECTOR('',#147,1.);
#147 = DIRECTION('',(0.,1.));
#148 = ( GEOMETRIC_REPRESENTATION_CONTEXT(2) 
PARAMETRIC_REPRESENTATION_CONTEXT() REPRESENTATION_CONTEXT('2D SPACE',''
  ) );
#149 = ORIENTED_EDGE('',*,*,#150,.F.);
#150 = EDGE_CURVE('',#151,#123,#153,.T.);
#151 = VERTEX_POINT('',#152);
#152 = CARTESIAN_POINT('',(-39.08609486215,-33.46010640891,0.));
#153 = SURFACE_CURVE('',#154,(#159,#166),.PCURVE_S1.);
#154 = CIRCLE('',#155,5.5);
#155 = AXIS2_PLACEMENT_3D('',#156,#157,#158);
#156 = CARTESIAN_POINT('',(-33.58757210636,-33.58757210636,0.));
#157 = DIRECTION('',(0.,-0.,1.));
#158 = DIRECTION('',(0.519936347272,0.854205007469,0.));
#159 = PCURVE('',#65,#160);
#160 = DEFINITIONAL_REPRESENTATION('',(#161),#165);
#161 = CIRCLE('',#162,5.5);
#162 = AXIS2_PLACEMENT_2D('',#163,#164);
#163 = CARTESIAN_POINT('',(0.,0.));
#164 = DIRECTION('',(0.519936347272,0.854205007469));
#165 = ( GEOMETRIC_REPRESENTATION_CONTEXT(2) 
PARAMETRIC_REPRESENTATION_CONTEXT() REPRESENTATION_CONTEXT('2D SPACE',''
  ) );
#166 = PCURVE('',#167,#172);
#167 = CYLINDRICAL_SURFACE('',#168,5.5);
#168 = AXIS2_PLACEMENT_3D('',#169,#170,#171);
#169 = CARTESIAN_POINT('',(-33.58757210636,-33.58757210636,0.));
#170 = DIRECTION('',(-0.,-0.,-1.));
#171 = DIRECTION('',(1.,0.,0.));
#172 = DEFINITIONAL_REPRESENTATION('',(#173),#177);
#173 = LINE('',#174,#175);
#174 = CARTESIAN_POINT('',(-1.024019894711,0.));
#175 = VECTOR('',#176,1.);
#176 = DIRECTION('',(-1.,0.));
#177 = ( GEOMETRIC_REPRESENTATION_CONTEXT(2) 
PARAMETRIC_REPRESENTATION_CONTEXT() REPRESENTATION_CONTEXT('2D SPACE',''
  ) );
#178 = ORIENTED_EDGE('',*,*,#179,.T.);
#179 = EDGE_CURVE('',#151,#92,#180,.T.);
#180 = SURFACE_CURVE('',#181,(#185,#192),.PCURVE_S1.);
#181 = LINE('',#182,#183);
#182 = CARTESIAN_POINT('',(-38.94685116169,-33.497416646,0.));
#183 = VECTOR('',#184,1.);
#184 = DIRECTION('',(-0.965925826289,0.258819045103,0.));
#185 = PCURVE('',#65,#186);
#186 = DEFINITIONAL_REPRESENTATION('',(#187),#191);
#187 = LINE('',#188,#189);
#188 = CARTESIAN_POINT('',(-5.359279055336,9.015546035732E-02));
#189 = VECTOR('',#190,1.);
#190 = DIRECTION('',(-0.965925826289,0.258819045103));
#191 = ( GEOMETRIC_REPRESENTATION_CONTEXT(2) 
PARAMETRIC_REPRESENTATION_CONTEXT() REPRESENTATION_CONTEXT('2D SPACE',''
  ) );
#192 = PCURVE('',#193,#198);
#193 = PLANE('',#194);
#194 = AXIS2_PLACEMENT_3D('',#195,#196,#197);
#195 = CARTESIAN_POINT('',(-38.94685116169,-33.497416646,0.));
#196 = DIRECTION('',(-0.258819045103,-0.965925826289,0.));
#197 = DIRECTION('',(0.,0.,1.));
#198 = DEFINITIONAL_REPRESENTATION('',(#199),#203);
#199 = LINE('',#200,#201);
#200 = CARTESIAN_POINT('',(0.,0.));
#201 = VECTOR('',#202,1.);
#202 = DIRECTION('',(0.,1.));
#203 = ( GEOMETRIC_REPRESENTATION_CONTEXT(2) 
PARAMETRIC_REPRESENTATION_CONTEXT() REPRESENTATION_CONTEXT('2D SPACE',''
  ) );
#204 = FACE_BOUND('',#205,.T.);
#205 = EDGE_LOOP('',(#206,#232,#260,#289));
#206 = ORIENTED_EDGE('',*,*,#207,.T.);
#207 = EDGE_CURVE('',#208,#210,#212,.T.);
#208 = VERTEX_POINT('',#209);
#209 = CARTESIAN_POINT('',(-15.36627801396,-13.52780038287,0.));
#210 = VERTEX_POINT('',#211);
#211 = CARTESIAN_POINT('',(-59.39756154194,-25.3259472459,0.));
#212 = SURFACE_CURVE('',#213,(#218,#225),.PCURVE_S1.);
#213 = CIRCLE('',#214,27.1);
#214 = AXIS2_PLACEMENT_3D('',#215,#216,#217);
#215 = CARTESIAN_POINT('',(-33.58757210636,-33.58757210636,0.));
#216 = DIRECTION('',(0.,0.,1.));
#217 = DIRECTION('',(1.,0.,-0.));
#218 = PCURVE('',#65,#219);
#219 = DEFINITIONAL_REPRESENTATION('',(#220),#224);
#220 = CIRCLE('',#221,27.1);
#221 = AXIS2_PLACEMENT_2D('',#222,#223);
#222 = CARTESIAN_POINT('',(0.,0.));
#223 = DIRECTION('',(1.,-0.));
#224 = ( GEOMETRIC_REPRESENTATION_CONTEXT(2) 
PARAMETRIC_REPRESENTATION_CONTEXT() REPRESENTATION_CONTEXT('2D SPACE',''
  ) );
#225 = PCURVE('',#110,#226);
#226 = DEFINITIONAL_REPRESENTATION('',(#227),#231);
#227 = LINE('',#228,#229);
#228 = CARTESIAN_POINT('',(-0.,8.4));
#229 = VECTOR('',#230,1.);
#230 = DIRECTION('',(-1.,0.));
#231 = ( GEOMETRIC_REPRESENTATION_CONTEXT(2) 
PARAMETRIC_REPRESENTATION_CONTEXT() REPRESENTATION_CONTEXT('2D SPACE',''
  ) );
#232 = ORIENTED_EDGE('',*,*,#233,.F.);
#233 = EDGE_CURVE('',#234,#210,#236,.T.);
#234 = VERTEX_POINT('',#235);
#235 = CARTESIAN_POINT('',(-38.41316534488,-30.94869926056,0.));
#236 = SURFACE_CURVE('',#237,(#241,#248),.PCURVE_S1.);
#237 = LINE('',#238,#239);
#238 = CARTESIAN_POINT('',(-38.27392164443,-30.98600949765,0.));
#239 = VECTOR('',#240,1.);
#240 = DIRECTION('',(-0.965925826289,0.258819045103,0.));
#241 = PCURVE('',#65,#242);
#242 = DEFINITIONAL_REPRESENTATION('',(#243),#247);
#243 = LINE('',#244,#245);
#244 = CARTESIAN_POINT('',(-4.68634953807,2.601562608709));
#245 = VECTOR('',#246,1.);
#246 = DIRECTION('',(-0.965925826289,0.258819045103));
#247 = ( GEOMETRIC_REPRESENTATION_CONTEXT(2) 
PARAMETRIC_REPRESENTATION_CONTEXT() REPRESENTATION_CONTEXT('2D SPACE',''
  ) );
#248 = PCURVE('',#249,#254);
#249 = PLANE('',#250);
#250 = AXIS2_PLACEMENT_3D('',#251,#252,#253);
#251 = CARTESIAN_POINT('',(-38.27392164443,-30.98600949765,0.));
#252 = DIRECTION('',(-0.258819045103,-0.965925826289,0.));
#253 = DIRECTION('',(0.,0.,1.));
#254 = DEFINITIONAL_REPRESENTATION('',(#255),#259);
#255 = LINE('',#256,#257);
#256 = CARTESIAN_POINT('',(0.,0.));
#257 = VECTOR('',#258,1.);
#258 = DIRECTION('',(0.,1.));
#259 = ( GEOMETRIC_REPRESENTATION_CONTEXT(2) 
PARAMETRIC_REPRESENTATION_CONTEXT() REPRESENTATION_CONTEXT('2D SPACE',''
  ) );
#260 = ORIENTED_EDGE('',*,*,#261,.F.);
#261 = EDGE_CURVE('',#262,#234,#264,.T.);
#262 = VERTEX_POINT('',#263);
#263 = CARTESIAN_POINT('',(-30.72792219636,-28.88944456528,0.));
#264 = SURFACE_CURVE('',#265,(#270,#277),.PCURVE_S1.);
#265 = CIRCLE('',#266,5.5);
#266 = AXIS2_PLACEMENT_3D('',#267,#268,#269);
#267 = CARTESIAN_POINT('',(-33.58757210636,-33.58757210636,0.));
#268 = DIRECTION('',(0.,-0.,1.));
#269 = DIRECTION('',(0.519936347272,0.854205007469,0.));
#270 = PCURVE('',#65,#271);
#271 = DEFINITIONAL_REPRESENTATION('',(#272),#276);
#272 = CIRCLE('',#273,5.5);
#273 = AXIS2_PLACEMENT_2D('',#274,#275);
#274 = CARTESIAN_POINT('',(0.,0.));
#275 = DIRECTION('',(0.519936347272,0.854205007469));
#276 = ( GEOMETRIC_REPRESENTATION_CONTEXT(2) 
PARAMETRIC_REPRESENTATION_CONTEXT() REPRESENTATION_CONTEXT('2D SPACE',''
  ) );
#277 = PCURVE('',#278,#283);
#278 = CYLINDRICAL_SURFACE('',#279,5.5);
#279 = AXIS2_PLACEMENT_3D('',#280,#281,#282);
#280 = CARTESIAN_POINT('',(-33.58757210636,-33.58757210636,0.));
#281 = DIRECTION('',(-0.,-0.,-1.));
#282 = DIRECTION('',(1.,0.,0.));
#283 = DEFINITIONAL_REPRESENTATION('',(#284),#288);
#284 = LINE('',#285,#286);
#285 = CARTESIAN_POINT('',(-1.024019894711,0.));
#286 = VECTOR('',#287,1.);
#287 = DIRECTION('',(-1.,0.));
#288 = ( GEOMETRIC_REPRESENTATION_CONTEXT(2) 
PARAMETRIC_REPRESENTATION_CONTEXT() REPRESENTATION_CONTEXT('2D SPACE',''
  ) );
#289 = ORIENTED_EDGE('',*,*,#290,.T.);
#290 = EDGE_CURVE('',#262,#208,#291,.T.);
#291 = SURFACE_CURVE('',#292,(#296,#303),.PCURVE_S1.);
#292 = LINE('',#293,#294);
#293 = CARTESIAN_POINT('',(-30.82985565973,-28.99137802864,0.));
#294 = VECTOR('',#295,1.);
#295 = DIRECTION('',(0.707106781187,0.707106781187,0.));
#296 = PCURVE('',#65,#297);
#297 = DEFINITIONAL_REPRESENTATION('',(#298),#302);
#298 = LINE('',#299,#300);
#299 = CARTESIAN_POINT('',(2.757716446628,4.596194077713));
#300 = VECTOR('',#301,1.);
#301 = DIRECTION('',(0.707106781187,0.707106781187));
#302 = ( GEOMETRIC_REPRESENTATION_CONTEXT(2) 
PARAMETRIC_REPRESENTATION_CONTEXT() REPRESENTATION_CONTEXT('2D SPACE',''
  ) );
#303 = PCURVE('',#304,#309);
#304 = PLANE('',#305);
#305 = AXIS2_PLACEMENT_3D('',#306,#307,#308);
#306 = CARTESIAN_POINT('',(-30.82985565973,-28.99137802864,0.));
#307 = DIRECTION('',(-0.707106781187,0.707106781187,0.));
#308 = DIRECTION('',(0.,0.,1.));
#309 = DEFINITIONAL_REPRESENTATION('',(#310),#314);
#310 = LINE('',#311,#312);
#311 = CARTESIAN_POINT('',(0.,0.));
#312 = VECTOR('',#313,1.);
#313 = DIRECTION('',(0.,1.));
#314 = ( GEOMETRIC_REPRESENTATION_CONTEXT(2) 
PARAMETRIC_REPRESENTATION_CONTEXT() REPRESENTATION_CONTEXT('2D SPACE',''
  ) );
#315 = FACE_BOUND('',#316,.T.);
#316 = EDGE_LOOP('',(#317,#343,#371,#400,#428));
#317 = ORIENTED_EDGE('',*,*,#318,.T.);
#318 = EDGE_CURVE('',#319,#321,#323,.T.);
#319 = VERTEX_POINT('',#320);
#320 = CARTESIAN_POINT('',(-6.487572106361,-33.58757210636,0.));
#321 = VERTEX_POINT('',#322);
#322 = CARTESIAN_POINT('',(-13.52780038287,-15.36627801396,0.));
#323 = SURFACE_CURVE('',#324,(#329,#336),.PCURVE_S1.);
#324 = CIRCLE('',#325,27.1);
#325 = AXIS2_PLACEMENT_3D('',#326,#327,#328);
#326 = CARTESIAN_POINT('',(-33.58757210636,-33.58757210636,0.));
#327 = DIRECTION('',(0.,0.,1.));
#328 = DIRECTION('',(1.,0.,-0.));
#329 = PCURVE('',#65,#330);
#330 = DEFINITIONAL_REPRESENTATION('',(#331),#335);
#331 = CIRCLE('',#332,27.1);
#332 = AXIS2_PLACEMENT_2D('',#333,#334);
#333 = CARTESIAN_POINT('',(0.,0.));
#334 = DIRECTION('',(1.,-0.));
#335 = ( GEOMETRIC_REPRESENTATION_CONTEXT(2) 
PARAMETRIC_REPRESENTATION_CONTEXT() REPRESENTATION_CONTEXT('2D SPACE',''
  ) );
#336 = PCURVE('',#110,#337);
#337 = DEFINITIONAL_REPRESENTATION('',(#338),#342);
#338 = LINE('',#339,#340);
#339 = CARTESIAN_POINT('',(-0.,8.4));
#340 = VECTOR('',#341,1.);
#341 = DIRECTION('',(-1.,0.));
#342 = ( GEOMETRIC_REPRESENTATION_CONTEXT(2) 
PARAMETRIC_REPRESENTATION_CONTEXT() REPRESENTATION_CONTEXT('2D SPACE',''
  ) );
#343 = ORIENTED_EDGE('',*,*,#344,.F.);
#344 = EDGE_CURVE('',#345,#321,#347,.T.);
#345 = VERTEX_POINT('',#346);
#346 = CARTESIAN_POINT('',(-28.88944456528,-30.72792219636,0.));
#347 = SURFACE_CURVE('',#348,(#352,#359),.PCURVE_S1.);
#348 = LINE('',#349,#350);
#349 = CARTESIAN_POINT('',(-28.99137802864,-30.82985565973,0.));
#350 = VECTOR('',#351,1.);
#351 = DIRECTION('',(0.707106781187,0.707106781187,0.));
#352 = PCURVE('',#65,#353);
#353 = DEFINITIONAL_REPRESENTATION('',(#354),#358);
#354 = LINE('',#355,#356);
#355 = CARTESIAN_POINT('',(4.596194077713,2.757716446628));
#356 = VECTOR('',#357,1.);
#357 = DIRECTION('',(0.707106781187,0.707106781187));
#358 = ( GEOMETRIC_REPRESENTATION_CONTEXT(2) 
PARAMETRIC_REPRESENTATION_CONTEXT() REPRESENTATION_CONTEXT('2D SPACE',''
  ) );
#359 = PCURVE('',#360,#365);
#360 = PLANE('',#361);
#361 = AXIS2_PLACEMENT_3D('',#362,#363,#364);
#362 = CARTESIAN_POINT('',(-28.99137802864,-30.82985565973,0.));
#363 = DIRECTION('',(-0.707106781187,0.707106781187,0.));
#364 = DIRECTION('',(0.,0.,1.));
#365 = DEFINITIONAL_REPRESENTATION('',(#366),#370);
#366 = LINE('',#367,#368);
#367 = CARTESIAN_POINT('',(0.,0.));
#368 = VECTOR('',#369,1.);
#369 = DIRECTION('',(0.,1.));
#370 = ( GEOMETRIC_REPRESENTATION_CONTEXT(2) 
PARAMETRIC_REPRESENTATION_CONTEXT() REPRESENTATION_CONTEXT('2D SPACE',''
  ) );
#371 = ORIENTED_EDGE('',*,*,#372,.F.);
#372 = EDGE_CURVE('',#373,#345,#375,.T.);
#373 = VERTEX_POINT('',#374);
#374 = CARTESIAN_POINT('',(-30.94869926056,-38.41316534488,0.));
#375 = SURFACE_CURVE('',#376,(#381,#388),.PCURVE_S1.);
#376 = CIRCLE('',#377,5.5);
#377 = AXIS2_PLACEMENT_3D('',#378,#379,#380);
#378 = CARTESIAN_POINT('',(-33.58757210636,-33.58757210636,0.));
#379 = DIRECTION('',(0.,-0.,1.));
#380 = DIRECTION('',(0.519936347272,0.854205007469,0.));
#381 = PCURVE('',#65,#382);
#382 = DEFINITIONAL_REPRESENTATION('',(#383),#387);
#383 = CIRCLE('',#384,5.5);
#384 = AXIS2_PLACEMENT_2D('',#385,#386);
#385 = CARTESIAN_POINT('',(0.,0.));
#386 = DIRECTION('',(0.519936347272,0.854205007469));
#387 = ( GEOMETRIC_REPRESENTATION_CONTEXT(2) 
PARAMETRIC_REPRESENTATION_CONTEXT() REPRESENTATION_CONTEXT('2D SPACE',''
  ) );
#388 = PCURVE('',#389,#394);
#389 = CYLINDRICAL_SURFACE('',#390,5.5);
#390 = AXIS2_PLACEMENT_3D('',#391,#392,#393);
#391 = CARTESIAN_POINT('',(-33.58757210636,-33.58757210636,0.));
#392 = DIRECTION('',(-0.,-0.,-1.));
#393 = DIRECTION('',(1.,0.,0.));
#394 = DEFINITIONAL_REPRESENTATION('',(#395),#399);
#395 = LINE('',#396,#397);
#396 = CARTESIAN_POINT('',(-1.024019894711,0.));
#397 = VECTOR('',#398,1.);
#398 = DIRECTION('',(-1.,0.));
#399 = ( GEOMETRIC_REPRESENTATION_CONTEXT(2) 
PARAMETRIC_REPRESENTATION_CONTEXT() REPRESENTATION_CONTEXT('2D SPACE',''
  ) );
#400 = ORIENTED_EDGE('',*,*,#401,.T.);
#401 = EDGE_CURVE('',#373,#402,#404,.T.);
#402 = VERTEX_POINT('',#403);
#403 = CARTESIAN_POINT('',(-25.3259472459,-59.39756154194,0.));
#404 = SURFACE_CURVE('',#405,(#409,#416),.PCURVE_S1.);
#405 = LINE('',#406,#407);
#406 = CARTESIAN_POINT('',(-30.98600949765,-38.27392164443,0.));
#407 = VECTOR('',#408,1.);
#408 = DIRECTION('',(0.258819045103,-0.965925826289,0.));
#409 = PCURVE('',#65,#410);
#410 = DEFINITIONAL_REPRESENTATION('',(#411),#415);
#411 = LINE('',#412,#413);
#412 = CARTESIAN_POINT('',(2.601562608709,-4.68634953807));
#413 = VECTOR('',#414,1.);
#414 = DIRECTION('',(0.258819045103,-0.965925826289));
#415 = ( GEOMETRIC_REPRESENTATION_CONTEXT(2) 
PARAMETRIC_REPRESENTATION_CONTEXT() REPRESENTATION_CONTEXT('2D SPACE',''
  ) );
#416 = PCURVE('',#417,#422);
#417 = PLANE('',#418);
#418 = AXIS2_PLACEMENT_3D('',#419,#420,#421);
#419 = CARTESIAN_POINT('',(-30.98600949765,-38.27392164443,0.));
#420 = DIRECTION('',(0.965925826289,0.258819045103,0.));
#421 = DIRECTION('',(0.,0.,1.));
#422 = DEFINITIONAL_REPRESENTATION('',(#423),#427);
#423 = LINE('',#424,#425);
#424 = CARTESIAN_POINT('',(0.,0.));
#425 = VECTOR('',#426,1.);
#426 = DIRECTION('',(0.,1.));
#427 = ( GEOMETRIC_REPRESENTATION_CONTEXT(2) 
PARAMETRIC_REPRESENTATION_CONTEXT() REPRESENTATION_CONTEXT('2D SPACE',''
  ) );
#428 = ORIENTED_EDGE('',*,*,#429,.T.);
#429 = EDGE_CURVE('',#402,#319,#430,.T.);
#430 = SURFACE_CURVE('',#431,(#436,#443),.PCURVE_S1.);
#431 = CIRCLE('',#432,27.1);
#432 = AXIS2_PLACEMENT_3D('',#433,#434,#435);
#433 = CARTESIAN_POINT('',(-33.58757210636,-33.58757210636,0.));
#434 = DIRECTION('',(0.,0.,1.));
#435 = DIRECTION('',(1.,0.,-0.));
#436 = PCURVE('',#65,#437);
#437 = DEFINITIONAL_REPRESENTATION('',(#438),#442);
#438 = CIRCLE('',#439,27.1);
#439 = AXIS2_PLACEMENT_2D('',#440,#441);
#440 = CARTESIAN_POINT('',(0.,0.));
#441 = DIRECTION('',(1.,-0.));
#442 = ( GEOMETRIC_REPRESENTATION_CONTEXT(2) 
PARAMETRIC_REPRESENTATION_CONTEXT() REPRESENTATION_CONTEXT('2D SPACE',''
  ) );
#443 = PCURVE('',#110,#444);
#444 = DEFINITIONAL_REPRESENTATION('',(#445),#449);
#445 = LINE('',#446,#447);
#446 = CARTESIAN_POINT('',(-0.,8.4));
#447 = VECTOR('',#448,1.);
#448 = DIRECTION('',(-1.,0.));
#449 = ( GEOMETRIC_REPRESENTATION_CONTEXT(2) 
PARAMETRIC_REPRESENTATION_CONTEXT() REPRESENTATION_CONTEXT('2D SPACE',''
  ) );
#450 = FACE_BOUND('',#451,.T.);
#451 = EDGE_LOOP('',(#452));
#452 = ORIENTED_EDGE('',*,*,#453,.T.);
#453 = EDGE_CURVE('',#454,#454,#456,.T.);
#454 = VERTEX_POINT('',#455);
#455 = CARTESIAN_POINT('',(-30.70411972844,-31.25411972844,0.));
#456 = SURFACE_CURVE('',#457,(#462,#469),.PCURVE_S1.);
#457 = CIRCLE('',#458,0.55);
#458 = AXIS2_PLACEMENT_3D('',#459,#460,#461);
#459 = CARTESIAN_POINT('',(-31.25411972844,-31.25411972844,0.));
#460 = DIRECTION('',(0.,0.,1.));
#461 = DIRECTION('',(1.,0.,0.));
#462 = PCURVE('',#65,#463);
#463 = DEFINITIONAL_REPRESENTATION('',(#464),#468);
#464 = CIRCLE('',#465,0.55);
#465 = AXIS2_PLACEMENT_2D('',#466,#467);
#466 = CARTESIAN_POINT('',(2.333452377916,2.333452377916));
#467 = DIRECTION('',(1.,-0.));
#468 = ( GEOMETRIC_REPRESENTATION_CONTEXT(2) 
PARAMETRIC_REPRESENTATION_CONTEXT() REPRESENTATION_CONTEXT('2D SPACE',''
  ) );
#469 = PCURVE('',#470,#475);
#470 = CYLINDRICAL_SURFACE('',#471,0.55);
#471 = AXIS2_PLACEMENT_3D('',#472,#473,#474);
#472 = CARTESIAN_POINT('',(-31.25411972844,-31.25411972844,0.));
#473 = DIRECTION('',(-0.,-0.,-1.));
#474 = DIRECTION('',(1.,0.,0.));
#475 = DEFINITIONAL_REPRESENTATION('',(#476),#480);
#476 = LINE('',#477,#478);
#477 = CARTESIAN_POINT('',(-0.,0.));
#478 = VECTOR('',#479,1.);
#479 = DIRECTION('',(-1.,0.));
#480 = ( GEOMETRIC_REPRESENTATION_CONTEXT(2) 
PARAMETRIC_REPRESENTATION_CONTEXT() REPRESENTATION_CONTEXT('2D SPACE',''
  ) );
#481 = FACE_BOUND('',#482,.T.);
#482 = EDGE_LOOP('',(#483));
#483 = ORIENTED_EDGE('',*,*,#484,.F.);
#484 = EDGE_CURVE('',#485,#485,#487,.T.);
#485 = VERTEX_POINT('',#486);
#486 = CARTESIAN_POINT('',(-34.38757210636,-33.58757210636,0.));
#487 = SURFACE_CURVE('',#488,(#493,#504),.PCURVE_S1.);
#488 = CIRCLE('',#489,0.8);
#489 = AXIS2_PLACEMENT_3D('',#490,#491,#492);
#490 = CARTESIAN_POINT('',(-33.58757210636,-33.58757210636,0.));
#491 = DIRECTION('',(0.,0.,-1.));
#492 = DIRECTION('',(-1.,0.,0.));
#493 = PCURVE('',#65,#494);
#494 = DEFINITIONAL_REPRESENTATION('',(#495),#503);
#495 = ( BOUNDED_CURVE() B_SPLINE_CURVE(2,(#496,#497,#498,#499,#500,#501
,#502),.UNSPECIFIED.,.T.,.F.) B_SPLINE_CURVE_WITH_KNOTS((1,2,2,2,2,1),(
    -2.094395102393,0.,2.094395102393,4.188790204786,6.28318530718,
8.377580409573),.UNSPECIFIED.) CURVE() GEOMETRIC_REPRESENTATION_ITEM() 
RATIONAL_B_SPLINE_CURVE((1.,0.5,1.,0.5,1.,0.5,1.)) REPRESENTATION_ITEM(
  '') );
#496 = CARTESIAN_POINT('',(-0.8,0.));
#497 = CARTESIAN_POINT('',(-0.8,1.385640646055));
#498 = CARTESIAN_POINT('',(0.4,0.692820323028));
#499 = CARTESIAN_POINT('',(1.6,1.959434878636E-16));
#500 = CARTESIAN_POINT('',(0.4,-0.692820323028));
#501 = CARTESIAN_POINT('',(-0.8,-1.385640646055));
#502 = CARTESIAN_POINT('',(-0.8,0.));
#503 = ( GEOMETRIC_REPRESENTATION_CONTEXT(2) 
PARAMETRIC_REPRESENTATION_CONTEXT() REPRESENTATION_CONTEXT('2D SPACE',''
  ) );
#504 = PCURVE('',#505,#510);
#505 = CYLINDRICAL_SURFACE('',#506,0.8);
#506 = AXIS2_PLACEMENT_3D('',#507,#508,#509);
#507 = CARTESIAN_POINT('',(-33.58757210636,-33.58757210636,1.8));
#508 = DIRECTION('',(0.,0.,-1.));
#509 = DIRECTION('',(-1.,0.,0.));
#510 = DEFINITIONAL_REPRESENTATION('',(#511),#515);
#511 = LINE('',#512,#513);
#512 = CARTESIAN_POINT('',(0.,1.8));
#513 = VECTOR('',#514,1.);
#514 = DIRECTION('',(1.,0.));
#515 = ( GEOMETRIC_REPRESENTATION_CONTEXT(2) 
PARAMETRIC_REPRESENTATION_CONTEXT() REPRESENTATION_CONTEXT('2D SPACE',''
  ) );
#516 = FACE_BOUND('',#517,.T.);
#517 = EDGE_LOOP('',(#518));
#518 = ORIENTED_EDGE('',*,*,#519,.T.);
#519 = EDGE_CURVE('',#520,#520,#522,.T.);
#520 = VERTEX_POINT('',#521);
#521 = CARTESIAN_POINT('',(-35.37102448427,-31.25411972844,0.));
#522 = SURFACE_CURVE('',#523,(#528,#535),.PCURVE_S1.);
#523 = CIRCLE('',#524,0.55);
#524 = AXIS2_PLACEMENT_3D('',#525,#526,#527);
#525 = CARTESIAN_POINT('',(-35.92102448427,-31.25411972844,0.));
#526 = DIRECTION('',(0.,0.,1.));
#527 = DIRECTION('',(1.,0.,0.));
#528 = PCURVE('',#65,#529);
#529 = DEFINITIONAL_REPRESENTATION('',(#530),#534);
#530 = CIRCLE('',#531,0.55);
#531 = AXIS2_PLACEMENT_2D('',#532,#533);
#532 = CARTESIAN_POINT('',(-2.333452377916,2.333452377916));
#533 = DIRECTION('',(1.,-0.));
#534 = ( GEOMETRIC_REPRESENTATION_CONTEXT(2) 
PARAMETRIC_REPRESENTATION_CONTEXT() REPRESENTATION_CONTEXT('2D SPACE',''
  ) );
#535 = PCURVE('',#536,#541);
#536 = CYLINDRICAL_SURFACE('',#537,0.55);
#537 = AXIS2_PLACEMENT_3D('',#538,#539,#540);
#538 = CARTESIAN_POINT('',(-35.92102448427,-31.25411972844,0.));
#539 = DIRECTION('',(-0.,-0.,-1.));
#540 = DIRECTION('',(1.,0.,0.));
#541 = DEFINITIONAL_REPRESENTATION('',(#542),#546);
#542 = LINE('',#543,#544);
#543 = CARTESIAN_POINT('',(-0.,0.));
#544 = VECTOR('',#545,1.);
#545 = DIRECTION('',(-1.,0.));
#546 = ( GEOMETRIC_REPRESENTATION_CONTEXT(2) 
PARAMETRIC_REPRESENTATION_CONTEXT() REPRESENTATION_CONTEXT('2D SPACE',''
  ) );
#547 = FACE_BOUND('',#548,.T.);
#548 = EDGE_LOOP('',(#549));
#549 = ORIENTED_EDGE('',*,*,#550,.T.);
#550 = EDGE_CURVE('',#551,#551,#553,.T.);
#551 = VERTEX_POINT('',#552);
#552 = CARTESIAN_POINT('',(-30.70411972844,-35.92102448427,0.));
#553 = SURFACE_CURVE('',#554,(#559,#566),.PCURVE_S1.);
#554 = CIRCLE('',#555,0.55);
#555 = AXIS2_PLACEMENT_3D('',#556,#557,#558);
#556 = CARTESIAN_POINT('',(-31.25411972844,-35.92102448427,0.));
#557 = DIRECTION('',(0.,0.,1.));
#558 = DIRECTION('',(1.,0.,0.));
#559 = PCURVE('',#65,#560);
#560 = DEFINITIONAL_REPRESENTATION('',(#561),#565);
#561 = CIRCLE('',#562,0.55);
#562 = AXIS2_PLACEMENT_2D('',#563,#564);
#563 = CARTESIAN_POINT('',(2.333452377916,-2.333452377916));
#564 = DIRECTION('',(1.,-0.));
#565 = ( GEOMETRIC_REPRESENTATION_CONTEXT(2) 
PARAMETRIC_REPRESENTATION_CONTEXT() REPRESENTATION_CONTEXT('2D SPACE',''
  ) );
#566 = PCURVE('',#567,#572);
#567 = CYLINDRICAL_SURFACE('',#568,0.55);
#568 = AXIS2_PLACEMENT_3D('',#569,#570,#571);
#569 = CARTESIAN_POINT('',(-31.25411972844,-35.92102448427,0.));
#570 = DIRECTION('',(-0.,-0.,-1.));
#571 = DIRECTION('',(1.,0.,0.));
#572 = DEFINITIONAL_REPRESENTATION('',(#573),#577);
#573 = LINE('',#574,#575);
#574 = CARTESIAN_POINT('',(-0.,0.));
#575 = VECTOR('',#576,1.);
#576 = DIRECTION('',(-1.,0.));
#577 = ( GEOMETRIC_REPRESENTATION_CONTEXT(2) 
PARAMETRIC_REPRESENTATION_CONTEXT() REPRESENTATION_CONTEXT('2D SPACE',''
  ) );
#578 = FACE_BOUND('',#579,.T.);
#579 = EDGE_LOOP('',(#580));
#580 = ORIENTED_EDGE('',*,*,#581,.T.);
#581 = EDGE_CURVE('',#582,#582,#584,.T.);
#582 = VERTEX_POINT('',#583);
#583 = CARTESIAN_POINT('',(-35.37102448427,-35.92102448427,0.));
#584 = SURFACE_CURVE('',#585,(#590,#597),.PCURVE_S1.);
#585 = CIRCLE('',#586,0.55);
#586 = AXIS2_PLACEMENT_3D('',#587,#588,#589);
#587 = CARTESIAN_POINT('',(-35.92102448427,-35.92102448427,0.));
#588 = DIRECTION('',(0.,0.,1.));
#589 = DIRECTION('',(1.,0.,0.));
#590 = PCURVE('',#65,#591);
#591 = DEFINITIONAL_REPRESENTATION('',(#592),#596);
#592 = CIRCLE('',#593,0.55);
#593 = AXIS2_PLACEMENT_2D('',#594,#595);
#594 = CARTESIAN_POINT('',(-2.333452377916,-2.333452377916));
#595 = DIRECTION('',(1.,-0.));
#596 = ( GEOMETRIC_REPRESENTATION_CONTEXT(2) 
PARAMETRIC_REPRESENTATION_CONTEXT() REPRESENTATION_CONTEXT('2D SPACE',''
  ) );
#597 = PCURVE('',#598,#603);
#598 = CYLINDRICAL_SURFACE('',#599,0.55);
#599 = AXIS2_PLACEMENT_3D('',#600,#601,#602);
#600 = CARTESIAN_POINT('',(-35.92102448427,-35.92102448427,0.));
#601 = DIRECTION('',(-0.,-0.,-1.));
#602 = DIRECTION('',(1.,0.,0.));
#603 = DEFINITIONAL_REPRESENTATION('',(#604),#608);
#604 = LINE('',#605,#606);
#605 = CARTESIAN_POINT('',(-0.,0.));
#606 = VECTOR('',#607,1.);
#607 = DIRECTION('',(-1.,0.));
#608 = ( GEOMETRIC_REPRESENTATION_CONTEXT(2) 
PARAMETRIC_REPRESENTATION_CONTEXT() REPRESENTATION_CONTEXT('2D SPACE',''
  ) );
#609 = ADVANCED_FACE('',(#610,#664,#776),#77,.T.);
#610 = FACE_BOUND('',#611,.T.);
#611 = EDGE_LOOP('',(#612,#635,#636,#637));
#612 = ORIENTED_EDGE('',*,*,#613,.F.);
#613 = EDGE_CURVE('',#56,#614,#616,.T.);
#614 = VERTEX_POINT('',#615);
#615 = CARTESIAN_POINT('',(-5.587572106361,-33.58757210636,8.5));
#616 = SEAM_CURVE('',#617,(#621,#628),.PCURVE_S1.);
#617 = LINE('',#618,#619);
#618 = CARTESIAN_POINT('',(-5.587572106361,-33.58757210636,0.));
#619 = VECTOR('',#620,1.);
#620 = DIRECTION('',(0.,0.,1.));
#621 = PCURVE('',#77,#622);
#622 = DEFINITIONAL_REPRESENTATION('',(#623),#627);
#623 = LINE('',#624,#625);
#624 = CARTESIAN_POINT('',(0.,0.));
#625 = VECTOR('',#626,1.);
#626 = DIRECTION('',(0.,1.));
#627 = ( GEOMETRIC_REPRESENTATION_CONTEXT(2) 
PARAMETRIC_REPRESENTATION_CONTEXT() REPRESENTATION_CONTEXT('2D SPACE',''
  ) );
#628 = PCURVE('',#77,#629);
#629 = DEFINITIONAL_REPRESENTATION('',(#630),#634);
#630 = LINE('',#631,#632);
#631 = CARTESIAN_POINT('',(6.28318530718,0.));
#632 = VECTOR('',#633,1.);
#633 = DIRECTION('',(0.,1.));
#634 = ( GEOMETRIC_REPRESENTATION_CONTEXT(2) 
PARAMETRIC_REPRESENTATION_CONTEXT() REPRESENTATION_CONTEXT('2D SPACE',''
  ) );
#635 = ORIENTED_EDGE('',*,*,#55,.T.);
#636 = ORIENTED_EDGE('',*,*,#613,.T.);
#637 = ORIENTED_EDGE('',*,*,#638,.F.);
#638 = EDGE_CURVE('',#614,#614,#639,.T.);
#639 = SURFACE_CURVE('',#640,(#645,#652),.PCURVE_S1.);
#640 = CIRCLE('',#641,28.);
#641 = AXIS2_PLACEMENT_3D('',#642,#643,#644);
#642 = CARTESIAN_POINT('',(-33.58757210636,-33.58757210636,8.5));
#643 = DIRECTION('',(0.,0.,1.));
#644 = DIRECTION('',(1.,0.,-0.));
#645 = PCURVE('',#77,#646);
#646 = DEFINITIONAL_REPRESENTATION('',(#647),#651);
#647 = LINE('',#648,#649);
#648 = CARTESIAN_POINT('',(0.,8.5));
#649 = VECTOR('',#650,1.);
#650 = DIRECTION('',(1.,0.));
#651 = ( GEOMETRIC_REPRESENTATION_CONTEXT(2) 
PARAMETRIC_REPRESENTATION_CONTEXT() REPRESENTATION_CONTEXT('2D SPACE',''
  ) );
#652 = PCURVE('',#653,#658);
#653 = CONICAL_SURFACE('',#654,28.,0.63502673539);
#654 = AXIS2_PLACEMENT_3D('',#655,#656,#657);
#655 = CARTESIAN_POINT('',(-33.58757210636,-33.58757210636,8.5));
#656 = DIRECTION('',(0.,0.,1.));
#657 = DIRECTION('',(1.,0.,-0.));
#658 = DEFINITIONAL_REPRESENTATION('',(#659),#663);
#659 = LINE('',#660,#661);
#660 = CARTESIAN_POINT('',(0.,0.));
#661 = VECTOR('',#662,1.);
#662 = DIRECTION('',(1.,0.));
#663 = ( GEOMETRIC_REPRESENTATION_CONTEXT(2) 
PARAMETRIC_REPRESENTATION_CONTEXT() REPRESENTATION_CONTEXT('2D SPACE',''
  ) );
#664 = FACE_BOUND('',#665,.T.);
#665 = EDGE_LOOP('',(#666,#697,#723,#752));
#666 = ORIENTED_EDGE('',*,*,#667,.F.);
#667 = EDGE_CURVE('',#668,#670,#672,.T.);
#668 = VERTEX_POINT('',#669);
#669 = CARTESIAN_POINT('',(-12.42494088585,-15.2533680106,2.));
#670 = VERTEX_POINT('',#671);
#671 = CARTESIAN_POINT('',(-13.57984750182,-13.99954116527,2.));
#672 = SURFACE_CURVE('',#673,(#678,#685),.PCURVE_S1.);
#673 = CIRCLE('',#674,28.);
#674 = AXIS2_PLACEMENT_3D('',#675,#676,#677);
#675 = CARTESIAN_POINT('',(-33.58757210636,-33.58757210636,2.));
#676 = DIRECTION('',(0.,0.,1.));
#677 = DIRECTION('',(1.,0.,-0.));
#678 = PCURVE('',#77,#679);
#679 = DEFINITIONAL_REPRESENTATION('',(#680),#684);
#680 = LINE('',#681,#682);
#681 = CARTESIAN_POINT('',(0.,2.));
#682 = VECTOR('',#683,1.);
#683 = DIRECTION('',(1.,0.));
#684 = ( GEOMETRIC_REPRESENTATION_CONTEXT(2) 
PARAMETRIC_REPRESENTATION_CONTEXT() REPRESENTATION_CONTEXT('2D SPACE',''
  ) );
#685 = PCURVE('',#686,#691);
#686 = PLANE('',#687);
#687 = AXIS2_PLACEMENT_3D('',#688,#689,#690);
#688 = CARTESIAN_POINT('',(0.,0.,2.));
#689 = DIRECTION('',(0.,0.,1.));
#690 = DIRECTION('',(1.,0.,-0.));
#691 = DEFINITIONAL_REPRESENTATION('',(#692),#696);
#692 = CIRCLE('',#693,28.);
#693 = AXIS2_PLACEMENT_2D('',#694,#695);
#694 = CARTESIAN_POINT('',(-33.58757210636,-33.58757210636));
#695 = DIRECTION('',(1.,0.));
#696 = ( GEOMETRIC_REPRESENTATION_CONTEXT(2) 
PARAMETRIC_REPRESENTATION_CONTEXT() REPRESENTATION_CONTEXT('2D SPACE',''
  ) );
#697 = ORIENTED_EDGE('',*,*,#698,.T.);
#698 = EDGE_CURVE('',#668,#699,#701,.T.);
#699 = VERTEX_POINT('',#700);
#700 = CARTESIAN_POINT('',(-12.42494088585,-15.2533680106,3.6));
#701 = SURFACE_CURVE('',#702,(#706,#712),.PCURVE_S1.);
#702 = LINE('',#703,#704);
#703 = CARTESIAN_POINT('',(-12.42494088585,-15.2533680106,0.));
#704 = VECTOR('',#705,1.);
#705 = DIRECTION('',(0.,0.,1.));
#706 = PCURVE('',#77,#707);
#707 = DEFINITIONAL_REPRESENTATION('',(#708),#711);
#708 = B_SPLINE_CURVE_WITH_KNOTS('',1,(#709,#710),.UNSPECIFIED.,.F.,.F.,
  (2,2),(1.84,3.76),.PIECEWISE_BEZIER_KNOTS.);
#709 = CARTESIAN_POINT('',(0.713908713512,1.84));
#710 = CARTESIAN_POINT('',(0.713908713512,3.76));
#711 = ( GEOMETRIC_REPRESENTATION_CONTEXT(2) 
PARAMETRIC_REPRESENTATION_CONTEXT() REPRESENTATION_CONTEXT('2D SPACE',''
  ) );
#712 = PCURVE('',#713,#718);
#713 = PLANE('',#714);
#714 = AXIS2_PLACEMENT_3D('',#715,#716,#717);
#715 = CARTESIAN_POINT('',(1.414213562373,-1.414213562373,2.));
#716 = DIRECTION('',(0.707106781187,-0.707106781187,0.));
#717 = DIRECTION('',(0.,0.,1.));
#718 = DEFINITIONAL_REPRESENTATION('',(#719),#722);
#719 = B_SPLINE_CURVE_WITH_KNOTS('',1,(#720,#721),.UNSPECIFIED.,.F.,.F.,
  (2,2),(1.84,3.76),.PIECEWISE_BEZIER_KNOTS.);
#720 = CARTESIAN_POINT('',(-0.16,19.571519912462));
#721 = CARTESIAN_POINT('',(1.76,19.571519912462));
#722 = ( GEOMETRIC_REPRESENTATION_CONTEXT(2) 
PARAMETRIC_REPRESENTATION_CONTEXT() REPRESENTATION_CONTEXT('2D SPACE',''
  ) );
#723 = ORIENTED_EDGE('',*,*,#724,.T.);
#724 = EDGE_CURVE('',#699,#725,#727,.T.);
#725 = VERTEX_POINT('',#726);
#726 = CARTESIAN_POINT('',(-13.57984750182,-13.99954116527,3.6));
#727 = SURFACE_CURVE('',#728,(#733,#740),.PCURVE_S1.);
#728 = CIRCLE('',#729,28.);
#729 = AXIS2_PLACEMENT_3D('',#730,#731,#732);
#730 = CARTESIAN_POINT('',(-33.58757210636,-33.58757210636,3.6));
#731 = DIRECTION('',(0.,0.,1.));
#732 = DIRECTION('',(1.,0.,-0.));
#733 = PCURVE('',#77,#734);
#734 = DEFINITIONAL_REPRESENTATION('',(#735),#739);
#735 = LINE('',#736,#737);
#736 = CARTESIAN_POINT('',(0.,3.6));
#737 = VECTOR('',#738,1.);
#738 = DIRECTION('',(1.,0.));
#739 = ( GEOMETRIC_REPRESENTATION_CONTEXT(2) 
PARAMETRIC_REPRESENTATION_CONTEXT() REPRESENTATION_CONTEXT('2D SPACE',''
  ) );
#740 = PCURVE('',#741,#746);
#741 = PLANE('',#742);
#742 = AXIS2_PLACEMENT_3D('',#743,#744,#745);
#743 = CARTESIAN_POINT('',(0.,0.,3.6));
#744 = DIRECTION('',(0.,0.,1.));
#745 = DIRECTION('',(1.,0.,-0.));
#746 = DEFINITIONAL_REPRESENTATION('',(#747),#751);
#747 = CIRCLE('',#748,28.);
#748 = AXIS2_PLACEMENT_2D('',#749,#750);
#749 = CARTESIAN_POINT('',(-33.58757210636,-33.58757210636));
#750 = DIRECTION('',(1.,0.));
#751 = ( GEOMETRIC_REPRESENTATION_CONTEXT(2) 
PARAMETRIC_REPRESENTATION_CONTEXT() REPRESENTATION_CONTEXT('2D SPACE',''
  ) );
#752 = ORIENTED_EDGE('',*,*,#753,.F.);
#753 = EDGE_CURVE('',#670,#725,#754,.T.);
#754 = SURFACE_CURVE('',#755,(#759,#765),.PCURVE_S1.);
#755 = LINE('',#756,#757);
#756 = CARTESIAN_POINT('',(-13.57984750182,-13.99954116527,0.));
#757 = VECTOR('',#758,1.);
#758 = DIRECTION('',(0.,0.,1.));
#759 = PCURVE('',#77,#760);
#760 = DEFINITIONAL_REPRESENTATION('',(#761),#764);
#761 = B_SPLINE_CURVE_WITH_KNOTS('',1,(#762,#763),.UNSPECIFIED.,.F.,.F.,
  (2,2),(1.9999994,3.6000006),.PIECEWISE_BEZIER_KNOTS.);
#762 = CARTESIAN_POINT('',(0.774799099397,1.9999994));
#763 = CARTESIAN_POINT('',(0.774799099397,3.6000006));
#764 = ( GEOMETRIC_REPRESENTATION_CONTEXT(2) 
PARAMETRIC_REPRESENTATION_CONTEXT() REPRESENTATION_CONTEXT('2D SPACE',''
  ) );
#765 = PCURVE('',#766,#771);
#766 = CYLINDRICAL_SURFACE('',#767,1.5);
#767 = AXIS2_PLACEMENT_3D('',#768,#769,#770);
#768 = CARTESIAN_POINT('',(-12.75,-12.75,-1.));
#769 = DIRECTION('',(-0.,-0.,-1.));
#770 = DIRECTION('',(1.,0.,0.));
#771 = DEFINITIONAL_REPRESENTATION('',(#772),#775);
#772 = B_SPLINE_CURVE_WITH_KNOTS('',1,(#773,#774),.UNSPECIFIED.,.F.,.F.,
  (2,2),(2.,3.6),.PIECEWISE_BEZIER_KNOTS.);
#773 = CARTESIAN_POINT('',(-4.126150292036,-3.));
#774 = CARTESIAN_POINT('',(-4.126150292036,-4.6));
#775 = ( GEOMETRIC_REPRESENTATION_CONTEXT(2) 
PARAMETRIC_REPRESENTATION_CONTEXT() REPRESENTATION_CONTEXT('2D SPACE',''
  ) );
#776 = FACE_BOUND('',#777,.T.);
#777 = EDGE_LOOP('',(#778,#804,#825,#849));
#778 = ORIENTED_EDGE('',*,*,#779,.F.);
#779 = EDGE_CURVE('',#780,#782,#784,.T.);
#780 = VERTEX_POINT('',#781);
#781 = CARTESIAN_POINT('',(-13.99954116527,-13.57984750182,2.));
#782 = VERTEX_POINT('',#783);
#783 = CARTESIAN_POINT('',(-15.2533680106,-12.42494088585,2.));
#784 = SURFACE_CURVE('',#785,(#790,#797),.PCURVE_S1.);
#785 = CIRCLE('',#786,28.);
#786 = AXIS2_PLACEMENT_3D('',#787,#788,#789);
#787 = CARTESIAN_POINT('',(-33.58757210636,-33.58757210636,2.));
#788 = DIRECTION('',(0.,0.,1.));
#789 = DIRECTION('',(1.,0.,-0.));
#790 = PCURVE('',#77,#791);
#791 = DEFINITIONAL_REPRESENTATION('',(#792),#796);
#792 = LINE('',#793,#794);
#793 = CARTESIAN_POINT('',(0.,2.));
#794 = VECTOR('',#795,1.);
#795 = DIRECTION('',(1.,0.));
#796 = ( GEOMETRIC_REPRESENTATION_CONTEXT(2) 
PARAMETRIC_REPRESENTATION_CONTEXT() REPRESENTATION_CONTEXT('2D SPACE',''
  ) );
#797 = PCURVE('',#686,#798);
#798 = DEFINITIONAL_REPRESENTATION('',(#799),#803);
#799 = CIRCLE('',#800,28.);
#800 = AXIS2_PLACEMENT_2D('',#801,#802);
#801 = CARTESIAN_POINT('',(-33.58757210636,-33.58757210636));
#802 = DIRECTION('',(1.,0.));
#803 = ( GEOMETRIC_REPRESENTATION_CONTEXT(2) 
PARAMETRIC_REPRESENTATION_CONTEXT() REPRESENTATION_CONTEXT('2D SPACE',''
  ) );
#804 = ORIENTED_EDGE('',*,*,#805,.T.);
#805 = EDGE_CURVE('',#780,#806,#808,.T.);
#806 = VERTEX_POINT('',#807);
#807 = CARTESIAN_POINT('',(-13.99954116527,-13.57984750182,3.6));
#808 = SURFACE_CURVE('',#809,(#813,#819),.PCURVE_S1.);
#809 = LINE('',#810,#811);
#810 = CARTESIAN_POINT('',(-13.99954116527,-13.57984750182,0.));
#811 = VECTOR('',#812,1.);
#812 = DIRECTION('',(0.,0.,1.));
#813 = PCURVE('',#77,#814);
#814 = DEFINITIONAL_REPRESENTATION('',(#815),#818);
#815 = B_SPLINE_CURVE_WITH_KNOTS('',1,(#816,#817),.UNSPECIFIED.,.F.,.F.,
  (2,2),(1.9999994,3.6000006),.PIECEWISE_BEZIER_KNOTS.);
#816 = CARTESIAN_POINT('',(0.795997227398,1.9999994));
#817 = CARTESIAN_POINT('',(0.795997227398,3.6000006));
#818 = ( GEOMETRIC_REPRESENTATION_CONTEXT(2) 
PARAMETRIC_REPRESENTATION_CONTEXT() REPRESENTATION_CONTEXT('2D SPACE',''
  ) );
#819 = PCURVE('',#766,#820);
#820 = DEFINITIONAL_REPRESENTATION('',(#821),#824);
#821 = B_SPLINE_CURVE_WITH_KNOTS('',1,(#822,#823),.UNSPECIFIED.,.F.,.F.,
  (2,2),(2.,3.6),.PIECEWISE_BEZIER_KNOTS.);
#822 = CARTESIAN_POINT('',(-10.01101664911,-3.));
#823 = CARTESIAN_POINT('',(-10.01101664911,-4.6));
#824 = ( GEOMETRIC_REPRESENTATION_CONTEXT(2) 
PARAMETRIC_REPRESENTATION_CONTEXT() REPRESENTATION_CONTEXT('2D SPACE',''
  ) );
#825 = ORIENTED_EDGE('',*,*,#826,.T.);
#826 = EDGE_CURVE('',#806,#827,#829,.T.);
#827 = VERTEX_POINT('',#828);
#828 = CARTESIAN_POINT('',(-15.2533680106,-12.42494088585,3.6));
#829 = SURFACE_CURVE('',#830,(#835,#842),.PCURVE_S1.);
#830 = CIRCLE('',#831,28.);
#831 = AXIS2_PLACEMENT_3D('',#832,#833,#834);
#832 = CARTESIAN_POINT('',(-33.58757210636,-33.58757210636,3.6));
#833 = DIRECTION('',(0.,0.,1.));
#834 = DIRECTION('',(1.,0.,-0.));
#835 = PCURVE('',#77,#836);
#836 = DEFINITIONAL_REPRESENTATION('',(#837),#841);
#837 = LINE('',#838,#839);
#838 = CARTESIAN_POINT('',(0.,3.6));
#839 = VECTOR('',#840,1.);
#840 = DIRECTION('',(1.,0.));
#841 = ( GEOMETRIC_REPRESENTATION_CONTEXT(2) 
PARAMETRIC_REPRESENTATION_CONTEXT() REPRESENTATION_CONTEXT('2D SPACE',''
  ) );
#842 = PCURVE('',#741,#843);
#843 = DEFINITIONAL_REPRESENTATION('',(#844),#848);
#844 = CIRCLE('',#845,28.);
#845 = AXIS2_PLACEMENT_2D('',#846,#847);
#846 = CARTESIAN_POINT('',(-33.58757210636,-33.58757210636));
#847 = DIRECTION('',(1.,0.));
#848 = ( GEOMETRIC_REPRESENTATION_CONTEXT(2) 
PARAMETRIC_REPRESENTATION_CONTEXT() REPRESENTATION_CONTEXT('2D SPACE',''
  ) );
#849 = ORIENTED_EDGE('',*,*,#850,.F.);
#850 = EDGE_CURVE('',#782,#827,#851,.T.);
#851 = SURFACE_CURVE('',#852,(#856,#862),.PCURVE_S1.);
#852 = LINE('',#853,#854);
#853 = CARTESIAN_POINT('',(-15.2533680106,-12.42494088585,0.));
#854 = VECTOR('',#855,1.);
#855 = DIRECTION('',(0.,0.,1.));
#856 = PCURVE('',#77,#857);
#857 = DEFINITIONAL_REPRESENTATION('',(#858),#861);
#858 = B_SPLINE_CURVE_WITH_KNOTS('',1,(#859,#860),.UNSPECIFIED.,.F.,.F.,
  (2,2),(1.84,3.76),.PIECEWISE_BEZIER_KNOTS.);
#859 = CARTESIAN_POINT('',(0.856887613283,1.84));
#860 = CARTESIAN_POINT('',(0.856887613283,3.76));
#861 = ( GEOMETRIC_REPRESENTATION_CONTEXT(2) 
PARAMETRIC_REPRESENTATION_CONTEXT() REPRESENTATION_CONTEXT('2D SPACE',''
  ) );
#862 = PCURVE('',#863,#868);
#863 = PLANE('',#864);
#864 = AXIS2_PLACEMENT_3D('',#865,#866,#867);
#865 = CARTESIAN_POINT('',(-1.414213562373,1.414213562373,2.));
#866 = DIRECTION('',(0.707106781187,-0.707106781187,0.));
#867 = DIRECTION('',(0.,0.,1.));
#868 = DEFINITIONAL_REPRESENTATION('',(#869),#872);
#869 = B_SPLINE_CURVE_WITH_KNOTS('',1,(#870,#871),.UNSPECIFIED.,.F.,.F.,
  (2,2),(1.84,3.76),.PIECEWISE_BEZIER_KNOTS.);
#870 = CARTESIAN_POINT('',(-0.16,19.571519912462));
#871 = CARTESIAN_POINT('',(1.76,19.571519912462));
#872 = ( GEOMETRIC_REPRESENTATION_CONTEXT(2) 
PARAMETRIC_REPRESENTATION_CONTEXT() REPRESENTATION_CONTEXT('2D SPACE',''
  ) );
#873 = ADVANCED_FACE('',(#874),#110,.F.);
#874 = FACE_BOUND('',#875,.T.);
#875 = EDGE_LOOP('',(#876,#897,#930,#949,#950,#971,#999,#1018,#1019,
    #1040,#1068,#1087,#1088,#1111,#1138,#1139));
#876 = ORIENTED_EDGE('',*,*,#877,.F.);
#877 = EDGE_CURVE('',#878,#402,#880,.T.);
#878 = VERTEX_POINT('',#879);
#879 = CARTESIAN_POINT('',(-25.3259472459,-59.39756154194,1.8));
#880 = SURFACE_CURVE('',#881,(#885,#891),.PCURVE_S1.);
#881 = LINE('',#882,#883);
#882 = CARTESIAN_POINT('',(-25.3259472459,-59.39756154194,8.4));
#883 = VECTOR('',#884,1.);
#884 = DIRECTION('',(-0.,-0.,-1.));
#885 = PCURVE('',#110,#886);
#886 = DEFINITIONAL_REPRESENTATION('',(#887),#890);
#887 = B_SPLINE_CURVE_WITH_KNOTS('',1,(#888,#889),.UNSPECIFIED.,.F.,.F.,
  (2,2),(6.42,8.4000006),.PIECEWISE_BEZIER_KNOTS.);
#888 = CARTESIAN_POINT('',(-5.02217726498,6.42));
#889 = CARTESIAN_POINT('',(-5.02217726498,8.4000006));
#890 = ( GEOMETRIC_REPRESENTATION_CONTEXT(2) 
PARAMETRIC_REPRESENTATION_CONTEXT() REPRESENTATION_CONTEXT('2D SPACE',''
  ) );
#891 = PCURVE('',#417,#892);
#892 = DEFINITIONAL_REPRESENTATION('',(#893),#896);
#893 = B_SPLINE_CURVE_WITH_KNOTS('',1,(#894,#895),.UNSPECIFIED.,.F.,.F.,
  (2,2),(6.42,8.4000006),.PIECEWISE_BEZIER_KNOTS.);
#894 = CARTESIAN_POINT('',(1.98,21.86880122946));
#895 = CARTESIAN_POINT('',(-5.999999999062E-07,21.86880122946));
#896 = ( GEOMETRIC_REPRESENTATION_CONTEXT(2) 
PARAMETRIC_REPRESENTATION_CONTEXT() REPRESENTATION_CONTEXT('2D SPACE',''
  ) );
#897 = ORIENTED_EDGE('',*,*,#898,.T.);
#898 = EDGE_CURVE('',#878,#899,#901,.T.);
#899 = VERTEX_POINT('',#900);
#900 = CARTESIAN_POINT('',(-27.83735439425,-60.07049105921,1.8));
#901 = SURFACE_CURVE('',#902,(#907,#914),.PCURVE_S1.);
#902 = CIRCLE('',#903,27.1);
#903 = AXIS2_PLACEMENT_3D('',#904,#905,#906);
#904 = CARTESIAN_POINT('',(-33.58757210636,-33.58757210636,1.8));
#905 = DIRECTION('',(0.,0.,-1.));
#906 = DIRECTION('',(1.,0.,0.));
#907 = PCURVE('',#110,#908);
#908 = DEFINITIONAL_REPRESENTATION('',(#909),#913);
#909 = LINE('',#910,#911);
#910 = CARTESIAN_POINT('',(-6.28318530718,6.6));
#911 = VECTOR('',#912,1.);
#912 = DIRECTION('',(1.,-0.));
#913 = ( GEOMETRIC_REPRESENTATION_CONTEXT(2) 
PARAMETRIC_REPRESENTATION_CONTEXT() REPRESENTATION_CONTEXT('2D SPACE',''
  ) );
#914 = PCURVE('',#915,#920);
#915 = PLANE('',#916);
#916 = AXIS2_PLACEMENT_3D('',#917,#918,#919);
#917 = CARTESIAN_POINT('',(-33.58757210636,-33.58757210636,1.8));
#918 = DIRECTION('',(0.,0.,1.));
#919 = DIRECTION('',(1.,0.,-0.));
#920 = DEFINITIONAL_REPRESENTATION('',(#921),#929);
#921 = ( BOUNDED_CURVE() B_SPLINE_CURVE(2,(#922,#923,#924,#925,#926,#927
,#928),.UNSPECIFIED.,.T.,.F.) B_SPLINE_CURVE_WITH_KNOTS((1,2,2,2,2,1),(
    -2.094395102393,0.,2.094395102393,4.188790204786,6.28318530718,
8.377580409573),.UNSPECIFIED.) CURVE() GEOMETRIC_REPRESENTATION_ITEM() 
RATIONAL_B_SPLINE_CURVE((1.,0.5,1.,0.5,1.,0.5,1.)) REPRESENTATION_ITEM(
  '') );
#922 = CARTESIAN_POINT('',(27.1,0.));
#923 = CARTESIAN_POINT('',(27.1,-46.93857688511));
#924 = CARTESIAN_POINT('',(-13.55,-23.46928844255));
#925 = CARTESIAN_POINT('',(-54.2,-6.637585651379E-15));
#926 = CARTESIAN_POINT('',(-13.55,23.469288442558));
#927 = CARTESIAN_POINT('',(27.1,46.938576885117));
#928 = CARTESIAN_POINT('',(27.1,0.));
#929 = ( GEOMETRIC_REPRESENTATION_CONTEXT(2) 
PARAMETRIC_REPRESENTATION_CONTEXT() REPRESENTATION_CONTEXT('2D SPACE',''
  ) );
#930 = ORIENTED_EDGE('',*,*,#931,.T.);
#931 = EDGE_CURVE('',#899,#94,#932,.T.);
#932 = SURFACE_CURVE('',#933,(#937,#943),.PCURVE_S1.);
#933 = LINE('',#934,#935);
#934 = CARTESIAN_POINT('',(-27.83735439425,-60.07049105921,8.4));
#935 = VECTOR('',#936,1.);
#936 = DIRECTION('',(-0.,-0.,-1.));
#937 = PCURVE('',#110,#938);
#938 = DEFINITIONAL_REPRESENTATION('',(#939),#942);
#939 = B_SPLINE_CURVE_WITH_KNOTS('',1,(#940,#941),.UNSPECIFIED.,.F.,.F.,
  (2,2),(6.42,8.4000006),.PIECEWISE_BEZIER_KNOTS.);
#940 = CARTESIAN_POINT('',(-4.926199471388,6.42));
#941 = CARTESIAN_POINT('',(-4.926199471388,8.4000006));
#942 = ( GEOMETRIC_REPRESENTATION_CONTEXT(2) 
PARAMETRIC_REPRESENTATION_CONTEXT() REPRESENTATION_CONTEXT('2D SPACE',''
  ) );
#943 = PCURVE('',#138,#944);
#944 = DEFINITIONAL_REPRESENTATION('',(#945),#948);
#945 = B_SPLINE_CURVE_WITH_KNOTS('',1,(#946,#947),.UNSPECIFIED.,.F.,.F.,
  (2,2),(6.42,8.4000006),.PIECEWISE_BEZIER_KNOTS.);
#946 = CARTESIAN_POINT('',(1.98,21.86880122946));
#947 = CARTESIAN_POINT('',(-5.999999999062E-07,21.86880122946));
#948 = ( GEOMETRIC_REPRESENTATION_CONTEXT(2) 
PARAMETRIC_REPRESENTATION_CONTEXT() REPRESENTATION_CONTEXT('2D SPACE',''
  ) );
#949 = ORIENTED_EDGE('',*,*,#91,.F.);
#950 = ORIENTED_EDGE('',*,*,#951,.F.);
#951 = EDGE_CURVE('',#952,#92,#954,.T.);
#952 = VERTEX_POINT('',#953);
#953 = CARTESIAN_POINT('',(-60.07049105921,-27.83735439425,1.8));
#954 = SURFACE_CURVE('',#955,(#959,#965),.PCURVE_S1.);
#955 = LINE('',#956,#957);
#956 = CARTESIAN_POINT('',(-60.07049105921,-27.83735439425,8.4));
#957 = VECTOR('',#958,1.);
#958 = DIRECTION('',(-0.,-0.,-1.));
#959 = PCURVE('',#110,#960);
#960 = DEFINITIONAL_REPRESENTATION('',(#961),#964);
#961 = B_SPLINE_CURVE_WITH_KNOTS('',1,(#962,#963),.UNSPECIFIED.,.F.,.F.,
  (2,2),(6.42,8.4000006),.PIECEWISE_BEZIER_KNOTS.);
#962 = CARTESIAN_POINT('',(-2.927782162587,6.42));
#963 = CARTESIAN_POINT('',(-2.927782162587,8.4000006));
#964 = ( GEOMETRIC_REPRESENTATION_CONTEXT(2) 
PARAMETRIC_REPRESENTATION_CONTEXT() REPRESENTATION_CONTEXT('2D SPACE',''
  ) );
#965 = PCURVE('',#193,#966);
#966 = DEFINITIONAL_REPRESENTATION('',(#967),#970);
#967 = B_SPLINE_CURVE_WITH_KNOTS('',1,(#968,#969),.UNSPECIFIED.,.F.,.F.,
  (2,2),(6.42,8.4000006),.PIECEWISE_BEZIER_KNOTS.);
#968 = CARTESIAN_POINT('',(1.98,21.86880122946));
#969 = CARTESIAN_POINT('',(-5.999999999062E-07,21.86880122946));
#970 = ( GEOMETRIC_REPRESENTATION_CONTEXT(2) 
PARAMETRIC_REPRESENTATION_CONTEXT() REPRESENTATION_CONTEXT('2D SPACE',''
  ) );
#971 = ORIENTED_EDGE('',*,*,#972,.T.);
#972 = EDGE_CURVE('',#952,#973,#975,.T.);
#973 = VERTEX_POINT('',#974);
#974 = CARTESIAN_POINT('',(-59.39756154194,-25.3259472459,1.8));
#975 = SURFACE_CURVE('',#976,(#981,#988),.PCURVE_S1.);
#976 = CIRCLE('',#977,27.1);
#977 = AXIS2_PLACEMENT_3D('',#978,#979,#980);
#978 = CARTESIAN_POINT('',(-33.58757210636,-33.58757210636,1.8));
#979 = DIRECTION('',(0.,0.,-1.));
#980 = DIRECTION('',(1.,0.,0.));
#981 = PCURVE('',#110,#982);
#982 = DEFINITIONAL_REPRESENTATION('',(#983),#987);
#983 = LINE('',#984,#985);
#984 = CARTESIAN_POINT('',(-6.28318530718,6.6));
#985 = VECTOR('',#986,1.);
#986 = DIRECTION('',(1.,-0.));
#987 = ( GEOMETRIC_REPRESENTATION_CONTEXT(2) 
PARAMETRIC_REPRESENTATION_CONTEXT() REPRESENTATION_CONTEXT('2D SPACE',''
  ) );
#988 = PCURVE('',#915,#989);
#989 = DEFINITIONAL_REPRESENTATION('',(#990),#998);
#990 = ( BOUNDED_CURVE() B_SPLINE_CURVE(2,(#991,#992,#993,#994,#995,#996
,#997),.UNSPECIFIED.,.T.,.F.) B_SPLINE_CURVE_WITH_KNOTS((1,2,2,2,2,1),(
    -2.094395102393,0.,2.094395102393,4.188790204786,6.28318530718,
8.377580409573),.UNSPECIFIED.) CURVE() GEOMETRIC_REPRESENTATION_ITEM() 
RATIONAL_B_SPLINE_CURVE((1.,0.5,1.,0.5,1.,0.5,1.)) REPRESENTATION_ITEM(
  '') );
#991 = CARTESIAN_POINT('',(27.1,0.));
#992 = CARTESIAN_POINT('',(27.1,-46.93857688511));
#993 = CARTESIAN_POINT('',(-13.55,-23.46928844255));
#994 = CARTESIAN_POINT('',(-54.2,-6.637585651379E-15));
#995 = CARTESIAN_POINT('',(-13.55,23.469288442558));
#996 = CARTESIAN_POINT('',(27.1,46.938576885117));
#997 = CARTESIAN_POINT('',(27.1,0.));
#998 = ( GEOMETRIC_REPRESENTATION_CONTEXT(2) 
PARAMETRIC_REPRESENTATION_CONTEXT() REPRESENTATION_CONTEXT('2D SPACE',''
  ) );
#999 = ORIENTED_EDGE('',*,*,#1000,.T.);
#1000 = EDGE_CURVE('',#973,#210,#1001,.T.);
#1001 = SURFACE_CURVE('',#1002,(#1006,#1012),.PCURVE_S1.);
#1002 = LINE('',#1003,#1004);
#1003 = CARTESIAN_POINT('',(-59.39756154194,-25.3259472459,8.4));
#1004 = VECTOR('',#1005,1.);
#1005 = DIRECTION('',(-0.,-0.,-1.));
#1006 = PCURVE('',#110,#1007);
#1007 = DEFINITIONAL_REPRESENTATION('',(#1008),#1011);
#1008 = B_SPLINE_CURVE_WITH_KNOTS('',1,(#1009,#1010),.UNSPECIFIED.,.F.,
  .F.,(2,2),(6.42,8.4000006),.PIECEWISE_BEZIER_KNOTS.);
#1009 = CARTESIAN_POINT('',(-2.831804368995,6.42));
#1010 = CARTESIAN_POINT('',(-2.831804368995,8.4000006));
#1011 = ( GEOMETRIC_REPRESENTATION_CONTEXT(2) 
PARAMETRIC_REPRESENTATION_CONTEXT() REPRESENTATION_CONTEXT('2D SPACE',''
  ) );
#1012 = PCURVE('',#249,#1013);
#1013 = DEFINITIONAL_REPRESENTATION('',(#1014),#1017);
#1014 = B_SPLINE_CURVE_WITH_KNOTS('',1,(#1015,#1016),.UNSPECIFIED.,.F.,
  .F.,(2,2),(6.42,8.4000006),.PIECEWISE_BEZIER_KNOTS.);
#1015 = CARTESIAN_POINT('',(1.98,21.86880122946));
#1016 = CARTESIAN_POINT('',(-5.999999999062E-07,21.86880122946));
#1017 = ( GEOMETRIC_REPRESENTATION_CONTEXT(2) 
PARAMETRIC_REPRESENTATION_CONTEXT() REPRESENTATION_CONTEXT('2D SPACE',''
  ) );
#1018 = ORIENTED_EDGE('',*,*,#207,.F.);
#1019 = ORIENTED_EDGE('',*,*,#1020,.F.);
#1020 = EDGE_CURVE('',#1021,#208,#1023,.T.);
#1021 = VERTEX_POINT('',#1022);
#1022 = CARTESIAN_POINT('',(-15.36627801396,-13.52780038287,1.8));
#1023 = SURFACE_CURVE('',#1024,(#1028,#1034),.PCURVE_S1.);
#1024 = LINE('',#1025,#1026);
#1025 = CARTESIAN_POINT('',(-15.36627801396,-13.52780038287,8.4));
#1026 = VECTOR('',#1027,1.);
#1027 = DIRECTION('',(-0.,-0.,-1.));
#1028 = PCURVE('',#110,#1029);
#1029 = DEFINITIONAL_REPRESENTATION('',(#1030),#1033);
#1030 = B_SPLINE_CURVE_WITH_KNOTS('',1,(#1031,#1032),.UNSPECIFIED.,.F.,
  .F.,(2,2),(6.42,8.4000006),.PIECEWISE_BEZIER_KNOTS.);
#1031 = CARTESIAN_POINT('',(-0.833387060194,6.42));
#1032 = CARTESIAN_POINT('',(-0.833387060194,8.4000006));
#1033 = ( GEOMETRIC_REPRESENTATION_CONTEXT(2) 
PARAMETRIC_REPRESENTATION_CONTEXT() REPRESENTATION_CONTEXT('2D SPACE',''
  ) );
#1034 = PCURVE('',#304,#1035);
#1035 = DEFINITIONAL_REPRESENTATION('',(#1036),#1039);
#1036 = B_SPLINE_CURVE_WITH_KNOTS('',1,(#1037,#1038),.UNSPECIFIED.,.F.,
  .F.,(2,2),(6.42,8.4000006),.PIECEWISE_BEZIER_KNOTS.);
#1037 = CARTESIAN_POINT('',(1.98,21.86880122946));
#1038 = CARTESIAN_POINT('',(-5.999999999062E-07,21.86880122946));
#1039 = ( GEOMETRIC_REPRESENTATION_CONTEXT(2) 
PARAMETRIC_REPRESENTATION_CONTEXT() REPRESENTATION_CONTEXT('2D SPACE',''
  ) );
#1040 = ORIENTED_EDGE('',*,*,#1041,.T.);
#1041 = EDGE_CURVE('',#1021,#1042,#1044,.T.);
#1042 = VERTEX_POINT('',#1043);
#1043 = CARTESIAN_POINT('',(-13.52780038287,-15.36627801396,1.8));
#1044 = SURFACE_CURVE('',#1045,(#1050,#1057),.PCURVE_S1.);
#1045 = CIRCLE('',#1046,27.1);
#1046 = AXIS2_PLACEMENT_3D('',#1047,#1048,#1049);
#1047 = CARTESIAN_POINT('',(-33.58757210636,-33.58757210636,1.8));
#1048 = DIRECTION('',(0.,0.,-1.));
#1049 = DIRECTION('',(1.,0.,0.));
#1050 = PCURVE('',#110,#1051);
#1051 = DEFINITIONAL_REPRESENTATION('',(#1052),#1056);
#1052 = LINE('',#1053,#1054);
#1053 = CARTESIAN_POINT('',(-6.28318530718,6.6));
#1054 = VECTOR('',#1055,1.);
#1055 = DIRECTION('',(1.,-0.));
#1056 = ( GEOMETRIC_REPRESENTATION_CONTEXT(2) 
PARAMETRIC_REPRESENTATION_CONTEXT() REPRESENTATION_CONTEXT('2D SPACE',''
  ) );
#1057 = PCURVE('',#915,#1058);
#1058 = DEFINITIONAL_REPRESENTATION('',(#1059),#1067);
#1059 = ( BOUNDED_CURVE() B_SPLINE_CURVE(2,(#1060,#1061,#1062,#1063,
#1064,#1065,#1066),.UNSPECIFIED.,.T.,.F.) B_SPLINE_CURVE_WITH_KNOTS((1,2
    ,2,2,2,1),(-2.094395102393,0.,2.094395102393,4.188790204786,
6.28318530718,8.377580409573),.UNSPECIFIED.) CURVE() 
GEOMETRIC_REPRESENTATION_ITEM() RATIONAL_B_SPLINE_CURVE((1.,0.5,1.,0.5,
1.,0.5,1.)) REPRESENTATION_ITEM('') );
#1060 = CARTESIAN_POINT('',(27.1,0.));
#1061 = CARTESIAN_POINT('',(27.1,-46.93857688511));
#1062 = CARTESIAN_POINT('',(-13.55,-23.46928844255));
#1063 = CARTESIAN_POINT('',(-54.2,-6.637585651379E-15));
#1064 = CARTESIAN_POINT('',(-13.55,23.469288442558));
#1065 = CARTESIAN_POINT('',(27.1,46.938576885117));
#1066 = CARTESIAN_POINT('',(27.1,0.));
#1067 = ( GEOMETRIC_REPRESENTATION_CONTEXT(2) 
PARAMETRIC_REPRESENTATION_CONTEXT() REPRESENTATION_CONTEXT('2D SPACE',''
  ) );
#1068 = ORIENTED_EDGE('',*,*,#1069,.T.);
#1069 = EDGE_CURVE('',#1042,#321,#1070,.T.);
#1070 = SURFACE_CURVE('',#1071,(#1075,#1081),.PCURVE_S1.);
#1071 = LINE('',#1072,#1073);
#1072 = CARTESIAN_POINT('',(-13.52780038287,-15.36627801396,8.4));
#1073 = VECTOR('',#1074,1.);
#1074 = DIRECTION('',(-0.,-0.,-1.));
#1075 = PCURVE('',#110,#1076);
#1076 = DEFINITIONAL_REPRESENTATION('',(#1077),#1080);
#1077 = B_SPLINE_CURVE_WITH_KNOTS('',1,(#1078,#1079),.UNSPECIFIED.,.F.,
  .F.,(2,2),(6.42,8.4000006),.PIECEWISE_BEZIER_KNOTS.);
#1078 = CARTESIAN_POINT('',(-0.737409266601,6.42));
#1079 = CARTESIAN_POINT('',(-0.737409266601,8.4000006));
#1080 = ( GEOMETRIC_REPRESENTATION_CONTEXT(2) 
PARAMETRIC_REPRESENTATION_CONTEXT() REPRESENTATION_CONTEXT('2D SPACE',''
  ) );
#1081 = PCURVE('',#360,#1082);
#1082 = DEFINITIONAL_REPRESENTATION('',(#1083),#1086);
#1083 = B_SPLINE_CURVE_WITH_KNOTS('',1,(#1084,#1085),.UNSPECIFIED.,.F.,
  .F.,(2,2),(6.42,8.4000006),.PIECEWISE_BEZIER_KNOTS.);
#1084 = CARTESIAN_POINT('',(1.98,21.86880122946));
#1085 = CARTESIAN_POINT('',(-5.999999999062E-07,21.86880122946));
#1086 = ( GEOMETRIC_REPRESENTATION_CONTEXT(2) 
PARAMETRIC_REPRESENTATION_CONTEXT() REPRESENTATION_CONTEXT('2D SPACE',''
  ) );
#1087 = ORIENTED_EDGE('',*,*,#318,.F.);
#1088 = ORIENTED_EDGE('',*,*,#1089,.T.);
#1089 = EDGE_CURVE('',#319,#1090,#1092,.T.);
#1090 = VERTEX_POINT('',#1091);
#1091 = CARTESIAN_POINT('',(-6.487572106361,-33.58757210636,8.4));
#1092 = SEAM_CURVE('',#1093,(#1097,#1104),.PCURVE_S1.);
#1093 = LINE('',#1094,#1095);
#1094 = CARTESIAN_POINT('',(-6.487572106361,-33.58757210636,0.));
#1095 = VECTOR('',#1096,1.);
#1096 = DIRECTION('',(0.,0.,1.));
#1097 = PCURVE('',#110,#1098);
#1098 = DEFINITIONAL_REPRESENTATION('',(#1099),#1103);
#1099 = LINE('',#1100,#1101);
#1100 = CARTESIAN_POINT('',(-0.,8.4));
#1101 = VECTOR('',#1102,1.);
#1102 = DIRECTION('',(-0.,-1.));
#1103 = ( GEOMETRIC_REPRESENTATION_CONTEXT(2) 
PARAMETRIC_REPRESENTATION_CONTEXT() REPRESENTATION_CONTEXT('2D SPACE',''
  ) );
#1104 = PCURVE('',#110,#1105);
#1105 = DEFINITIONAL_REPRESENTATION('',(#1106),#1110);
#1106 = LINE('',#1107,#1108);
#1107 = CARTESIAN_POINT('',(-6.28318530718,8.4));
#1108 = VECTOR('',#1109,1.);
#1109 = DIRECTION('',(-0.,-1.));
#1110 = ( GEOMETRIC_REPRESENTATION_CONTEXT(2) 
PARAMETRIC_REPRESENTATION_CONTEXT() REPRESENTATION_CONTEXT('2D SPACE',''
  ) );
#1111 = ORIENTED_EDGE('',*,*,#1112,.T.);
#1112 = EDGE_CURVE('',#1090,#1090,#1113,.T.);
#1113 = SURFACE_CURVE('',#1114,(#1119,#1126),.PCURVE_S1.);
#1114 = CIRCLE('',#1115,27.1);
#1115 = AXIS2_PLACEMENT_3D('',#1116,#1117,#1118);
#1116 = CARTESIAN_POINT('',(-33.58757210636,-33.58757210636,8.4));
#1117 = DIRECTION('',(0.,0.,1.));
#1118 = DIRECTION('',(1.,0.,-0.));
#1119 = PCURVE('',#110,#1120);
#1120 = DEFINITIONAL_REPRESENTATION('',(#1121),#1125);
#1121 = LINE('',#1122,#1123);
#1122 = CARTESIAN_POINT('',(-0.,0.));
#1123 = VECTOR('',#1124,1.);
#1124 = DIRECTION('',(-1.,0.));
#1125 = ( GEOMETRIC_REPRESENTATION_CONTEXT(2) 
PARAMETRIC_REPRESENTATION_CONTEXT() REPRESENTATION_CONTEXT('2D SPACE',''
  ) );
#1126 = PCURVE('',#1127,#1132);
#1127 = CONICAL_SURFACE('',#1128,28.,0.512389460311);
#1128 = AXIS2_PLACEMENT_3D('',#1129,#1130,#1131);
#1129 = CARTESIAN_POINT('',(-33.58757210636,-33.58757210636,10.));
#1130 = DIRECTION('',(0.,0.,1.));
#1131 = DIRECTION('',(1.,0.,0.));
#1132 = DEFINITIONAL_REPRESENTATION('',(#1133),#1137);
#1133 = LINE('',#1134,#1135);
#1134 = CARTESIAN_POINT('',(0.,-1.6));
#1135 = VECTOR('',#1136,1.);
#1136 = DIRECTION('',(1.,-0.));
#1137 = ( GEOMETRIC_REPRESENTATION_CONTEXT(2) 
PARAMETRIC_REPRESENTATION_CONTEXT() REPRESENTATION_CONTEXT('2D SPACE',''
  ) );
#1138 = ORIENTED_EDGE('',*,*,#1089,.F.);
#1139 = ORIENTED_EDGE('',*,*,#429,.F.);
#1140 = ADVANCED_FACE('',(#1141),#138,.F.);
#1141 = FACE_BOUND('',#1142,.F.);
#1142 = EDGE_LOOP('',(#1143,#1144,#1167,#1188));
#1143 = ORIENTED_EDGE('',*,*,#122,.F.);
#1144 = ORIENTED_EDGE('',*,*,#1145,.F.);
#1145 = EDGE_CURVE('',#1146,#123,#1148,.T.);
#1146 = VERTEX_POINT('',#1147);
#1147 = CARTESIAN_POINT('',(-33.46010640891,-39.08609486215,1.8));
#1148 = SURFACE_CURVE('',#1149,(#1153,#1160),.PCURVE_S1.);
#1149 = LINE('',#1150,#1151);
#1150 = CARTESIAN_POINT('',(-33.46010640891,-39.08609486215,0.));
#1151 = VECTOR('',#1152,1.);
#1152 = DIRECTION('',(-0.,-0.,-1.));
#1153 = PCURVE('',#138,#1154);
#1154 = DEFINITIONAL_REPRESENTATION('',(#1155),#1159);
#1155 = LINE('',#1156,#1157);
#1156 = CARTESIAN_POINT('',(0.,0.144155686355));
#1157 = VECTOR('',#1158,1.);
#1158 = DIRECTION('',(-1.,0.));
#1159 = ( GEOMETRIC_REPRESENTATION_CONTEXT(2) 
PARAMETRIC_REPRESENTATION_CONTEXT() REPRESENTATION_CONTEXT('2D SPACE',''
  ) );
#1160 = PCURVE('',#167,#1161);
#1161 = DEFINITIONAL_REPRESENTATION('',(#1162),#1166);
#1162 = LINE('',#1163,#1164);
#1163 = CARTESIAN_POINT('',(-4.73556663687,0.));
#1164 = VECTOR('',#1165,1.);
#1165 = DIRECTION('',(-0.,1.));
#1166 = ( GEOMETRIC_REPRESENTATION_CONTEXT(2) 
PARAMETRIC_REPRESENTATION_CONTEXT() REPRESENTATION_CONTEXT('2D SPACE',''
  ) );
#1167 = ORIENTED_EDGE('',*,*,#1168,.T.);
#1168 = EDGE_CURVE('',#1146,#899,#1169,.T.);
#1169 = SURFACE_CURVE('',#1170,(#1174,#1181),.PCURVE_S1.);
#1170 = LINE('',#1171,#1172);
#1171 = CARTESIAN_POINT('',(-33.497416646,-38.94685116169,1.8));
#1172 = VECTOR('',#1173,1.);
#1173 = DIRECTION('',(0.258819045103,-0.965925826289,0.));
#1174 = PCURVE('',#138,#1175);
#1175 = DEFINITIONAL_REPRESENTATION('',(#1176),#1180);
#1176 = LINE('',#1177,#1178);
#1177 = CARTESIAN_POINT('',(1.8,0.));
#1178 = VECTOR('',#1179,1.);
#1179 = DIRECTION('',(0.,1.));
#1180 = ( GEOMETRIC_REPRESENTATION_CONTEXT(2) 
PARAMETRIC_REPRESENTATION_CONTEXT() REPRESENTATION_CONTEXT('2D SPACE',''
  ) );
#1181 = PCURVE('',#915,#1182);
#1182 = DEFINITIONAL_REPRESENTATION('',(#1183),#1187);
#1183 = LINE('',#1184,#1185);
#1184 = CARTESIAN_POINT('',(9.015546035732E-02,-5.359279055336));
#1185 = VECTOR('',#1186,1.);
#1186 = DIRECTION('',(0.258819045103,-0.965925826289));
#1187 = ( GEOMETRIC_REPRESENTATION_CONTEXT(2) 
PARAMETRIC_REPRESENTATION_CONTEXT() REPRESENTATION_CONTEXT('2D SPACE',''
  ) );
#1188 = ORIENTED_EDGE('',*,*,#931,.T.);
#1189 = ADVANCED_FACE('',(#1190),#167,.T.);
#1190 = FACE_BOUND('',#1191,.F.);
#1191 = EDGE_LOOP('',(#1192,#1193,#1216,#1242));
#1192 = ORIENTED_EDGE('',*,*,#150,.F.);
#1193 = ORIENTED_EDGE('',*,*,#1194,.F.);
#1194 = EDGE_CURVE('',#1195,#151,#1197,.T.);
#1195 = VERTEX_POINT('',#1196);
#1196 = CARTESIAN_POINT('',(-39.08609486215,-33.46010640891,1.8));
#1197 = SURFACE_CURVE('',#1198,(#1202,#1209),.PCURVE_S1.);
#1198 = LINE('',#1199,#1200);
#1199 = CARTESIAN_POINT('',(-39.08609486215,-33.46010640891,0.));
#1200 = VECTOR('',#1201,1.);
#1201 = DIRECTION('',(-0.,-0.,-1.));
#1202 = PCURVE('',#167,#1203);
#1203 = DEFINITIONAL_REPRESENTATION('',(#1204),#1208);
#1204 = LINE('',#1205,#1206);
#1205 = CARTESIAN_POINT('',(-3.118414997104,0.));
#1206 = VECTOR('',#1207,1.);
#1207 = DIRECTION('',(-0.,1.));
#1208 = ( GEOMETRIC_REPRESENTATION_CONTEXT(2) 
PARAMETRIC_REPRESENTATION_CONTEXT() REPRESENTATION_CONTEXT('2D SPACE',''
  ) );
#1209 = PCURVE('',#193,#1210);
#1210 = DEFINITIONAL_REPRESENTATION('',(#1211),#1215);
#1211 = LINE('',#1212,#1213);
#1212 = CARTESIAN_POINT('',(0.,0.144155686355));
#1213 = VECTOR('',#1214,1.);
#1214 = DIRECTION('',(-1.,0.));
#1215 = ( GEOMETRIC_REPRESENTATION_CONTEXT(2) 
PARAMETRIC_REPRESENTATION_CONTEXT() REPRESENTATION_CONTEXT('2D SPACE',''
  ) );
#1216 = ORIENTED_EDGE('',*,*,#1217,.F.);
#1217 = EDGE_CURVE('',#1146,#1195,#1218,.T.);
#1218 = SURFACE_CURVE('',#1219,(#1224,#1231),.PCURVE_S1.);
#1219 = CIRCLE('',#1220,5.5);
#1220 = AXIS2_PLACEMENT_3D('',#1221,#1222,#1223);
#1221 = CARTESIAN_POINT('',(-33.58757210636,-33.58757210636,1.8));
#1222 = DIRECTION('',(0.,0.,-1.));
#1223 = DIRECTION('',(0.854205007469,0.519936347272,0.));
#1224 = PCURVE('',#167,#1225);
#1225 = DEFINITIONAL_REPRESENTATION('',(#1226),#1230);
#1226 = LINE('',#1227,#1228);
#1227 = CARTESIAN_POINT('',(-6.829961739263,-1.8));
#1228 = VECTOR('',#1229,1.);
#1229 = DIRECTION('',(1.,-0.));
#1230 = ( GEOMETRIC_REPRESENTATION_CONTEXT(2) 
PARAMETRIC_REPRESENTATION_CONTEXT() REPRESENTATION_CONTEXT('2D SPACE',''
  ) );
#1231 = PCURVE('',#915,#1232);
#1232 = DEFINITIONAL_REPRESENTATION('',(#1233),#1241);
#1233 = ( BOUNDED_CURVE() B_SPLINE_CURVE(2,(#1234,#1235,#1236,#1237,
#1238,#1239,#1240),.UNSPECIFIED.,.T.,.F.) B_SPLINE_CURVE_WITH_KNOTS((1,2
    ,2,2,2,1),(-2.094395102393,0.,2.094395102393,4.188790204786,
6.28318530718,8.377580409573),.UNSPECIFIED.) CURVE() 
GEOMETRIC_REPRESENTATION_ITEM() RATIONAL_B_SPLINE_CURVE((1.,0.5,1.,0.5,
1.,0.5,1.)) REPRESENTATION_ITEM('') );
#1234 = CARTESIAN_POINT('',(4.698127541081,2.859649909996));
#1235 = CARTESIAN_POINT('',(9.651186477053,-5.277745691595));
#1236 = CARTESIAN_POINT('',(0.127465697446,-5.498522755793));
#1237 = CARTESIAN_POINT('',(-9.396255082161,-5.719299819992));
#1238 = CARTESIAN_POINT('',(-4.825593238527,2.638872845797));
#1239 = CARTESIAN_POINT('',(-0.254931394892,10.997045511586));
#1240 = CARTESIAN_POINT('',(4.698127541081,2.859649909996));
#1241 = ( GEOMETRIC_REPRESENTATION_CONTEXT(2) 
PARAMETRIC_REPRESENTATION_CONTEXT() REPRESENTATION_CONTEXT('2D SPACE',''
  ) );
#1242 = ORIENTED_EDGE('',*,*,#1145,.T.);
#1243 = ADVANCED_FACE('',(#1244),#193,.T.);
#1244 = FACE_BOUND('',#1245,.T.);
#1245 = EDGE_LOOP('',(#1246,#1247,#1248,#1269));
#1246 = ORIENTED_EDGE('',*,*,#179,.F.);
#1247 = ORIENTED_EDGE('',*,*,#1194,.F.);
#1248 = ORIENTED_EDGE('',*,*,#1249,.T.);
#1249 = EDGE_CURVE('',#1195,#952,#1250,.T.);
#1250 = SURFACE_CURVE('',#1251,(#1255,#1262),.PCURVE_S1.);
#1251 = LINE('',#1252,#1253);
#1252 = CARTESIAN_POINT('',(-38.94685116169,-33.497416646,1.8));
#1253 = VECTOR('',#1254,1.);
#1254 = DIRECTION('',(-0.965925826289,0.258819045103,0.));
#1255 = PCURVE('',#193,#1256);
#1256 = DEFINITIONAL_REPRESENTATION('',(#1257),#1261);
#1257 = LINE('',#1258,#1259);
#1258 = CARTESIAN_POINT('',(1.8,0.));
#1259 = VECTOR('',#1260,1.);
#1260 = DIRECTION('',(0.,1.));
#1261 = ( GEOMETRIC_REPRESENTATION_CONTEXT(2) 
PARAMETRIC_REPRESENTATION_CONTEXT() REPRESENTATION_CONTEXT('2D SPACE',''
  ) );
#1262 = PCURVE('',#915,#1263);
#1263 = DEFINITIONAL_REPRESENTATION('',(#1264),#1268);
#1264 = LINE('',#1265,#1266);
#1265 = CARTESIAN_POINT('',(-5.359279055336,9.015546035732E-02));
#1266 = VECTOR('',#1267,1.);
#1267 = DIRECTION('',(-0.965925826289,0.258819045103));
#1268 = ( GEOMETRIC_REPRESENTATION_CONTEXT(2) 
PARAMETRIC_REPRESENTATION_CONTEXT() REPRESENTATION_CONTEXT('2D SPACE',''
  ) );
#1269 = ORIENTED_EDGE('',*,*,#951,.T.);
#1270 = ADVANCED_FACE('',(#1271),#249,.F.);
#1271 = FACE_BOUND('',#1272,.F.);
#1272 = EDGE_LOOP('',(#1273,#1274,#1297,#1318));
#1273 = ORIENTED_EDGE('',*,*,#233,.F.);
#1274 = ORIENTED_EDGE('',*,*,#1275,.F.);
#1275 = EDGE_CURVE('',#1276,#234,#1278,.T.);
#1276 = VERTEX_POINT('',#1277);
#1277 = CARTESIAN_POINT('',(-38.41316534488,-30.94869926056,1.8));
#1278 = SURFACE_CURVE('',#1279,(#1283,#1290),.PCURVE_S1.);
#1279 = LINE('',#1280,#1281);
#1280 = CARTESIAN_POINT('',(-38.41316534488,-30.94869926056,0.));
#1281 = VECTOR('',#1282,1.);
#1282 = DIRECTION('',(-0.,-0.,-1.));
#1283 = PCURVE('',#249,#1284);
#1284 = DEFINITIONAL_REPRESENTATION('',(#1285),#1289);
#1285 = LINE('',#1286,#1287);
#1286 = CARTESIAN_POINT('',(0.,0.144155686355));
#1287 = VECTOR('',#1288,1.);
#1288 = DIRECTION('',(-1.,0.));
#1289 = ( GEOMETRIC_REPRESENTATION_CONTEXT(2) 
PARAMETRIC_REPRESENTATION_CONTEXT() REPRESENTATION_CONTEXT('2D SPACE',''
  ) );
#1290 = PCURVE('',#278,#1291);
#1291 = DEFINITIONAL_REPRESENTATION('',(#1292),#1296);
#1292 = LINE('',#1293,#1294);
#1293 = CARTESIAN_POINT('',(-2.641171534477,0.));
#1294 = VECTOR('',#1295,1.);
#1295 = DIRECTION('',(-0.,1.));
#1296 = ( GEOMETRIC_REPRESENTATION_CONTEXT(2) 
PARAMETRIC_REPRESENTATION_CONTEXT() REPRESENTATION_CONTEXT('2D SPACE',''
  ) );
#1297 = ORIENTED_EDGE('',*,*,#1298,.T.);
#1298 = EDGE_CURVE('',#1276,#973,#1299,.T.);
#1299 = SURFACE_CURVE('',#1300,(#1304,#1311),.PCURVE_S1.);
#1300 = LINE('',#1301,#1302);
#1301 = CARTESIAN_POINT('',(-38.27392164443,-30.98600949765,1.8));
#1302 = VECTOR('',#1303,1.);
#1303 = DIRECTION('',(-0.965925826289,0.258819045103,0.));
#1304 = PCURVE('',#249,#1305);
#1305 = DEFINITIONAL_REPRESENTATION('',(#1306),#1310);
#1306 = LINE('',#1307,#1308);
#1307 = CARTESIAN_POINT('',(1.8,0.));
#1308 = VECTOR('',#1309,1.);
#1309 = DIRECTION('',(0.,1.));
#1310 = ( GEOMETRIC_REPRESENTATION_CONTEXT(2) 
PARAMETRIC_REPRESENTATION_CONTEXT() REPRESENTATION_CONTEXT('2D SPACE',''
  ) );
#1311 = PCURVE('',#915,#1312);
#1312 = DEFINITIONAL_REPRESENTATION('',(#1313),#1317);
#1313 = LINE('',#1314,#1315);
#1314 = CARTESIAN_POINT('',(-4.68634953807,2.601562608709));
#1315 = VECTOR('',#1316,1.);
#1316 = DIRECTION('',(-0.965925826289,0.258819045103));
#1317 = ( GEOMETRIC_REPRESENTATION_CONTEXT(2) 
PARAMETRIC_REPRESENTATION_CONTEXT() REPRESENTATION_CONTEXT('2D SPACE',''
  ) );
#1318 = ORIENTED_EDGE('',*,*,#1000,.T.);
#1319 = ADVANCED_FACE('',(#1320),#278,.T.);
#1320 = FACE_BOUND('',#1321,.F.);
#1321 = EDGE_LOOP('',(#1322,#1323,#1346,#1372));
#1322 = ORIENTED_EDGE('',*,*,#261,.F.);
#1323 = ORIENTED_EDGE('',*,*,#1324,.F.);
#1324 = EDGE_CURVE('',#1325,#262,#1327,.T.);
#1325 = VERTEX_POINT('',#1326);
#1326 = CARTESIAN_POINT('',(-30.72792219636,-28.88944456528,1.8));
#1327 = SURFACE_CURVE('',#1328,(#1332,#1339),.PCURVE_S1.);
#1328 = LINE('',#1329,#1330);
#1329 = CARTESIAN_POINT('',(-30.72792219636,-28.88944456528,0.));
#1330 = VECTOR('',#1331,1.);
#1331 = DIRECTION('',(-0.,-0.,-1.));
#1332 = PCURVE('',#278,#1333);
#1333 = DEFINITIONAL_REPRESENTATION('',(#1334),#1338);
#1334 = LINE('',#1335,#1336);
#1335 = CARTESIAN_POINT('',(-1.024019894711,0.));
#1336 = VECTOR('',#1337,1.);
#1337 = DIRECTION('',(-0.,1.));
#1338 = ( GEOMETRIC_REPRESENTATION_CONTEXT(2) 
PARAMETRIC_REPRESENTATION_CONTEXT() REPRESENTATION_CONTEXT('2D SPACE',''
  ) );
#1339 = PCURVE('',#304,#1340);
#1340 = DEFINITIONAL_REPRESENTATION('',(#1341),#1345);
#1341 = LINE('',#1342,#1343);
#1342 = CARTESIAN_POINT('',(0.,0.144155686355));
#1343 = VECTOR('',#1344,1.);
#1344 = DIRECTION('',(-1.,0.));
#1345 = ( GEOMETRIC_REPRESENTATION_CONTEXT(2) 
PARAMETRIC_REPRESENTATION_CONTEXT() REPRESENTATION_CONTEXT('2D SPACE',''
  ) );
#1346 = ORIENTED_EDGE('',*,*,#1347,.F.);
#1347 = EDGE_CURVE('',#1276,#1325,#1348,.T.);
#1348 = SURFACE_CURVE('',#1349,(#1354,#1361),.PCURVE_S1.);
#1349 = CIRCLE('',#1350,5.5);
#1350 = AXIS2_PLACEMENT_3D('',#1351,#1352,#1353);
#1351 = CARTESIAN_POINT('',(-33.58757210636,-33.58757210636,1.8));
#1352 = DIRECTION('',(0.,0.,-1.));
#1353 = DIRECTION('',(0.854205007469,0.519936347272,0.));
#1354 = PCURVE('',#278,#1355);
#1355 = DEFINITIONAL_REPRESENTATION('',(#1356),#1360);
#1356 = LINE('',#1357,#1358);
#1357 = CARTESIAN_POINT('',(-6.829961739263,-1.8));
#1358 = VECTOR('',#1359,1.);
#1359 = DIRECTION('',(1.,-0.));
#1360 = ( GEOMETRIC_REPRESENTATION_CONTEXT(2) 
PARAMETRIC_REPRESENTATION_CONTEXT() REPRESENTATION_CONTEXT('2D SPACE',''
  ) );
#1361 = PCURVE('',#915,#1362);
#1362 = DEFINITIONAL_REPRESENTATION('',(#1363),#1371);
#1363 = ( BOUNDED_CURVE() B_SPLINE_CURVE(2,(#1364,#1365,#1366,#1367,
#1368,#1369,#1370),.UNSPECIFIED.,.T.,.F.) B_SPLINE_CURVE_WITH_KNOTS((1,2
    ,2,2,2,1),(-2.094395102393,0.,2.094395102393,4.188790204786,
6.28318530718,8.377580409573),.UNSPECIFIED.) CURVE() 
GEOMETRIC_REPRESENTATION_ITEM() RATIONAL_B_SPLINE_CURVE((1.,0.5,1.,0.5,
1.,0.5,1.)) REPRESENTATION_ITEM('') );
#1364 = CARTESIAN_POINT('',(4.698127541081,2.859649909996));
#1365 = CARTESIAN_POINT('',(9.651186477053,-5.277745691595));
#1366 = CARTESIAN_POINT('',(0.127465697446,-5.498522755793));
#1367 = CARTESIAN_POINT('',(-9.396255082161,-5.719299819992));
#1368 = CARTESIAN_POINT('',(-4.825593238527,2.638872845797));
#1369 = CARTESIAN_POINT('',(-0.254931394892,10.997045511586));
#1370 = CARTESIAN_POINT('',(4.698127541081,2.859649909996));
#1371 = ( GEOMETRIC_REPRESENTATION_CONTEXT(2) 
PARAMETRIC_REPRESENTATION_CONTEXT() REPRESENTATION_CONTEXT('2D SPACE',''
  ) );
#1372 = ORIENTED_EDGE('',*,*,#1275,.T.);
#1373 = ADVANCED_FACE('',(#1374),#304,.T.);
#1374 = FACE_BOUND('',#1375,.T.);
#1375 = EDGE_LOOP('',(#1376,#1377,#1378,#1399));
#1376 = ORIENTED_EDGE('',*,*,#290,.F.);
#1377 = ORIENTED_EDGE('',*,*,#1324,.F.);
#1378 = ORIENTED_EDGE('',*,*,#1379,.T.);
#1379 = EDGE_CURVE('',#1325,#1021,#1380,.T.);
#1380 = SURFACE_CURVE('',#1381,(#1385,#1392),.PCURVE_S1.);
#1381 = LINE('',#1382,#1383);
#1382 = CARTESIAN_POINT('',(-30.82985565973,-28.99137802864,1.8));
#1383 = VECTOR('',#1384,1.);
#1384 = DIRECTION('',(0.707106781187,0.707106781187,0.));
#1385 = PCURVE('',#304,#1386);
#1386 = DEFINITIONAL_REPRESENTATION('',(#1387),#1391);
#1387 = LINE('',#1388,#1389);
#1388 = CARTESIAN_POINT('',(1.8,0.));
#1389 = VECTOR('',#1390,1.);
#1390 = DIRECTION('',(0.,1.));
#1391 = ( GEOMETRIC_REPRESENTATION_CONTEXT(2) 
PARAMETRIC_REPRESENTATION_CONTEXT() REPRESENTATION_CONTEXT('2D SPACE',''
  ) );
#1392 = PCURVE('',#915,#1393);
#1393 = DEFINITIONAL_REPRESENTATION('',(#1394),#1398);
#1394 = LINE('',#1395,#1396);
#1395 = CARTESIAN_POINT('',(2.757716446628,4.596194077713));
#1396 = VECTOR('',#1397,1.);
#1397 = DIRECTION('',(0.707106781187,0.707106781187));
#1398 = ( GEOMETRIC_REPRESENTATION_CONTEXT(2) 
PARAMETRIC_REPRESENTATION_CONTEXT() REPRESENTATION_CONTEXT('2D SPACE',''
  ) );
#1399 = ORIENTED_EDGE('',*,*,#1020,.T.);
#1400 = ADVANCED_FACE('',(#1401),#360,.F.);
#1401 = FACE_BOUND('',#1402,.F.);
#1402 = EDGE_LOOP('',(#1403,#1404,#1427,#1448));
#1403 = ORIENTED_EDGE('',*,*,#344,.F.);
#1404 = ORIENTED_EDGE('',*,*,#1405,.F.);
#1405 = EDGE_CURVE('',#1406,#345,#1408,.T.);
#1406 = VERTEX_POINT('',#1407);
#1407 = CARTESIAN_POINT('',(-28.88944456528,-30.72792219636,1.8));
#1408 = SURFACE_CURVE('',#1409,(#1413,#1420),.PCURVE_S1.);
#1409 = LINE('',#1410,#1411);
#1410 = CARTESIAN_POINT('',(-28.88944456528,-30.72792219636,0.));
#1411 = VECTOR('',#1412,1.);
#1412 = DIRECTION('',(-0.,-0.,-1.));
#1413 = PCURVE('',#360,#1414);
#1414 = DEFINITIONAL_REPRESENTATION('',(#1415),#1419);
#1415 = LINE('',#1416,#1417);
#1416 = CARTESIAN_POINT('',(0.,0.144155686355));
#1417 = VECTOR('',#1418,1.);
#1418 = DIRECTION('',(-1.,0.));
#1419 = ( GEOMETRIC_REPRESENTATION_CONTEXT(2) 
PARAMETRIC_REPRESENTATION_CONTEXT() REPRESENTATION_CONTEXT('2D SPACE',''
  ) );
#1420 = PCURVE('',#389,#1421);
#1421 = DEFINITIONAL_REPRESENTATION('',(#1422),#1426);
#1422 = LINE('',#1423,#1424);
#1423 = CARTESIAN_POINT('',(-6.829961739263,0.));
#1424 = VECTOR('',#1425,1.);
#1425 = DIRECTION('',(-0.,1.));
#1426 = ( GEOMETRIC_REPRESENTATION_CONTEXT(2) 
PARAMETRIC_REPRESENTATION_CONTEXT() REPRESENTATION_CONTEXT('2D SPACE',''
  ) );
#1427 = ORIENTED_EDGE('',*,*,#1428,.T.);
#1428 = EDGE_CURVE('',#1406,#1042,#1429,.T.);
#1429 = SURFACE_CURVE('',#1430,(#1434,#1441),.PCURVE_S1.);
#1430 = LINE('',#1431,#1432);
#1431 = CARTESIAN_POINT('',(-28.99137802864,-30.82985565973,1.8));
#1432 = VECTOR('',#1433,1.);
#1433 = DIRECTION('',(0.707106781187,0.707106781187,0.));
#1434 = PCURVE('',#360,#1435);
#1435 = DEFINITIONAL_REPRESENTATION('',(#1436),#1440);
#1436 = LINE('',#1437,#1438);
#1437 = CARTESIAN_POINT('',(1.8,0.));
#1438 = VECTOR('',#1439,1.);
#1439 = DIRECTION('',(0.,1.));
#1440 = ( GEOMETRIC_REPRESENTATION_CONTEXT(2) 
PARAMETRIC_REPRESENTATION_CONTEXT() REPRESENTATION_CONTEXT('2D SPACE',''
  ) );
#1441 = PCURVE('',#915,#1442);
#1442 = DEFINITIONAL_REPRESENTATION('',(#1443),#1447);
#1443 = LINE('',#1444,#1445);
#1444 = CARTESIAN_POINT('',(4.596194077713,2.757716446628));
#1445 = VECTOR('',#1446,1.);
#1446 = DIRECTION('',(0.707106781187,0.707106781187));
#1447 = ( GEOMETRIC_REPRESENTATION_CONTEXT(2) 
PARAMETRIC_REPRESENTATION_CONTEXT() REPRESENTATION_CONTEXT('2D SPACE',''
  ) );
#1448 = ORIENTED_EDGE('',*,*,#1069,.T.);
#1449 = ADVANCED_FACE('',(#1450),#389,.T.);
#1450 = FACE_BOUND('',#1451,.F.);
#1451 = EDGE_LOOP('',(#1452,#1453,#1476,#1502));
#1452 = ORIENTED_EDGE('',*,*,#372,.F.);
#1453 = ORIENTED_EDGE('',*,*,#1454,.F.);
#1454 = EDGE_CURVE('',#1455,#373,#1457,.T.);
#1455 = VERTEX_POINT('',#1456);
#1456 = CARTESIAN_POINT('',(-30.94869926056,-38.41316534488,1.8));
#1457 = SURFACE_CURVE('',#1458,(#1462,#1469),.PCURVE_S1.);
#1458 = LINE('',#1459,#1460);
#1459 = CARTESIAN_POINT('',(-30.94869926056,-38.41316534488,0.));
#1460 = VECTOR('',#1461,1.);
#1461 = DIRECTION('',(-0.,-0.,-1.));
#1462 = PCURVE('',#389,#1463);
#1463 = DEFINITIONAL_REPRESENTATION('',(#1464),#1468);
#1464 = LINE('',#1465,#1466);
#1465 = CARTESIAN_POINT('',(-5.212810099498,0.));
#1466 = VECTOR('',#1467,1.);
#1467 = DIRECTION('',(-0.,1.));
#1468 = ( GEOMETRIC_REPRESENTATION_CONTEXT(2) 
PARAMETRIC_REPRESENTATION_CONTEXT() REPRESENTATION_CONTEXT('2D SPACE',''
  ) );
#1469 = PCURVE('',#417,#1470);
#1470 = DEFINITIONAL_REPRESENTATION('',(#1471),#1475);
#1471 = LINE('',#1472,#1473);
#1472 = CARTESIAN_POINT('',(0.,0.144155686355));
#1473 = VECTOR('',#1474,1.);
#1474 = DIRECTION('',(-1.,0.));
#1475 = ( GEOMETRIC_REPRESENTATION_CONTEXT(2) 
PARAMETRIC_REPRESENTATION_CONTEXT() REPRESENTATION_CONTEXT('2D SPACE',''
  ) );
#1476 = ORIENTED_EDGE('',*,*,#1477,.F.);
#1477 = EDGE_CURVE('',#1406,#1455,#1478,.T.);
#1478 = SURFACE_CURVE('',#1479,(#1484,#1491),.PCURVE_S1.);
#1479 = CIRCLE('',#1480,5.5);
#1480 = AXIS2_PLACEMENT_3D('',#1481,#1482,#1483);
#1481 = CARTESIAN_POINT('',(-33.58757210636,-33.58757210636,1.8));
#1482 = DIRECTION('',(0.,0.,-1.));
#1483 = DIRECTION('',(0.854205007469,0.519936347272,0.));
#1484 = PCURVE('',#389,#1485);
#1485 = DEFINITIONAL_REPRESENTATION('',(#1486),#1490);
#1486 = LINE('',#1487,#1488);
#1487 = CARTESIAN_POINT('',(-6.829961739263,-1.8));
#1488 = VECTOR('',#1489,1.);
#1489 = DIRECTION('',(1.,-0.));
#1490 = ( GEOMETRIC_REPRESENTATION_CONTEXT(2) 
PARAMETRIC_REPRESENTATION_CONTEXT() REPRESENTATION_CONTEXT('2D SPACE',''
  ) );
#1491 = PCURVE('',#915,#1492);
#1492 = DEFINITIONAL_REPRESENTATION('',(#1493),#1501);
#1493 = ( BOUNDED_CURVE() B_SPLINE_CURVE(2,(#1494,#1495,#1496,#1497,
#1498,#1499,#1500),.UNSPECIFIED.,.T.,.F.) B_SPLINE_CURVE_WITH_KNOTS((1,2
    ,2,2,2,1),(-2.094395102393,0.,2.094395102393,4.188790204786,
6.28318530718,8.377580409573),.UNSPECIFIED.) CURVE() 
GEOMETRIC_REPRESENTATION_ITEM() RATIONAL_B_SPLINE_CURVE((1.,0.5,1.,0.5,
1.,0.5,1.)) REPRESENTATION_ITEM('') );
#1494 = CARTESIAN_POINT('',(4.698127541081,2.859649909996));
#1495 = CARTESIAN_POINT('',(9.651186477053,-5.277745691595));
#1496 = CARTESIAN_POINT('',(0.127465697446,-5.498522755793));
#1497 = CARTESIAN_POINT('',(-9.396255082161,-5.719299819992));
#1498 = CARTESIAN_POINT('',(-4.825593238527,2.638872845797));
#1499 = CARTESIAN_POINT('',(-0.254931394892,10.997045511586));
#1500 = CARTESIAN_POINT('',(4.698127541081,2.859649909996));
#1501 = ( GEOMETRIC_REPRESENTATION_CONTEXT(2) 
PARAMETRIC_REPRESENTATION_CONTEXT() REPRESENTATION_CONTEXT('2D SPACE',''
  ) );
#1502 = ORIENTED_EDGE('',*,*,#1405,.T.);
#1503 = ADVANCED_FACE('',(#1504),#417,.T.);
#1504 = FACE_BOUND('',#1505,.T.);
#1505 = EDGE_LOOP('',(#1506,#1507,#1508,#1529));
#1506 = ORIENTED_EDGE('',*,*,#401,.F.);
#1507 = ORIENTED_EDGE('',*,*,#1454,.F.);
#1508 = ORIENTED_EDGE('',*,*,#1509,.T.);
#1509 = EDGE_CURVE('',#1455,#878,#1510,.T.);
#1510 = SURFACE_CURVE('',#1511,(#1515,#1522),.PCURVE_S1.);
#1511 = LINE('',#1512,#1513);
#1512 = CARTESIAN_POINT('',(-30.98600949765,-38.27392164443,1.8));
#1513 = VECTOR('',#1514,1.);
#1514 = DIRECTION('',(0.258819045103,-0.965925826289,0.));
#1515 = PCURVE('',#417,#1516);
#1516 = DEFINITIONAL_REPRESENTATION('',(#1517),#1521);
#1517 = LINE('',#1518,#1519);
#1518 = CARTESIAN_POINT('',(1.8,0.));
#1519 = VECTOR('',#1520,1.);
#1520 = DIRECTION('',(0.,1.));
#1521 = ( GEOMETRIC_REPRESENTATION_CONTEXT(2) 
PARAMETRIC_REPRESENTATION_CONTEXT() REPRESENTATION_CONTEXT('2D SPACE',''
  ) );
#1522 = PCURVE('',#915,#1523);
#1523 = DEFINITIONAL_REPRESENTATION('',(#1524),#1528);
#1524 = LINE('',#1525,#1526);
#1525 = CARTESIAN_POINT('',(2.601562608709,-4.68634953807));
#1526 = VECTOR('',#1527,1.);
#1527 = DIRECTION('',(0.258819045103,-0.965925826289));
#1528 = ( GEOMETRIC_REPRESENTATION_CONTEXT(2) 
PARAMETRIC_REPRESENTATION_CONTEXT() REPRESENTATION_CONTEXT('2D SPACE',''
  ) );
#1529 = ORIENTED_EDGE('',*,*,#877,.T.);
#1530 = ADVANCED_FACE('',(#1531),#470,.F.);
#1531 = FACE_BOUND('',#1532,.T.);
#1532 = EDGE_LOOP('',(#1533,#1556,#1578,#1579));
#1533 = ORIENTED_EDGE('',*,*,#1534,.T.);
#1534 = EDGE_CURVE('',#454,#1535,#1537,.T.);
#1535 = VERTEX_POINT('',#1536);
#1536 = CARTESIAN_POINT('',(-30.70411972844,-31.25411972844,1.8));
#1537 = SEAM_CURVE('',#1538,(#1542,#1549),.PCURVE_S1.);
#1538 = LINE('',#1539,#1540);
#1539 = CARTESIAN_POINT('',(-30.70411972844,-31.25411972844,0.));
#1540 = VECTOR('',#1541,1.);
#1541 = DIRECTION('',(0.,0.,1.));
#1542 = PCURVE('',#470,#1543);
#1543 = DEFINITIONAL_REPRESENTATION('',(#1544),#1548);
#1544 = LINE('',#1545,#1546);
#1545 = CARTESIAN_POINT('',(-0.,0.));
#1546 = VECTOR('',#1547,1.);
#1547 = DIRECTION('',(-0.,-1.));
#1548 = ( GEOMETRIC_REPRESENTATION_CONTEXT(2) 
PARAMETRIC_REPRESENTATION_CONTEXT() REPRESENTATION_CONTEXT('2D SPACE',''
  ) );
#1549 = PCURVE('',#470,#1550);
#1550 = DEFINITIONAL_REPRESENTATION('',(#1551),#1555);
#1551 = LINE('',#1552,#1553);
#1552 = CARTESIAN_POINT('',(-6.28318530718,0.));
#1553 = VECTOR('',#1554,1.);
#1554 = DIRECTION('',(-0.,-1.));
#1555 = ( GEOMETRIC_REPRESENTATION_CONTEXT(2) 
PARAMETRIC_REPRESENTATION_CONTEXT() REPRESENTATION_CONTEXT('2D SPACE',''
  ) );
#1556 = ORIENTED_EDGE('',*,*,#1557,.T.);
#1557 = EDGE_CURVE('',#1535,#1535,#1558,.T.);
#1558 = SURFACE_CURVE('',#1559,(#1564,#1571),.PCURVE_S1.);
#1559 = CIRCLE('',#1560,0.55);
#1560 = AXIS2_PLACEMENT_3D('',#1561,#1562,#1563);
#1561 = CARTESIAN_POINT('',(-31.25411972844,-31.25411972844,1.8));
#1562 = DIRECTION('',(0.,0.,1.));
#1563 = DIRECTION('',(1.,0.,0.));
#1564 = PCURVE('',#470,#1565);
#1565 = DEFINITIONAL_REPRESENTATION('',(#1566),#1570);
#1566 = LINE('',#1567,#1568);
#1567 = CARTESIAN_POINT('',(-0.,-1.8));
#1568 = VECTOR('',#1569,1.);
#1569 = DIRECTION('',(-1.,0.));
#1570 = ( GEOMETRIC_REPRESENTATION_CONTEXT(2) 
PARAMETRIC_REPRESENTATION_CONTEXT() REPRESENTATION_CONTEXT('2D SPACE',''
  ) );
#1571 = PCURVE('',#915,#1572);
#1572 = DEFINITIONAL_REPRESENTATION('',(#1573),#1577);
#1573 = CIRCLE('',#1574,0.55);
#1574 = AXIS2_PLACEMENT_2D('',#1575,#1576);
#1575 = CARTESIAN_POINT('',(2.333452377916,2.333452377916));
#1576 = DIRECTION('',(1.,0.));
#1577 = ( GEOMETRIC_REPRESENTATION_CONTEXT(2) 
PARAMETRIC_REPRESENTATION_CONTEXT() REPRESENTATION_CONTEXT('2D SPACE',''
  ) );
#1578 = ORIENTED_EDGE('',*,*,#1534,.F.);
#1579 = ORIENTED_EDGE('',*,*,#453,.F.);
#1580 = ADVANCED_FACE('',(#1581),#505,.F.);
#1581 = FACE_BOUND('',#1582,.F.);
#1582 = EDGE_LOOP('',(#1583,#1584,#1607,#1633));
#1583 = ORIENTED_EDGE('',*,*,#484,.F.);
#1584 = ORIENTED_EDGE('',*,*,#1585,.F.);
#1585 = EDGE_CURVE('',#1586,#485,#1588,.T.);
#1586 = VERTEX_POINT('',#1587);
#1587 = CARTESIAN_POINT('',(-34.38757210636,-33.58757210636,1.8));
#1588 = SEAM_CURVE('',#1589,(#1593,#1600),.PCURVE_S1.);
#1589 = LINE('',#1590,#1591);
#1590 = CARTESIAN_POINT('',(-34.38757210636,-33.58757210636,1.8));
#1591 = VECTOR('',#1592,1.);
#1592 = DIRECTION('',(0.,0.,-1.));
#1593 = PCURVE('',#505,#1594);
#1594 = DEFINITIONAL_REPRESENTATION('',(#1595),#1599);
#1595 = LINE('',#1596,#1597);
#1596 = CARTESIAN_POINT('',(6.28318530718,-0.));
#1597 = VECTOR('',#1598,1.);
#1598 = DIRECTION('',(0.,1.));
#1599 = ( GEOMETRIC_REPRESENTATION_CONTEXT(2) 
PARAMETRIC_REPRESENTATION_CONTEXT() REPRESENTATION_CONTEXT('2D SPACE',''
  ) );
#1600 = PCURVE('',#505,#1601);
#1601 = DEFINITIONAL_REPRESENTATION('',(#1602),#1606);
#1602 = LINE('',#1603,#1604);
#1603 = CARTESIAN_POINT('',(0.,-0.));
#1604 = VECTOR('',#1605,1.);
#1605 = DIRECTION('',(0.,1.));
#1606 = ( GEOMETRIC_REPRESENTATION_CONTEXT(2) 
PARAMETRIC_REPRESENTATION_CONTEXT() REPRESENTATION_CONTEXT('2D SPACE',''
  ) );
#1607 = ORIENTED_EDGE('',*,*,#1608,.T.);
#1608 = EDGE_CURVE('',#1586,#1586,#1609,.T.);
#1609 = SURFACE_CURVE('',#1610,(#1615,#1622),.PCURVE_S1.);
#1610 = CIRCLE('',#1611,0.8);
#1611 = AXIS2_PLACEMENT_3D('',#1612,#1613,#1614);
#1612 = CARTESIAN_POINT('',(-33.58757210636,-33.58757210636,1.8));
#1613 = DIRECTION('',(0.,0.,-1.));
#1614 = DIRECTION('',(-1.,0.,0.));
#1615 = PCURVE('',#505,#1616);
#1616 = DEFINITIONAL_REPRESENTATION('',(#1617),#1621);
#1617 = LINE('',#1618,#1619);
#1618 = CARTESIAN_POINT('',(0.,0.));
#1619 = VECTOR('',#1620,1.);
#1620 = DIRECTION('',(1.,0.));
#1621 = ( GEOMETRIC_REPRESENTATION_CONTEXT(2) 
PARAMETRIC_REPRESENTATION_CONTEXT() REPRESENTATION_CONTEXT('2D SPACE',''
  ) );
#1622 = PCURVE('',#915,#1623);
#1623 = DEFINITIONAL_REPRESENTATION('',(#1624),#1632);
#1624 = ( BOUNDED_CURVE() B_SPLINE_CURVE(2,(#1625,#1626,#1627,#1628,
#1629,#1630,#1631),.UNSPECIFIED.,.T.,.F.) B_SPLINE_CURVE_WITH_KNOTS((1,2
    ,2,2,2,1),(-2.094395102393,0.,2.094395102393,4.188790204786,
6.28318530718,8.377580409573),.UNSPECIFIED.) CURVE() 
GEOMETRIC_REPRESENTATION_ITEM() RATIONAL_B_SPLINE_CURVE((1.,0.5,1.,0.5,
1.,0.5,1.)) REPRESENTATION_ITEM('') );
#1625 = CARTESIAN_POINT('',(-0.8,0.));
#1626 = CARTESIAN_POINT('',(-0.8,1.385640646055));
#1627 = CARTESIAN_POINT('',(0.4,0.692820323028));
#1628 = CARTESIAN_POINT('',(1.6,1.959434878636E-16));
#1629 = CARTESIAN_POINT('',(0.4,-0.692820323028));
#1630 = CARTESIAN_POINT('',(-0.8,-1.385640646055));
#1631 = CARTESIAN_POINT('',(-0.8,0.));
#1632 = ( GEOMETRIC_REPRESENTATION_CONTEXT(2) 
PARAMETRIC_REPRESENTATION_CONTEXT() REPRESENTATION_CONTEXT('2D SPACE',''
  ) );
#1633 = ORIENTED_EDGE('',*,*,#1585,.T.);
#1634 = ADVANCED_FACE('',(#1635),#536,.F.);
#1635 = FACE_BOUND('',#1636,.T.);
#1636 = EDGE_LOOP('',(#1637,#1660,#1682,#1683));
#1637 = ORIENTED_EDGE('',*,*,#1638,.T.);
#1638 = EDGE_CURVE('',#520,#1639,#1641,.T.);
#1639 = VERTEX_POINT('',#1640);
#1640 = CARTESIAN_POINT('',(-35.37102448427,-31.25411972844,1.8));
#1641 = SEAM_CURVE('',#1642,(#1646,#1653),.PCURVE_S1.);
#1642 = LINE('',#1643,#1644);
#1643 = CARTESIAN_POINT('',(-35.37102448427,-31.25411972844,0.));
#1644 = VECTOR('',#1645,1.);
#1645 = DIRECTION('',(0.,0.,1.));
#1646 = PCURVE('',#536,#1647);
#1647 = DEFINITIONAL_REPRESENTATION('',(#1648),#1652);
#1648 = LINE('',#1649,#1650);
#1649 = CARTESIAN_POINT('',(-0.,0.));
#1650 = VECTOR('',#1651,1.);
#1651 = DIRECTION('',(-0.,-1.));
#1652 = ( GEOMETRIC_REPRESENTATION_CONTEXT(2) 
PARAMETRIC_REPRESENTATION_CONTEXT() REPRESENTATION_CONTEXT('2D SPACE',''
  ) );
#1653 = PCURVE('',#536,#1654);
#1654 = DEFINITIONAL_REPRESENTATION('',(#1655),#1659);
#1655 = LINE('',#1656,#1657);
#1656 = CARTESIAN_POINT('',(-6.28318530718,0.));
#1657 = VECTOR('',#1658,1.);
#1658 = DIRECTION('',(-0.,-1.));
#1659 = ( GEOMETRIC_REPRESENTATION_CONTEXT(2) 
PARAMETRIC_REPRESENTATION_CONTEXT() REPRESENTATION_CONTEXT('2D SPACE',''
  ) );
#1660 = ORIENTED_EDGE('',*,*,#1661,.T.);
#1661 = EDGE_CURVE('',#1639,#1639,#1662,.T.);
#1662 = SURFACE_CURVE('',#1663,(#1668,#1675),.PCURVE_S1.);
#1663 = CIRCLE('',#1664,0.55);
#1664 = AXIS2_PLACEMENT_3D('',#1665,#1666,#1667);
#1665 = CARTESIAN_POINT('',(-35.92102448427,-31.25411972844,1.8));
#1666 = DIRECTION('',(0.,0.,1.));
#1667 = DIRECTION('',(1.,0.,0.));
#1668 = PCURVE('',#536,#1669);
#1669 = DEFINITIONAL_REPRESENTATION('',(#1670),#1674);
#1670 = LINE('',#1671,#1672);
#1671 = CARTESIAN_POINT('',(-0.,-1.8));
#1672 = VECTOR('',#1673,1.);
#1673 = DIRECTION('',(-1.,0.));
#1674 = ( GEOMETRIC_REPRESENTATION_CONTEXT(2) 
PARAMETRIC_REPRESENTATION_CONTEXT() REPRESENTATION_CONTEXT('2D SPACE',''
  ) );
#1675 = PCURVE('',#915,#1676);
#1676 = DEFINITIONAL_REPRESENTATION('',(#1677),#1681);
#1677 = CIRCLE('',#1678,0.55);
#1678 = AXIS2_PLACEMENT_2D('',#1679,#1680);
#1679 = CARTESIAN_POINT('',(-2.333452377916,2.333452377916));
#1680 = DIRECTION('',(1.,0.));
#1681 = ( GEOMETRIC_REPRESENTATION_CONTEXT(2) 
PARAMETRIC_REPRESENTATION_CONTEXT() REPRESENTATION_CONTEXT('2D SPACE',''
  ) );
#1682 = ORIENTED_EDGE('',*,*,#1638,.F.);
#1683 = ORIENTED_EDGE('',*,*,#519,.F.);
#1684 = ADVANCED_FACE('',(#1685),#567,.F.);
#1685 = FACE_BOUND('',#1686,.T.);
#1686 = EDGE_LOOP('',(#1687,#1710,#1732,#1733));
#1687 = ORIENTED_EDGE('',*,*,#1688,.T.);
#1688 = EDGE_CURVE('',#551,#1689,#1691,.T.);
#1689 = VERTEX_POINT('',#1690);
#1690 = CARTESIAN_POINT('',(-30.70411972844,-35.92102448427,1.8));
#1691 = SEAM_CURVE('',#1692,(#1696,#1703),.PCURVE_S1.);
#1692 = LINE('',#1693,#1694);
#1693 = CARTESIAN_POINT('',(-30.70411972844,-35.92102448427,0.));
#1694 = VECTOR('',#1695,1.);
#1695 = DIRECTION('',(0.,0.,1.));
#1696 = PCURVE('',#567,#1697);
#1697 = DEFINITIONAL_REPRESENTATION('',(#1698),#1702);
#1698 = LINE('',#1699,#1700);
#1699 = CARTESIAN_POINT('',(-0.,0.));
#1700 = VECTOR('',#1701,1.);
#1701 = DIRECTION('',(-0.,-1.));
#1702 = ( GEOMETRIC_REPRESENTATION_CONTEXT(2) 
PARAMETRIC_REPRESENTATION_CONTEXT() REPRESENTATION_CONTEXT('2D SPACE',''
  ) );
#1703 = PCURVE('',#567,#1704);
#1704 = DEFINITIONAL_REPRESENTATION('',(#1705),#1709);
#1705 = LINE('',#1706,#1707);
#1706 = CARTESIAN_POINT('',(-6.28318530718,0.));
#1707 = VECTOR('',#1708,1.);
#1708 = DIRECTION('',(-0.,-1.));
#1709 = ( GEOMETRIC_REPRESENTATION_CONTEXT(2) 
PARAMETRIC_REPRESENTATION_CONTEXT() REPRESENTATION_CONTEXT('2D SPACE',''
  ) );
#1710 = ORIENTED_EDGE('',*,*,#1711,.T.);
#1711 = EDGE_CURVE('',#1689,#1689,#1712,.T.);
#1712 = SURFACE_CURVE('',#1713,(#1718,#1725),.PCURVE_S1.);
#1713 = CIRCLE('',#1714,0.55);
#1714 = AXIS2_PLACEMENT_3D('',#1715,#1716,#1717);
#1715 = CARTESIAN_POINT('',(-31.25411972844,-35.92102448427,1.8));
#1716 = DIRECTION('',(0.,0.,1.));
#1717 = DIRECTION('',(1.,0.,0.));
#1718 = PCURVE('',#567,#1719);
#1719 = DEFINITIONAL_REPRESENTATION('',(#1720),#1724);
#1720 = LINE('',#1721,#1722);
#1721 = CARTESIAN_POINT('',(-0.,-1.8));
#1722 = VECTOR('',#1723,1.);
#1723 = DIRECTION('',(-1.,0.));
#1724 = ( GEOMETRIC_REPRESENTATION_CONTEXT(2) 
PARAMETRIC_REPRESENTATION_CONTEXT() REPRESENTATION_CONTEXT('2D SPACE',''
  ) );
#1725 = PCURVE('',#915,#1726);
#1726 = DEFINITIONAL_REPRESENTATION('',(#1727),#1731);
#1727 = CIRCLE('',#1728,0.55);
#1728 = AXIS2_PLACEMENT_2D('',#1729,#1730);
#1729 = CARTESIAN_POINT('',(2.333452377916,-2.333452377916));
#1730 = DIRECTION('',(1.,0.));
#1731 = ( GEOMETRIC_REPRESENTATION_CONTEXT(2) 
PARAMETRIC_REPRESENTATION_CONTEXT() REPRESENTATION_CONTEXT('2D SPACE',''
  ) );
#1732 = ORIENTED_EDGE('',*,*,#1688,.F.);
#1733 = ORIENTED_EDGE('',*,*,#550,.F.);
#1734 = ADVANCED_FACE('',(#1735),#598,.F.);
#1735 = FACE_BOUND('',#1736,.T.);
#1736 = EDGE_LOOP('',(#1737,#1760,#1782,#1783));
#1737 = ORIENTED_EDGE('',*,*,#1738,.T.);
#1738 = EDGE_CURVE('',#582,#1739,#1741,.T.);
#1739 = VERTEX_POINT('',#1740);
#1740 = CARTESIAN_POINT('',(-35.37102448427,-35.92102448427,1.8));
#1741 = SEAM_CURVE('',#1742,(#1746,#1753),.PCURVE_S1.);
#1742 = LINE('',#1743,#1744);
#1743 = CARTESIAN_POINT('',(-35.37102448427,-35.92102448427,0.));
#1744 = VECTOR('',#1745,1.);
#1745 = DIRECTION('',(0.,0.,1.));
#1746 = PCURVE('',#598,#1747);
#1747 = DEFINITIONAL_REPRESENTATION('',(#1748),#1752);
#1748 = LINE('',#1749,#1750);
#1749 = CARTESIAN_POINT('',(-0.,0.));
#1750 = VECTOR('',#1751,1.);
#1751 = DIRECTION('',(-0.,-1.));
#1752 = ( GEOMETRIC_REPRESENTATION_CONTEXT(2) 
PARAMETRIC_REPRESENTATION_CONTEXT() REPRESENTATION_CONTEXT('2D SPACE',''
  ) );
#1753 = PCURVE('',#598,#1754);
#1754 = DEFINITIONAL_REPRESENTATION('',(#1755),#1759);
#1755 = LINE('',#1756,#1757);
#1756 = CARTESIAN_POINT('',(-6.28318530718,0.));
#1757 = VECTOR('',#1758,1.);
#1758 = DIRECTION('',(-0.,-1.));
#1759 = ( GEOMETRIC_REPRESENTATION_CONTEXT(2) 
PARAMETRIC_REPRESENTATION_CONTEXT() REPRESENTATION_CONTEXT('2D SPACE',''
  ) );
#1760 = ORIENTED_EDGE('',*,*,#1761,.T.);
#1761 = EDGE_CURVE('',#1739,#1739,#1762,.T.);
#1762 = SURFACE_CURVE('',#1763,(#1768,#1775),.PCURVE_S1.);
#1763 = CIRCLE('',#1764,0.55);
#1764 = AXIS2_PLACEMENT_3D('',#1765,#1766,#1767);
#1765 = CARTESIAN_POINT('',(-35.92102448427,-35.92102448427,1.8));
#1766 = DIRECTION('',(0.,0.,1.));
#1767 = DIRECTION('',(1.,0.,0.));
#1768 = PCURVE('',#598,#1769);
#1769 = DEFINITIONAL_REPRESENTATION('',(#1770),#1774);
#1770 = LINE('',#1771,#1772);
#1771 = CARTESIAN_POINT('',(-0.,-1.8));
#1772 = VECTOR('',#1773,1.);
#1773 = DIRECTION('',(-1.,0.));
#1774 = ( GEOMETRIC_REPRESENTATION_CONTEXT(2) 
PARAMETRIC_REPRESENTATION_CONTEXT() REPRESENTATION_CONTEXT('2D SPACE',''
  ) );
#1775 = PCURVE('',#915,#1776);
#1776 = DEFINITIONAL_REPRESENTATION('',(#1777),#1781);
#1777 = CIRCLE('',#1778,0.55);
#1778 = AXIS2_PLACEMENT_2D('',#1779,#1780);
#1779 = CARTESIAN_POINT('',(-2.333452377916,-2.333452377916));
#1780 = DIRECTION('',(1.,0.));
#1781 = ( GEOMETRIC_REPRESENTATION_CONTEXT(2) 
PARAMETRIC_REPRESENTATION_CONTEXT() REPRESENTATION_CONTEXT('2D SPACE',''
  ) );
#1782 = ORIENTED_EDGE('',*,*,#1738,.F.);
#1783 = ORIENTED_EDGE('',*,*,#581,.F.);
#1784 = ADVANCED_FACE('',(#1785),#653,.T.);
#1785 = FACE_BOUND('',#1786,.T.);
#1786 = EDGE_LOOP('',(#1787,#1788,#1811,#1838));
#1787 = ORIENTED_EDGE('',*,*,#638,.T.);
#1788 = ORIENTED_EDGE('',*,*,#1789,.T.);
#1789 = EDGE_CURVE('',#614,#1790,#1792,.T.);
#1790 = VERTEX_POINT('',#1791);
#1791 = CARTESIAN_POINT('',(-4.187572106361,-33.58757210636,10.4));
#1792 = SEAM_CURVE('',#1793,(#1797,#1804),.PCURVE_S1.);
#1793 = LINE('',#1794,#1795);
#1794 = CARTESIAN_POINT('',(-5.587572106361,-33.58757210636,8.5));
#1795 = VECTOR('',#1796,1.);
#1796 = DIRECTION('',(0.59319903805,0.,0.805055837353));
#1797 = PCURVE('',#653,#1798);
#1798 = DEFINITIONAL_REPRESENTATION('',(#1799),#1803);
#1799 = LINE('',#1800,#1801);
#1800 = CARTESIAN_POINT('',(0.,0.));
#1801 = VECTOR('',#1802,1.);
#1802 = DIRECTION('',(0.,1.));
#1803 = ( GEOMETRIC_REPRESENTATION_CONTEXT(2) 
PARAMETRIC_REPRESENTATION_CONTEXT() REPRESENTATION_CONTEXT('2D SPACE',''
  ) );
#1804 = PCURVE('',#653,#1805);
#1805 = DEFINITIONAL_REPRESENTATION('',(#1806),#1810);
#1806 = LINE('',#1807,#1808);
#1807 = CARTESIAN_POINT('',(6.28318530718,0.));
#1808 = VECTOR('',#1809,1.);
#1809 = DIRECTION('',(0.,1.));
#1810 = ( GEOMETRIC_REPRESENTATION_CONTEXT(2) 
PARAMETRIC_REPRESENTATION_CONTEXT() REPRESENTATION_CONTEXT('2D SPACE',''
  ) );
#1811 = ORIENTED_EDGE('',*,*,#1812,.F.);
#1812 = EDGE_CURVE('',#1790,#1790,#1813,.T.);
#1813 = SURFACE_CURVE('',#1814,(#1819,#1826),.PCURVE_S1.);
#1814 = CIRCLE('',#1815,29.4);
#1815 = AXIS2_PLACEMENT_3D('',#1816,#1817,#1818);
#1816 = CARTESIAN_POINT('',(-33.58757210636,-33.58757210636,10.4));
#1817 = DIRECTION('',(0.,0.,1.));
#1818 = DIRECTION('',(1.,0.,-0.));
#1819 = PCURVE('',#653,#1820);
#1820 = DEFINITIONAL_REPRESENTATION('',(#1821),#1825);
#1821 = LINE('',#1822,#1823);
#1822 = CARTESIAN_POINT('',(0.,1.9));
#1823 = VECTOR('',#1824,1.);
#1824 = DIRECTION('',(1.,0.));
#1825 = ( GEOMETRIC_REPRESENTATION_CONTEXT(2) 
PARAMETRIC_REPRESENTATION_CONTEXT() REPRESENTATION_CONTEXT('2D SPACE',''
  ) );
#1826 = PCURVE('',#1827,#1832);
#1827 = CONICAL_SURFACE('',#1828,29.4,0.785398163397);
#1828 = AXIS2_PLACEMENT_3D('',#1829,#1830,#1831);
#1829 = CARTESIAN_POINT('',(-33.58757210636,-33.58757210636,10.4));
#1830 = DIRECTION('',(0.,0.,1.));
#1831 = DIRECTION('',(1.,0.,-0.));
#1832 = DEFINITIONAL_REPRESENTATION('',(#1833),#1837);
#1833 = LINE('',#1834,#1835);
#1834 = CARTESIAN_POINT('',(0.,0.));
#1835 = VECTOR('',#1836,1.);
#1836 = DIRECTION('',(1.,0.));
#1837 = ( GEOMETRIC_REPRESENTATION_CONTEXT(2) 
PARAMETRIC_REPRESENTATION_CONTEXT() REPRESENTATION_CONTEXT('2D SPACE',''
  ) );
#1838 = ORIENTED_EDGE('',*,*,#1789,.F.);
#1839 = ADVANCED_FACE('',(#1840,#2676),#686,.F.);
#1840 = FACE_BOUND('',#1841,.F.);
#1841 = EDGE_LOOP('',(#1842,#1877,#1905,#1934,#1962,#1991,#2020,#2044,
    #2072,#2101,#2129,#2158,#2186,#2215,#2244,#2268,#2296,#2325,#2353,
    #2382,#2410,#2439,#2468,#2492,#2520,#2549,#2577,#2610,#2631,#2632,
    #2654,#2655));
#1842 = ORIENTED_EDGE('',*,*,#1843,.F.);
#1843 = EDGE_CURVE('',#1844,#1846,#1848,.T.);
#1844 = VERTEX_POINT('',#1845);
#1845 = CARTESIAN_POINT('',(-11.,-15.,2.));
#1846 = VERTEX_POINT('',#1847);
#1847 = CARTESIAN_POINT('',(-12.03527618041,-14.86370330515,2.));
#1848 = SURFACE_CURVE('',#1849,(#1854,#1865),.PCURVE_S1.);
#1849 = CIRCLE('',#1850,4.);
#1850 = AXIS2_PLACEMENT_3D('',#1851,#1852,#1853);
#1851 = CARTESIAN_POINT('',(-11.,-11.,2.));
#1852 = DIRECTION('',(-0.,-0.,-1.));
#1853 = DIRECTION('',(0.,-1.,0.));
#1854 = PCURVE('',#686,#1855);
#1855 = DEFINITIONAL_REPRESENTATION('',(#1856),#1864);
#1856 = ( BOUNDED_CURVE() B_SPLINE_CURVE(2,(#1857,#1858,#1859,#1860,
#1861,#1862,#1863),.UNSPECIFIED.,.T.,.F.) B_SPLINE_CURVE_WITH_KNOTS((1,2
    ,2,2,2,1),(-2.094395102393,0.,2.094395102393,4.188790204786,
6.28318530718,8.377580409573),.UNSPECIFIED.) CURVE() 
GEOMETRIC_REPRESENTATION_ITEM() RATIONAL_B_SPLINE_CURVE((1.,0.5,1.,0.5,
1.,0.5,1.)) REPRESENTATION_ITEM('') );
#1857 = CARTESIAN_POINT('',(-11.,-15.));
#1858 = CARTESIAN_POINT('',(-17.92820323027,-15.));
#1859 = CARTESIAN_POINT('',(-14.46410161513,-9.));
#1860 = CARTESIAN_POINT('',(-11.,-3.));
#1861 = CARTESIAN_POINT('',(-7.535898384862,-9.));
#1862 = CARTESIAN_POINT('',(-4.071796769724,-15.));
#1863 = CARTESIAN_POINT('',(-11.,-15.));
#1864 = ( GEOMETRIC_REPRESENTATION_CONTEXT(2) 
PARAMETRIC_REPRESENTATION_CONTEXT() REPRESENTATION_CONTEXT('2D SPACE',''
  ) );
#1865 = PCURVE('',#1866,#1871);
#1866 = CYLINDRICAL_SURFACE('',#1867,4.);
#1867 = AXIS2_PLACEMENT_3D('',#1868,#1869,#1870);
#1868 = CARTESIAN_POINT('',(-11.,-11.,2.));
#1869 = DIRECTION('',(0.,0.,1.));
#1870 = DIRECTION('',(0.,-1.,0.));
#1871 = DEFINITIONAL_REPRESENTATION('',(#1872),#1876);
#1872 = LINE('',#1873,#1874);
#1873 = CARTESIAN_POINT('',(-0.,0.));
#1874 = VECTOR('',#1875,1.);
#1875 = DIRECTION('',(-1.,0.));
#1876 = ( GEOMETRIC_REPRESENTATION_CONTEXT(2) 
PARAMETRIC_REPRESENTATION_CONTEXT() REPRESENTATION_CONTEXT('2D SPACE',''
  ) );
#1877 = ORIENTED_EDGE('',*,*,#1878,.T.);
#1878 = EDGE_CURVE('',#1844,#1879,#1881,.T.);
#1879 = VERTEX_POINT('',#1880);
#1880 = CARTESIAN_POINT('',(11.,-15.,2.));
#1881 = SURFACE_CURVE('',#1882,(#1886,#1893),.PCURVE_S1.);
#1882 = LINE('',#1883,#1884);
#1883 = CARTESIAN_POINT('',(-15.,-15.,2.));
#1884 = VECTOR('',#1885,1.);
#1885 = DIRECTION('',(1.,0.,0.));
#1886 = PCURVE('',#686,#1887);
#1887 = DEFINITIONAL_REPRESENTATION('',(#1888),#1892);
#1888 = LINE('',#1889,#1890);
#1889 = CARTESIAN_POINT('',(-15.,-15.));
#1890 = VECTOR('',#1891,1.);
#1891 = DIRECTION('',(1.,0.));
#1892 = ( GEOMETRIC_REPRESENTATION_CONTEXT(2) 
PARAMETRIC_REPRESENTATION_CONTEXT() REPRESENTATION_CONTEXT('2D SPACE',''
  ) );
#1893 = PCURVE('',#1894,#1899);
#1894 = PLANE('',#1895);
#1895 = AXIS2_PLACEMENT_3D('',#1896,#1897,#1898);
#1896 = CARTESIAN_POINT('',(-15.,-15.,2.));
#1897 = DIRECTION('',(0.,1.,0.));
#1898 = DIRECTION('',(1.,0.,0.));
#1899 = DEFINITIONAL_REPRESENTATION('',(#1900),#1904);
#1900 = LINE('',#1901,#1902);
#1901 = CARTESIAN_POINT('',(0.,0.));
#1902 = VECTOR('',#1903,1.);
#1903 = DIRECTION('',(1.,0.));
#1904 = ( GEOMETRIC_REPRESENTATION_CONTEXT(2) 
PARAMETRIC_REPRESENTATION_CONTEXT() REPRESENTATION_CONTEXT('2D SPACE',''
  ) );
#1905 = ORIENTED_EDGE('',*,*,#1906,.T.);
#1906 = EDGE_CURVE('',#1879,#1907,#1909,.T.);
#1907 = VERTEX_POINT('',#1908);
#1908 = CARTESIAN_POINT('',(12.03527618041,-14.86370330515,2.));
#1909 = SURFACE_CURVE('',#1910,(#1915,#1922),.PCURVE_S1.);
#1910 = CIRCLE('',#1911,4.);
#1911 = AXIS2_PLACEMENT_3D('',#1912,#1913,#1914);
#1912 = CARTESIAN_POINT('',(11.,-11.,2.));
#1913 = DIRECTION('',(0.,0.,1.));
#1914 = DIRECTION('',(0.,-1.,0.));
#1915 = PCURVE('',#686,#1916);
#1916 = DEFINITIONAL_REPRESENTATION('',(#1917),#1921);
#1917 = CIRCLE('',#1918,4.);
#1918 = AXIS2_PLACEMENT_2D('',#1919,#1920);
#1919 = CARTESIAN_POINT('',(11.,-11.));
#1920 = DIRECTION('',(0.,-1.));
#1921 = ( GEOMETRIC_REPRESENTATION_CONTEXT(2) 
PARAMETRIC_REPRESENTATION_CONTEXT() REPRESENTATION_CONTEXT('2D SPACE',''
  ) );
#1922 = PCURVE('',#1923,#1928);
#1923 = CYLINDRICAL_SURFACE('',#1924,4.);
#1924 = AXIS2_PLACEMENT_3D('',#1925,#1926,#1927);
#1925 = CARTESIAN_POINT('',(11.,-11.,2.));
#1926 = DIRECTION('',(0.,0.,1.));
#1927 = DIRECTION('',(0.,-1.,0.));
#1928 = DEFINITIONAL_REPRESENTATION('',(#1929),#1933);
#1929 = LINE('',#1930,#1931);
#1930 = CARTESIAN_POINT('',(0.,0.));
#1931 = VECTOR('',#1932,1.);
#1932 = DIRECTION('',(1.,0.));
#1933 = ( GEOMETRIC_REPRESENTATION_CONTEXT(2) 
PARAMETRIC_REPRESENTATION_CONTEXT() REPRESENTATION_CONTEXT('2D SPACE',''
  ) );
#1934 = ORIENTED_EDGE('',*,*,#1935,.T.);
#1935 = EDGE_CURVE('',#1907,#1936,#1938,.T.);
#1936 = VERTEX_POINT('',#1937);
#1937 = CARTESIAN_POINT('',(12.424940885856,-15.2533680106,2.));
#1938 = SURFACE_CURVE('',#1939,(#1943,#1950),.PCURVE_S1.);
#1939 = LINE('',#1940,#1941);
#1940 = CARTESIAN_POINT('',(-1.414213562373,-1.414213562373,2.));
#1941 = VECTOR('',#1942,1.);
#1942 = DIRECTION('',(0.707106781187,-0.707106781187,0.));
#1943 = PCURVE('',#686,#1944);
#1944 = DEFINITIONAL_REPRESENTATION('',(#1945),#1949);
#1945 = LINE('',#1946,#1947);
#1946 = CARTESIAN_POINT('',(-1.414213562373,-1.414213562373));
#1947 = VECTOR('',#1948,1.);
#1948 = DIRECTION('',(0.707106781187,-0.707106781187));
#1949 = ( GEOMETRIC_REPRESENTATION_CONTEXT(2) 
PARAMETRIC_REPRESENTATION_CONTEXT() REPRESENTATION_CONTEXT('2D SPACE',''
  ) );
#1950 = PCURVE('',#1951,#1956);
#1951 = PLANE('',#1952);
#1952 = AXIS2_PLACEMENT_3D('',#1953,#1954,#1955);
#1953 = CARTESIAN_POINT('',(-1.414213562373,-1.414213562373,2.));
#1954 = DIRECTION('',(0.707106781187,0.707106781187,0.));
#1955 = DIRECTION('',(0.,0.,1.));
#1956 = DEFINITIONAL_REPRESENTATION('',(#1957),#1961);
#1957 = LINE('',#1958,#1959);
#1958 = CARTESIAN_POINT('',(0.,0.));
#1959 = VECTOR('',#1960,1.);
#1960 = DIRECTION('',(0.,1.));
#1961 = ( GEOMETRIC_REPRESENTATION_CONTEXT(2) 
PARAMETRIC_REPRESENTATION_CONTEXT() REPRESENTATION_CONTEXT('2D SPACE',''
  ) );
#1962 = ORIENTED_EDGE('',*,*,#1963,.F.);
#1963 = EDGE_CURVE('',#1964,#1936,#1966,.T.);
#1964 = VERTEX_POINT('',#1965);
#1965 = CARTESIAN_POINT('',(13.57984750182,-13.99954116527,2.));
#1966 = SURFACE_CURVE('',#1967,(#1972,#1979),.PCURVE_S1.);
#1967 = CIRCLE('',#1968,28.);
#1968 = AXIS2_PLACEMENT_3D('',#1969,#1970,#1971);
#1969 = CARTESIAN_POINT('',(33.587572106361,-33.58757210636,2.));
#1970 = DIRECTION('',(0.,0.,1.));
#1971 = DIRECTION('',(1.,0.,-0.));
#1972 = PCURVE('',#686,#1973);
#1973 = DEFINITIONAL_REPRESENTATION('',(#1974),#1978);
#1974 = CIRCLE('',#1975,28.);
#1975 = AXIS2_PLACEMENT_2D('',#1976,#1977);
#1976 = CARTESIAN_POINT('',(33.587572106361,-33.58757210636));
#1977 = DIRECTION('',(1.,0.));
#1978 = ( GEOMETRIC_REPRESENTATION_CONTEXT(2) 
PARAMETRIC_REPRESENTATION_CONTEXT() REPRESENTATION_CONTEXT('2D SPACE',''
  ) );
#1979 = PCURVE('',#1980,#1985);
#1980 = CYLINDRICAL_SURFACE('',#1981,28.);
#1981 = AXIS2_PLACEMENT_3D('',#1982,#1983,#1984);
#1982 = CARTESIAN_POINT('',(33.587572106361,-33.58757210636,0.));
#1983 = DIRECTION('',(0.,0.,1.));
#1984 = DIRECTION('',(1.,0.,-0.));
#1985 = DEFINITIONAL_REPRESENTATION('',(#1986),#1990);
#1986 = LINE('',#1987,#1988);
#1987 = CARTESIAN_POINT('',(0.,2.));
#1988 = VECTOR('',#1989,1.);
#1989 = DIRECTION('',(1.,0.));
#1990 = ( GEOMETRIC_REPRESENTATION_CONTEXT(2) 
PARAMETRIC_REPRESENTATION_CONTEXT() REPRESENTATION_CONTEXT('2D SPACE',''
  ) );
#1991 = ORIENTED_EDGE('',*,*,#1992,.F.);
#1992 = EDGE_CURVE('',#1993,#1964,#1995,.T.);
#1993 = VERTEX_POINT('',#1994);
#1994 = CARTESIAN_POINT('',(13.999541165278,-13.57984750182,2.));
#1995 = SURFACE_CURVE('',#1996,(#2001,#2008),.PCURVE_S1.);
#1996 = CIRCLE('',#1997,1.5);
#1997 = AXIS2_PLACEMENT_3D('',#1998,#1999,#2000);
#1998 = CARTESIAN_POINT('',(12.75,-12.75,2.));
#1999 = DIRECTION('',(-0.,0.,1.));
#2000 = DIRECTION('',(0.833027443518,-0.55323166788,0.));
#2001 = PCURVE('',#686,#2002);
#2002 = DEFINITIONAL_REPRESENTATION('',(#2003),#2007);
#2003 = CIRCLE('',#2004,1.5);
#2004 = AXIS2_PLACEMENT_2D('',#2005,#2006);
#2005 = CARTESIAN_POINT('',(12.75,-12.75));
#2006 = DIRECTION('',(0.833027443518,-0.55323166788));
#2007 = ( GEOMETRIC_REPRESENTATION_CONTEXT(2) 
PARAMETRIC_REPRESENTATION_CONTEXT() REPRESENTATION_CONTEXT('2D SPACE',''
  ) );
#2008 = PCURVE('',#2009,#2014);
#2009 = CYLINDRICAL_SURFACE('',#2010,1.5);
#2010 = AXIS2_PLACEMENT_3D('',#2011,#2012,#2013);
#2011 = CARTESIAN_POINT('',(12.75,-12.75,-1.));
#2012 = DIRECTION('',(-0.,-0.,-1.));
#2013 = DIRECTION('',(1.,0.,0.));
#2014 = DEFINITIONAL_REPRESENTATION('',(#2015),#2019);
#2015 = LINE('',#2016,#2017);
#2016 = CARTESIAN_POINT('',(-5.696946618831,-3.));
#2017 = VECTOR('',#2018,1.);
#2018 = DIRECTION('',(-1.,-0.));
#2019 = ( GEOMETRIC_REPRESENTATION_CONTEXT(2) 
PARAMETRIC_REPRESENTATION_CONTEXT() REPRESENTATION_CONTEXT('2D SPACE',''
  ) );
#2020 = ORIENTED_EDGE('',*,*,#2021,.F.);
#2021 = EDGE_CURVE('',#2022,#1993,#2024,.T.);
#2022 = VERTEX_POINT('',#2023);
#2023 = CARTESIAN_POINT('',(15.253368010603,-12.42494088585,2.));
#2024 = SURFACE_CURVE('',#2025,(#2030,#2037),.PCURVE_S1.);
#2025 = CIRCLE('',#2026,28.);
#2026 = AXIS2_PLACEMENT_3D('',#2027,#2028,#2029);
#2027 = CARTESIAN_POINT('',(33.587572106361,-33.58757210636,2.));
#2028 = DIRECTION('',(0.,0.,1.));
#2029 = DIRECTION('',(1.,0.,-0.));
#2030 = PCURVE('',#686,#2031);
#2031 = DEFINITIONAL_REPRESENTATION('',(#2032),#2036);
#2032 = CIRCLE('',#2033,28.);
#2033 = AXIS2_PLACEMENT_2D('',#2034,#2035);
#2034 = CARTESIAN_POINT('',(33.587572106361,-33.58757210636));
#2035 = DIRECTION('',(1.,0.));
#2036 = ( GEOMETRIC_REPRESENTATION_CONTEXT(2) 
PARAMETRIC_REPRESENTATION_CONTEXT() REPRESENTATION_CONTEXT('2D SPACE',''
  ) );
#2037 = PCURVE('',#1980,#2038);
#2038 = DEFINITIONAL_REPRESENTATION('',(#2039),#2043);
#2039 = LINE('',#2040,#2041);
#2040 = CARTESIAN_POINT('',(0.,2.));
#2041 = VECTOR('',#2042,1.);
#2042 = DIRECTION('',(1.,0.));
#2043 = ( GEOMETRIC_REPRESENTATION_CONTEXT(2) 
PARAMETRIC_REPRESENTATION_CONTEXT() REPRESENTATION_CONTEXT('2D SPACE',''
  ) );
#2044 = ORIENTED_EDGE('',*,*,#2045,.F.);
#2045 = EDGE_CURVE('',#2046,#2022,#2048,.T.);
#2046 = VERTEX_POINT('',#2047);
#2047 = CARTESIAN_POINT('',(14.863703305156,-12.03527618041,2.));
#2048 = SURFACE_CURVE('',#2049,(#2053,#2060),.PCURVE_S1.);
#2049 = LINE('',#2050,#2051);
#2050 = CARTESIAN_POINT('',(1.414213562373,1.414213562373,2.));
#2051 = VECTOR('',#2052,1.);
#2052 = DIRECTION('',(0.707106781187,-0.707106781187,0.));
#2053 = PCURVE('',#686,#2054);
#2054 = DEFINITIONAL_REPRESENTATION('',(#2055),#2059);
#2055 = LINE('',#2056,#2057);
#2056 = CARTESIAN_POINT('',(1.414213562373,1.414213562373));
#2057 = VECTOR('',#2058,1.);
#2058 = DIRECTION('',(0.707106781187,-0.707106781187));
#2059 = ( GEOMETRIC_REPRESENTATION_CONTEXT(2) 
PARAMETRIC_REPRESENTATION_CONTEXT() REPRESENTATION_CONTEXT('2D SPACE',''
  ) );
#2060 = PCURVE('',#2061,#2066);
#2061 = PLANE('',#2062);
#2062 = AXIS2_PLACEMENT_3D('',#2063,#2064,#2065);
#2063 = CARTESIAN_POINT('',(1.414213562373,1.414213562373,2.));
#2064 = DIRECTION('',(0.707106781187,0.707106781187,0.));
#2065 = DIRECTION('',(0.,0.,1.));
#2066 = DEFINITIONAL_REPRESENTATION('',(#2067),#2071);
#2067 = LINE('',#2068,#2069);
#2068 = CARTESIAN_POINT('',(0.,0.));
#2069 = VECTOR('',#2070,1.);
#2070 = DIRECTION('',(0.,1.));
#2071 = ( GEOMETRIC_REPRESENTATION_CONTEXT(2) 
PARAMETRIC_REPRESENTATION_CONTEXT() REPRESENTATION_CONTEXT('2D SPACE',''
  ) );
#2072 = ORIENTED_EDGE('',*,*,#2073,.T.);
#2073 = EDGE_CURVE('',#2046,#2074,#2076,.T.);
#2074 = VERTEX_POINT('',#2075);
#2075 = CARTESIAN_POINT('',(15.,-11.,2.));
#2076 = SURFACE_CURVE('',#2077,(#2082,#2089),.PCURVE_S1.);
#2077 = CIRCLE('',#2078,4.);
#2078 = AXIS2_PLACEMENT_3D('',#2079,#2080,#2081);
#2079 = CARTESIAN_POINT('',(11.,-11.,2.));
#2080 = DIRECTION('',(0.,0.,1.));
#2081 = DIRECTION('',(0.,-1.,0.));
#2082 = PCURVE('',#686,#2083);
#2083 = DEFINITIONAL_REPRESENTATION('',(#2084),#2088);
#2084 = CIRCLE('',#2085,4.);
#2085 = AXIS2_PLACEMENT_2D('',#2086,#2087);
#2086 = CARTESIAN_POINT('',(11.,-11.));
#2087 = DIRECTION('',(0.,-1.));
#2088 = ( GEOMETRIC_REPRESENTATION_CONTEXT(2) 
PARAMETRIC_REPRESENTATION_CONTEXT() REPRESENTATION_CONTEXT('2D SPACE',''
  ) );
#2089 = PCURVE('',#2090,#2095);
#2090 = CYLINDRICAL_SURFACE('',#2091,4.);
#2091 = AXIS2_PLACEMENT_3D('',#2092,#2093,#2094);
#2092 = CARTESIAN_POINT('',(11.,-11.,2.));
#2093 = DIRECTION('',(0.,0.,1.));
#2094 = DIRECTION('',(0.,-1.,0.));
#2095 = DEFINITIONAL_REPRESENTATION('',(#2096),#2100);
#2096 = LINE('',#2097,#2098);
#2097 = CARTESIAN_POINT('',(0.,0.));
#2098 = VECTOR('',#2099,1.);
#2099 = DIRECTION('',(1.,0.));
#2100 = ( GEOMETRIC_REPRESENTATION_CONTEXT(2) 
PARAMETRIC_REPRESENTATION_CONTEXT() REPRESENTATION_CONTEXT('2D SPACE',''
  ) );
#2101 = ORIENTED_EDGE('',*,*,#2102,.T.);
#2102 = EDGE_CURVE('',#2074,#2103,#2105,.T.);
#2103 = VERTEX_POINT('',#2104);
#2104 = CARTESIAN_POINT('',(15.,11.,2.));
#2105 = SURFACE_CURVE('',#2106,(#2110,#2117),.PCURVE_S1.);
#2106 = LINE('',#2107,#2108);
#2107 = CARTESIAN_POINT('',(15.,-15.,2.));
#2108 = VECTOR('',#2109,1.);
#2109 = DIRECTION('',(0.,1.,0.));
#2110 = PCURVE('',#686,#2111);
#2111 = DEFINITIONAL_REPRESENTATION('',(#2112),#2116);
#2112 = LINE('',#2113,#2114);
#2113 = CARTESIAN_POINT('',(15.,-15.));
#2114 = VECTOR('',#2115,1.);
#2115 = DIRECTION('',(0.,1.));
#2116 = ( GEOMETRIC_REPRESENTATION_CONTEXT(2) 
PARAMETRIC_REPRESENTATION_CONTEXT() REPRESENTATION_CONTEXT('2D SPACE',''
  ) );
#2117 = PCURVE('',#2118,#2123);
#2118 = PLANE('',#2119);
#2119 = AXIS2_PLACEMENT_3D('',#2120,#2121,#2122);
#2120 = CARTESIAN_POINT('',(15.,-15.,2.));
#2121 = DIRECTION('',(-1.,0.,0.));
#2122 = DIRECTION('',(0.,1.,0.));
#2123 = DEFINITIONAL_REPRESENTATION('',(#2124),#2128);
#2124 = LINE('',#2125,#2126);
#2125 = CARTESIAN_POINT('',(0.,0.));
#2126 = VECTOR('',#2127,1.);
#2127 = DIRECTION('',(1.,0.));
#2128 = ( GEOMETRIC_REPRESENTATION_CONTEXT(2) 
PARAMETRIC_REPRESENTATION_CONTEXT() REPRESENTATION_CONTEXT('2D SPACE',''
  ) );
#2129 = ORIENTED_EDGE('',*,*,#2130,.T.);
#2130 = EDGE_CURVE('',#2103,#2131,#2133,.T.);
#2131 = VERTEX_POINT('',#2132);
#2132 = CARTESIAN_POINT('',(14.863703305156,12.03527618041,2.));
#2133 = SURFACE_CURVE('',#2134,(#2139,#2146),.PCURVE_S1.);
#2134 = CIRCLE('',#2135,4.);
#2135 = AXIS2_PLACEMENT_3D('',#2136,#2137,#2138);
#2136 = CARTESIAN_POINT('',(11.,11.,2.));
#2137 = DIRECTION('',(0.,0.,1.));
#2138 = DIRECTION('',(0.,-1.,0.));
#2139 = PCURVE('',#686,#2140);
#2140 = DEFINITIONAL_REPRESENTATION('',(#2141),#2145);
#2141 = CIRCLE('',#2142,4.);
#2142 = AXIS2_PLACEMENT_2D('',#2143,#2144);
#2143 = CARTESIAN_POINT('',(11.,11.));
#2144 = DIRECTION('',(0.,-1.));
#2145 = ( GEOMETRIC_REPRESENTATION_CONTEXT(2) 
PARAMETRIC_REPRESENTATION_CONTEXT() REPRESENTATION_CONTEXT('2D SPACE',''
  ) );
#2146 = PCURVE('',#2147,#2152);
#2147 = CYLINDRICAL_SURFACE('',#2148,4.);
#2148 = AXIS2_PLACEMENT_3D('',#2149,#2150,#2151);
#2149 = CARTESIAN_POINT('',(11.,11.,2.));
#2150 = DIRECTION('',(0.,0.,1.));
#2151 = DIRECTION('',(1.,0.,-0.));
#2152 = DEFINITIONAL_REPRESENTATION('',(#2153),#2157);
#2153 = LINE('',#2154,#2155);
#2154 = CARTESIAN_POINT('',(-1.570796326795,0.));
#2155 = VECTOR('',#2156,1.);
#2156 = DIRECTION('',(1.,0.));
#2157 = ( GEOMETRIC_REPRESENTATION_CONTEXT(2) 
PARAMETRIC_REPRESENTATION_CONTEXT() REPRESENTATION_CONTEXT('2D SPACE',''
  ) );
#2158 = ORIENTED_EDGE('',*,*,#2159,.T.);
#2159 = EDGE_CURVE('',#2131,#2160,#2162,.T.);
#2160 = VERTEX_POINT('',#2161);
#2161 = CARTESIAN_POINT('',(15.253368010603,12.424940885856,2.));
#2162 = SURFACE_CURVE('',#2163,(#2167,#2174),.PCURVE_S1.);
#2163 = LINE('',#2164,#2165);
#2164 = CARTESIAN_POINT('',(1.414213562373,-1.414213562373,2.));
#2165 = VECTOR('',#2166,1.);
#2166 = DIRECTION('',(0.707106781187,0.707106781187,0.));
#2167 = PCURVE('',#686,#2168);
#2168 = DEFINITIONAL_REPRESENTATION('',(#2169),#2173);
#2169 = LINE('',#2170,#2171);
#2170 = CARTESIAN_POINT('',(1.414213562373,-1.414213562373));
#2171 = VECTOR('',#2172,1.);
#2172 = DIRECTION('',(0.707106781187,0.707106781187));
#2173 = ( GEOMETRIC_REPRESENTATION_CONTEXT(2) 
PARAMETRIC_REPRESENTATION_CONTEXT() REPRESENTATION_CONTEXT('2D SPACE',''
  ) );
#2174 = PCURVE('',#2175,#2180);
#2175 = PLANE('',#2176);
#2176 = AXIS2_PLACEMENT_3D('',#2177,#2178,#2179);
#2177 = CARTESIAN_POINT('',(1.414213562373,-1.414213562373,2.));
#2178 = DIRECTION('',(-0.707106781187,0.707106781187,0.));
#2179 = DIRECTION('',(0.,0.,1.));
#2180 = DEFINITIONAL_REPRESENTATION('',(#2181),#2185);
#2181 = LINE('',#2182,#2183);
#2182 = CARTESIAN_POINT('',(0.,0.));
#2183 = VECTOR('',#2184,1.);
#2184 = DIRECTION('',(0.,1.));
#2185 = ( GEOMETRIC_REPRESENTATION_CONTEXT(2) 
PARAMETRIC_REPRESENTATION_CONTEXT() REPRESENTATION_CONTEXT('2D SPACE',''
  ) );
#2186 = ORIENTED_EDGE('',*,*,#2187,.F.);
#2187 = EDGE_CURVE('',#2188,#2160,#2190,.T.);
#2188 = VERTEX_POINT('',#2189);
#2189 = CARTESIAN_POINT('',(13.999541165278,13.57984750182,2.));
#2190 = SURFACE_CURVE('',#2191,(#2196,#2203),.PCURVE_S1.);
#2191 = CIRCLE('',#2192,28.);
#2192 = AXIS2_PLACEMENT_3D('',#2193,#2194,#2195);
#2193 = CARTESIAN_POINT('',(33.587572106361,33.587572106361,2.));
#2194 = DIRECTION('',(0.,0.,1.));
#2195 = DIRECTION('',(1.,0.,-0.));
#2196 = PCURVE('',#686,#2197);
#2197 = DEFINITIONAL_REPRESENTATION('',(#2198),#2202);
#2198 = CIRCLE('',#2199,28.);
#2199 = AXIS2_PLACEMENT_2D('',#2200,#2201);
#2200 = CARTESIAN_POINT('',(33.587572106361,33.587572106361));
#2201 = DIRECTION('',(1.,0.));
#2202 = ( GEOMETRIC_REPRESENTATION_CONTEXT(2) 
PARAMETRIC_REPRESENTATION_CONTEXT() REPRESENTATION_CONTEXT('2D SPACE',''
  ) );
#2203 = PCURVE('',#2204,#2209);
#2204 = CYLINDRICAL_SURFACE('',#2205,28.);
#2205 = AXIS2_PLACEMENT_3D('',#2206,#2207,#2208);
#2206 = CARTESIAN_POINT('',(33.587572106361,33.587572106361,0.));
#2207 = DIRECTION('',(0.,0.,1.));
#2208 = DIRECTION('',(1.,0.,-0.));
#2209 = DEFINITIONAL_REPRESENTATION('',(#2210),#2214);
#2210 = LINE('',#2211,#2212);
#2211 = CARTESIAN_POINT('',(0.,2.));
#2212 = VECTOR('',#2213,1.);
#2213 = DIRECTION('',(1.,0.));
#2214 = ( GEOMETRIC_REPRESENTATION_CONTEXT(2) 
PARAMETRIC_REPRESENTATION_CONTEXT() REPRESENTATION_CONTEXT('2D SPACE',''
  ) );
#2215 = ORIENTED_EDGE('',*,*,#2216,.F.);
#2216 = EDGE_CURVE('',#2217,#2188,#2219,.T.);
#2217 = VERTEX_POINT('',#2218);
#2218 = CARTESIAN_POINT('',(13.57984750182,13.999541165278,2.));
#2219 = SURFACE_CURVE('',#2220,(#2225,#2232),.PCURVE_S1.);
#2220 = CIRCLE('',#2221,1.5);
#2221 = AXIS2_PLACEMENT_3D('',#2222,#2223,#2224);
#2222 = CARTESIAN_POINT('',(12.75,12.75,2.));
#2223 = DIRECTION('',(0.,-0.,1.));
#2224 = DIRECTION('',(0.55323166788,0.833027443518,0.));
#2225 = PCURVE('',#686,#2226);
#2226 = DEFINITIONAL_REPRESENTATION('',(#2227),#2231);
#2227 = CIRCLE('',#2228,1.5);
#2228 = AXIS2_PLACEMENT_2D('',#2229,#2230);
#2229 = CARTESIAN_POINT('',(12.75,12.75));
#2230 = DIRECTION('',(0.55323166788,0.833027443518));
#2231 = ( GEOMETRIC_REPRESENTATION_CONTEXT(2) 
PARAMETRIC_REPRESENTATION_CONTEXT() REPRESENTATION_CONTEXT('2D SPACE',''
  ) );
#2232 = PCURVE('',#2233,#2238);
#2233 = CYLINDRICAL_SURFACE('',#2234,1.5);
#2234 = AXIS2_PLACEMENT_3D('',#2235,#2236,#2237);
#2235 = CARTESIAN_POINT('',(12.75,12.75,-1.));
#2236 = DIRECTION('',(-0.,-0.,-1.));
#2237 = DIRECTION('',(1.,0.,0.));
#2238 = DEFINITIONAL_REPRESENTATION('',(#2239),#2243);
#2239 = LINE('',#2240,#2241);
#2240 = CARTESIAN_POINT('',(-0.984557638446,-3.));
#2241 = VECTOR('',#2242,1.);
#2242 = DIRECTION('',(-1.,-0.));
#2243 = ( GEOMETRIC_REPRESENTATION_CONTEXT(2) 
PARAMETRIC_REPRESENTATION_CONTEXT() REPRESENTATION_CONTEXT('2D SPACE',''
  ) );
#2244 = ORIENTED_EDGE('',*,*,#2245,.F.);
#2245 = EDGE_CURVE('',#2246,#2217,#2248,.T.);
#2246 = VERTEX_POINT('',#2247);
#2247 = CARTESIAN_POINT('',(12.424940885856,15.253368010603,2.));
#2248 = SURFACE_CURVE('',#2249,(#2254,#2261),.PCURVE_S1.);
#2249 = CIRCLE('',#2250,28.);
#2250 = AXIS2_PLACEMENT_3D('',#2251,#2252,#2253);
#2251 = CARTESIAN_POINT('',(33.587572106361,33.587572106361,2.));
#2252 = DIRECTION('',(0.,0.,1.));
#2253 = DIRECTION('',(1.,0.,-0.));
#2254 = PCURVE('',#686,#2255);
#2255 = DEFINITIONAL_REPRESENTATION('',(#2256),#2260);
#2256 = CIRCLE('',#2257,28.);
#2257 = AXIS2_PLACEMENT_2D('',#2258,#2259);
#2258 = CARTESIAN_POINT('',(33.587572106361,33.587572106361));
#2259 = DIRECTION('',(1.,0.));
#2260 = ( GEOMETRIC_REPRESENTATION_CONTEXT(2) 
PARAMETRIC_REPRESENTATION_CONTEXT() REPRESENTATION_CONTEXT('2D SPACE',''
  ) );
#2261 = PCURVE('',#2204,#2262);
#2262 = DEFINITIONAL_REPRESENTATION('',(#2263),#2267);
#2263 = LINE('',#2264,#2265);
#2264 = CARTESIAN_POINT('',(0.,2.));
#2265 = VECTOR('',#2266,1.);
#2266 = DIRECTION('',(1.,0.));
#2267 = ( GEOMETRIC_REPRESENTATION_CONTEXT(2) 
PARAMETRIC_REPRESENTATION_CONTEXT() REPRESENTATION_CONTEXT('2D SPACE',''
  ) );
#2268 = ORIENTED_EDGE('',*,*,#2269,.F.);
#2269 = EDGE_CURVE('',#2270,#2246,#2272,.T.);
#2270 = VERTEX_POINT('',#2271);
#2271 = CARTESIAN_POINT('',(12.03527618041,14.863703305156,2.));
#2272 = SURFACE_CURVE('',#2273,(#2277,#2284),.PCURVE_S1.);
#2273 = LINE('',#2274,#2275);
#2274 = CARTESIAN_POINT('',(-1.414213562373,1.414213562373,2.));
#2275 = VECTOR('',#2276,1.);
#2276 = DIRECTION('',(0.707106781187,0.707106781187,0.));
#2277 = PCURVE('',#686,#2278);
#2278 = DEFINITIONAL_REPRESENTATION('',(#2279),#2283);
#2279 = LINE('',#2280,#2281);
#2280 = CARTESIAN_POINT('',(-1.414213562373,1.414213562373));
#2281 = VECTOR('',#2282,1.);
#2282 = DIRECTION('',(0.707106781187,0.707106781187));
#2283 = ( GEOMETRIC_REPRESENTATION_CONTEXT(2) 
PARAMETRIC_REPRESENTATION_CONTEXT() REPRESENTATION_CONTEXT('2D SPACE',''
  ) );
#2284 = PCURVE('',#2285,#2290);
#2285 = PLANE('',#2286);
#2286 = AXIS2_PLACEMENT_3D('',#2287,#2288,#2289);
#2287 = CARTESIAN_POINT('',(-1.414213562373,1.414213562373,2.));
#2288 = DIRECTION('',(-0.707106781187,0.707106781187,0.));
#2289 = DIRECTION('',(0.,0.,1.));
#2290 = DEFINITIONAL_REPRESENTATION('',(#2291),#2295);
#2291 = LINE('',#2292,#2293);
#2292 = CARTESIAN_POINT('',(0.,0.));
#2293 = VECTOR('',#2294,1.);
#2294 = DIRECTION('',(0.,1.));
#2295 = ( GEOMETRIC_REPRESENTATION_CONTEXT(2) 
PARAMETRIC_REPRESENTATION_CONTEXT() REPRESENTATION_CONTEXT('2D SPACE',''
  ) );
#2296 = ORIENTED_EDGE('',*,*,#2297,.T.);
#2297 = EDGE_CURVE('',#2270,#2298,#2300,.T.);
#2298 = VERTEX_POINT('',#2299);
#2299 = CARTESIAN_POINT('',(11.,15.,2.));
#2300 = SURFACE_CURVE('',#2301,(#2306,#2313),.PCURVE_S1.);
#2301 = CIRCLE('',#2302,4.);
#2302 = AXIS2_PLACEMENT_3D('',#2303,#2304,#2305);
#2303 = CARTESIAN_POINT('',(11.,11.,2.));
#2304 = DIRECTION('',(0.,0.,1.));
#2305 = DIRECTION('',(0.,-1.,0.));
#2306 = PCURVE('',#686,#2307);
#2307 = DEFINITIONAL_REPRESENTATION('',(#2308),#2312);
#2308 = CIRCLE('',#2309,4.);
#2309 = AXIS2_PLACEMENT_2D('',#2310,#2311);
#2310 = CARTESIAN_POINT('',(11.,11.));
#2311 = DIRECTION('',(0.,-1.));
#2312 = ( GEOMETRIC_REPRESENTATION_CONTEXT(2) 
PARAMETRIC_REPRESENTATION_CONTEXT() REPRESENTATION_CONTEXT('2D SPACE',''
  ) );
#2313 = PCURVE('',#2314,#2319);
#2314 = CYLINDRICAL_SURFACE('',#2315,4.);
#2315 = AXIS2_PLACEMENT_3D('',#2316,#2317,#2318);
#2316 = CARTESIAN_POINT('',(11.,11.,2.));
#2317 = DIRECTION('',(0.,0.,1.));
#2318 = DIRECTION('',(1.,0.,-0.));
#2319 = DEFINITIONAL_REPRESENTATION('',(#2320),#2324);
#2320 = LINE('',#2321,#2322);
#2321 = CARTESIAN_POINT('',(-1.570796326795,0.));
#2322 = VECTOR('',#2323,1.);
#2323 = DIRECTION('',(1.,0.));
#2324 = ( GEOMETRIC_REPRESENTATION_CONTEXT(2) 
PARAMETRIC_REPRESENTATION_CONTEXT() REPRESENTATION_CONTEXT('2D SPACE',''
  ) );
#2325 = ORIENTED_EDGE('',*,*,#2326,.T.);
#2326 = EDGE_CURVE('',#2298,#2327,#2329,.T.);
#2327 = VERTEX_POINT('',#2328);
#2328 = CARTESIAN_POINT('',(-11.,15.,2.));
#2329 = SURFACE_CURVE('',#2330,(#2334,#2341),.PCURVE_S1.);
#2330 = LINE('',#2331,#2332);
#2331 = CARTESIAN_POINT('',(15.,15.,2.));
#2332 = VECTOR('',#2333,1.);
#2333 = DIRECTION('',(-1.,0.,0.));
#2334 = PCURVE('',#686,#2335);
#2335 = DEFINITIONAL_REPRESENTATION('',(#2336),#2340);
#2336 = LINE('',#2337,#2338);
#2337 = CARTESIAN_POINT('',(15.,15.));
#2338 = VECTOR('',#2339,1.);
#2339 = DIRECTION('',(-1.,0.));
#2340 = ( GEOMETRIC_REPRESENTATION_CONTEXT(2) 
PARAMETRIC_REPRESENTATION_CONTEXT() REPRESENTATION_CONTEXT('2D SPACE',''
  ) );
#2341 = PCURVE('',#2342,#2347);
#2342 = PLANE('',#2343);
#2343 = AXIS2_PLACEMENT_3D('',#2344,#2345,#2346);
#2344 = CARTESIAN_POINT('',(15.,15.,2.));
#2345 = DIRECTION('',(0.,-1.,0.));
#2346 = DIRECTION('',(-1.,0.,0.));
#2347 = DEFINITIONAL_REPRESENTATION('',(#2348),#2352);
#2348 = LINE('',#2349,#2350);
#2349 = CARTESIAN_POINT('',(0.,-0.));
#2350 = VECTOR('',#2351,1.);
#2351 = DIRECTION('',(1.,0.));
#2352 = ( GEOMETRIC_REPRESENTATION_CONTEXT(2) 
PARAMETRIC_REPRESENTATION_CONTEXT() REPRESENTATION_CONTEXT('2D SPACE',''
  ) );
#2353 = ORIENTED_EDGE('',*,*,#2354,.T.);
#2354 = EDGE_CURVE('',#2327,#2355,#2357,.T.);
#2355 = VERTEX_POINT('',#2356);
#2356 = CARTESIAN_POINT('',(-12.03527618041,14.863703305156,2.));
#2357 = SURFACE_CURVE('',#2358,(#2363,#2370),.PCURVE_S1.);
#2358 = CIRCLE('',#2359,4.);
#2359 = AXIS2_PLACEMENT_3D('',#2360,#2361,#2362);
#2360 = CARTESIAN_POINT('',(-11.,11.,2.));
#2361 = DIRECTION('',(0.,0.,1.));
#2362 = DIRECTION('',(0.,-1.,0.));
#2363 = PCURVE('',#686,#2364);
#2364 = DEFINITIONAL_REPRESENTATION('',(#2365),#2369);
#2365 = CIRCLE('',#2366,4.);
#2366 = AXIS2_PLACEMENT_2D('',#2367,#2368);
#2367 = CARTESIAN_POINT('',(-11.,11.));
#2368 = DIRECTION('',(0.,-1.));
#2369 = ( GEOMETRIC_REPRESENTATION_CONTEXT(2) 
PARAMETRIC_REPRESENTATION_CONTEXT() REPRESENTATION_CONTEXT('2D SPACE',''
  ) );
#2370 = PCURVE('',#2371,#2376);
#2371 = CYLINDRICAL_SURFACE('',#2372,4.);
#2372 = AXIS2_PLACEMENT_3D('',#2373,#2374,#2375);
#2373 = CARTESIAN_POINT('',(-11.,11.,2.));
#2374 = DIRECTION('',(0.,0.,1.));
#2375 = DIRECTION('',(-0.,1.,0.));
#2376 = DEFINITIONAL_REPRESENTATION('',(#2377),#2381);
#2377 = LINE('',#2378,#2379);
#2378 = CARTESIAN_POINT('',(-3.14159265359,0.));
#2379 = VECTOR('',#2380,1.);
#2380 = DIRECTION('',(1.,0.));
#2381 = ( GEOMETRIC_REPRESENTATION_CONTEXT(2) 
PARAMETRIC_REPRESENTATION_CONTEXT() REPRESENTATION_CONTEXT('2D SPACE',''
  ) );
#2382 = ORIENTED_EDGE('',*,*,#2383,.T.);
#2383 = EDGE_CURVE('',#2355,#2384,#2386,.T.);
#2384 = VERTEX_POINT('',#2385);
#2385 = CARTESIAN_POINT('',(-12.42494088585,15.253368010603,2.));
#2386 = SURFACE_CURVE('',#2387,(#2391,#2398),.PCURVE_S1.);
#2387 = LINE('',#2388,#2389);
#2388 = CARTESIAN_POINT('',(1.414213562373,1.414213562373,2.));
#2389 = VECTOR('',#2390,1.);
#2390 = DIRECTION('',(-0.707106781187,0.707106781187,0.));
#2391 = PCURVE('',#686,#2392);
#2392 = DEFINITIONAL_REPRESENTATION('',(#2393),#2397);
#2393 = LINE('',#2394,#2395);
#2394 = CARTESIAN_POINT('',(1.414213562373,1.414213562373));
#2395 = VECTOR('',#2396,1.);
#2396 = DIRECTION('',(-0.707106781187,0.707106781187));
#2397 = ( GEOMETRIC_REPRESENTATION_CONTEXT(2) 
PARAMETRIC_REPRESENTATION_CONTEXT() REPRESENTATION_CONTEXT('2D SPACE',''
  ) );
#2398 = PCURVE('',#2399,#2404);
#2399 = PLANE('',#2400);
#2400 = AXIS2_PLACEMENT_3D('',#2401,#2402,#2403);
#2401 = CARTESIAN_POINT('',(1.414213562373,1.414213562373,2.));
#2402 = DIRECTION('',(-0.707106781187,-0.707106781187,0.));
#2403 = DIRECTION('',(0.,0.,1.));
#2404 = DEFINITIONAL_REPRESENTATION('',(#2405),#2409);
#2405 = LINE('',#2406,#2407);
#2406 = CARTESIAN_POINT('',(0.,0.));
#2407 = VECTOR('',#2408,1.);
#2408 = DIRECTION('',(0.,1.));
#2409 = ( GEOMETRIC_REPRESENTATION_CONTEXT(2) 
PARAMETRIC_REPRESENTATION_CONTEXT() REPRESENTATION_CONTEXT('2D SPACE',''
  ) );
#2410 = ORIENTED_EDGE('',*,*,#2411,.F.);
#2411 = EDGE_CURVE('',#2412,#2384,#2414,.T.);
#2412 = VERTEX_POINT('',#2413);
#2413 = CARTESIAN_POINT('',(-13.57984750182,13.999541165278,2.));
#2414 = SURFACE_CURVE('',#2415,(#2420,#2427),.PCURVE_S1.);
#2415 = CIRCLE('',#2416,28.);
#2416 = AXIS2_PLACEMENT_3D('',#2417,#2418,#2419);
#2417 = CARTESIAN_POINT('',(-33.58757210636,33.587572106361,2.));
#2418 = DIRECTION('',(0.,0.,1.));
#2419 = DIRECTION('',(1.,0.,-0.));
#2420 = PCURVE('',#686,#2421);
#2421 = DEFINITIONAL_REPRESENTATION('',(#2422),#2426);
#2422 = CIRCLE('',#2423,28.);
#2423 = AXIS2_PLACEMENT_2D('',#2424,#2425);
#2424 = CARTESIAN_POINT('',(-33.58757210636,33.587572106361));
#2425 = DIRECTION('',(1.,0.));
#2426 = ( GEOMETRIC_REPRESENTATION_CONTEXT(2) 
PARAMETRIC_REPRESENTATION_CONTEXT() REPRESENTATION_CONTEXT('2D SPACE',''
  ) );
#2427 = PCURVE('',#2428,#2433);
#2428 = CYLINDRICAL_SURFACE('',#2429,28.);
#2429 = AXIS2_PLACEMENT_3D('',#2430,#2431,#2432);
#2430 = CARTESIAN_POINT('',(-33.58757210636,33.587572106361,0.));
#2431 = DIRECTION('',(0.,0.,1.));
#2432 = DIRECTION('',(1.,0.,-0.));
#2433 = DEFINITIONAL_REPRESENTATION('',(#2434),#2438);
#2434 = LINE('',#2435,#2436);
#2435 = CARTESIAN_POINT('',(0.,2.));
#2436 = VECTOR('',#2437,1.);
#2437 = DIRECTION('',(1.,0.));
#2438 = ( GEOMETRIC_REPRESENTATION_CONTEXT(2) 
PARAMETRIC_REPRESENTATION_CONTEXT() REPRESENTATION_CONTEXT('2D SPACE',''
  ) );
#2439 = ORIENTED_EDGE('',*,*,#2440,.F.);
#2440 = EDGE_CURVE('',#2441,#2412,#2443,.T.);
#2441 = VERTEX_POINT('',#2442);
#2442 = CARTESIAN_POINT('',(-13.99954116527,13.57984750182,2.));
#2443 = SURFACE_CURVE('',#2444,(#2449,#2456),.PCURVE_S1.);
#2444 = CIRCLE('',#2445,1.5);
#2445 = AXIS2_PLACEMENT_3D('',#2446,#2447,#2448);
#2446 = CARTESIAN_POINT('',(-12.75,12.75,2.));
#2447 = DIRECTION('',(0.,0.,1.));
#2448 = DIRECTION('',(-0.833027443518,0.55323166788,0.));
#2449 = PCURVE('',#686,#2450);
#2450 = DEFINITIONAL_REPRESENTATION('',(#2451),#2455);
#2451 = CIRCLE('',#2452,1.5);
#2452 = AXIS2_PLACEMENT_2D('',#2453,#2454);
#2453 = CARTESIAN_POINT('',(-12.75,12.75));
#2454 = DIRECTION('',(-0.833027443518,0.55323166788));
#2455 = ( GEOMETRIC_REPRESENTATION_CONTEXT(2) 
PARAMETRIC_REPRESENTATION_CONTEXT() REPRESENTATION_CONTEXT('2D SPACE',''
  ) );
#2456 = PCURVE('',#2457,#2462);
#2457 = CYLINDRICAL_SURFACE('',#2458,1.5);
#2458 = AXIS2_PLACEMENT_3D('',#2459,#2460,#2461);
#2459 = CARTESIAN_POINT('',(-12.75,12.75,-1.));
#2460 = DIRECTION('',(-0.,-0.,-1.));
#2461 = DIRECTION('',(1.,0.,0.));
#2462 = DEFINITIONAL_REPRESENTATION('',(#2463),#2467);
#2463 = LINE('',#2464,#2465);
#2464 = CARTESIAN_POINT('',(-2.555353965241,-3.));
#2465 = VECTOR('',#2466,1.);
#2466 = DIRECTION('',(-1.,-0.));
#2467 = ( GEOMETRIC_REPRESENTATION_CONTEXT(2) 
PARAMETRIC_REPRESENTATION_CONTEXT() REPRESENTATION_CONTEXT('2D SPACE',''
  ) );
#2468 = ORIENTED_EDGE('',*,*,#2469,.F.);
#2469 = EDGE_CURVE('',#2470,#2441,#2472,.T.);
#2470 = VERTEX_POINT('',#2471);
#2471 = CARTESIAN_POINT('',(-15.2533680106,12.424940885856,2.));
#2472 = SURFACE_CURVE('',#2473,(#2478,#2485),.PCURVE_S1.);
#2473 = CIRCLE('',#2474,28.);
#2474 = AXIS2_PLACEMENT_3D('',#2475,#2476,#2477);
#2475 = CARTESIAN_POINT('',(-33.58757210636,33.587572106361,2.));
#2476 = DIRECTION('',(0.,0.,1.));
#2477 = DIRECTION('',(1.,0.,-0.));
#2478 = PCURVE('',#686,#2479);
#2479 = DEFINITIONAL_REPRESENTATION('',(#2480),#2484);
#2480 = CIRCLE('',#2481,28.);
#2481 = AXIS2_PLACEMENT_2D('',#2482,#2483);
#2482 = CARTESIAN_POINT('',(-33.58757210636,33.587572106361));
#2483 = DIRECTION('',(1.,0.));
#2484 = ( GEOMETRIC_REPRESENTATION_CONTEXT(2) 
PARAMETRIC_REPRESENTATION_CONTEXT() REPRESENTATION_CONTEXT('2D SPACE',''
  ) );
#2485 = PCURVE('',#2428,#2486);
#2486 = DEFINITIONAL_REPRESENTATION('',(#2487),#2491);
#2487 = LINE('',#2488,#2489);
#2488 = CARTESIAN_POINT('',(0.,2.));
#2489 = VECTOR('',#2490,1.);
#2490 = DIRECTION('',(1.,0.));
#2491 = ( GEOMETRIC_REPRESENTATION_CONTEXT(2) 
PARAMETRIC_REPRESENTATION_CONTEXT() REPRESENTATION_CONTEXT('2D SPACE',''
  ) );
#2492 = ORIENTED_EDGE('',*,*,#2493,.F.);
#2493 = EDGE_CURVE('',#2494,#2470,#2496,.T.);
#2494 = VERTEX_POINT('',#2495);
#2495 = CARTESIAN_POINT('',(-14.86370330515,12.03527618041,2.));
#2496 = SURFACE_CURVE('',#2497,(#2501,#2508),.PCURVE_S1.);
#2497 = LINE('',#2498,#2499);
#2498 = CARTESIAN_POINT('',(-1.414213562373,-1.414213562373,2.));
#2499 = VECTOR('',#2500,1.);
#2500 = DIRECTION('',(-0.707106781187,0.707106781187,0.));
#2501 = PCURVE('',#686,#2502);
#2502 = DEFINITIONAL_REPRESENTATION('',(#2503),#2507);
#2503 = LINE('',#2504,#2505);
#2504 = CARTESIAN_POINT('',(-1.414213562373,-1.414213562373));
#2505 = VECTOR('',#2506,1.);
#2506 = DIRECTION('',(-0.707106781187,0.707106781187));
#2507 = ( GEOMETRIC_REPRESENTATION_CONTEXT(2) 
PARAMETRIC_REPRESENTATION_CONTEXT() REPRESENTATION_CONTEXT('2D SPACE',''
  ) );
#2508 = PCURVE('',#2509,#2514);
#2509 = PLANE('',#2510);
#2510 = AXIS2_PLACEMENT_3D('',#2511,#2512,#2513);
#2511 = CARTESIAN_POINT('',(-1.414213562373,-1.414213562373,2.));
#2512 = DIRECTION('',(-0.707106781187,-0.707106781187,0.));
#2513 = DIRECTION('',(0.,0.,1.));
#2514 = DEFINITIONAL_REPRESENTATION('',(#2515),#2519);
#2515 = LINE('',#2516,#2517);
#2516 = CARTESIAN_POINT('',(0.,0.));
#2517 = VECTOR('',#2518,1.);
#2518 = DIRECTION('',(0.,1.));
#2519 = ( GEOMETRIC_REPRESENTATION_CONTEXT(2) 
PARAMETRIC_REPRESENTATION_CONTEXT() REPRESENTATION_CONTEXT('2D SPACE',''
  ) );
#2520 = ORIENTED_EDGE('',*,*,#2521,.T.);
#2521 = EDGE_CURVE('',#2494,#2522,#2524,.T.);
#2522 = VERTEX_POINT('',#2523);
#2523 = CARTESIAN_POINT('',(-15.,11.,2.));
#2524 = SURFACE_CURVE('',#2525,(#2530,#2537),.PCURVE_S1.);
#2525 = CIRCLE('',#2526,4.);
#2526 = AXIS2_PLACEMENT_3D('',#2527,#2528,#2529);
#2527 = CARTESIAN_POINT('',(-11.,11.,2.));
#2528 = DIRECTION('',(0.,0.,1.));
#2529 = DIRECTION('',(0.,-1.,0.));
#2530 = PCURVE('',#686,#2531);
#2531 = DEFINITIONAL_REPRESENTATION('',(#2532),#2536);
#2532 = CIRCLE('',#2533,4.);
#2533 = AXIS2_PLACEMENT_2D('',#2534,#2535);
#2534 = CARTESIAN_POINT('',(-11.,11.));
#2535 = DIRECTION('',(0.,-1.));
#2536 = ( GEOMETRIC_REPRESENTATION_CONTEXT(2) 
PARAMETRIC_REPRESENTATION_CONTEXT() REPRESENTATION_CONTEXT('2D SPACE',''
  ) );
#2537 = PCURVE('',#2538,#2543);
#2538 = CYLINDRICAL_SURFACE('',#2539,4.);
#2539 = AXIS2_PLACEMENT_3D('',#2540,#2541,#2542);
#2540 = CARTESIAN_POINT('',(-11.,11.,2.));
#2541 = DIRECTION('',(0.,0.,1.));
#2542 = DIRECTION('',(-0.,1.,0.));
#2543 = DEFINITIONAL_REPRESENTATION('',(#2544),#2548);
#2544 = LINE('',#2545,#2546);
#2545 = CARTESIAN_POINT('',(-3.14159265359,0.));
#2546 = VECTOR('',#2547,1.);
#2547 = DIRECTION('',(1.,0.));
#2548 = ( GEOMETRIC_REPRESENTATION_CONTEXT(2) 
PARAMETRIC_REPRESENTATION_CONTEXT() REPRESENTATION_CONTEXT('2D SPACE',''
  ) );
#2549 = ORIENTED_EDGE('',*,*,#2550,.T.);
#2550 = EDGE_CURVE('',#2522,#2551,#2553,.T.);
#2551 = VERTEX_POINT('',#2552);
#2552 = CARTESIAN_POINT('',(-15.,-11.,2.));
#2553 = SURFACE_CURVE('',#2554,(#2558,#2565),.PCURVE_S1.);
#2554 = LINE('',#2555,#2556);
#2555 = CARTESIAN_POINT('',(-15.,15.,2.));
#2556 = VECTOR('',#2557,1.);
#2557 = DIRECTION('',(0.,-1.,0.));
#2558 = PCURVE('',#686,#2559);
#2559 = DEFINITIONAL_REPRESENTATION('',(#2560),#2564);
#2560 = LINE('',#2561,#2562);
#2561 = CARTESIAN_POINT('',(-15.,15.));
#2562 = VECTOR('',#2563,1.);
#2563 = DIRECTION('',(0.,-1.));
#2564 = ( GEOMETRIC_REPRESENTATION_CONTEXT(2) 
PARAMETRIC_REPRESENTATION_CONTEXT() REPRESENTATION_CONTEXT('2D SPACE',''
  ) );
#2565 = PCURVE('',#2566,#2571);
#2566 = PLANE('',#2567);
#2567 = AXIS2_PLACEMENT_3D('',#2568,#2569,#2570);
#2568 = CARTESIAN_POINT('',(-15.,15.,2.));
#2569 = DIRECTION('',(1.,0.,-0.));
#2570 = DIRECTION('',(0.,-1.,0.));
#2571 = DEFINITIONAL_REPRESENTATION('',(#2572),#2576);
#2572 = LINE('',#2573,#2574);
#2573 = CARTESIAN_POINT('',(0.,0.));
#2574 = VECTOR('',#2575,1.);
#2575 = DIRECTION('',(1.,0.));
#2576 = ( GEOMETRIC_REPRESENTATION_CONTEXT(2) 
PARAMETRIC_REPRESENTATION_CONTEXT() REPRESENTATION_CONTEXT('2D SPACE',''
  ) );
#2577 = ORIENTED_EDGE('',*,*,#2578,.F.);
#2578 = EDGE_CURVE('',#2579,#2551,#2581,.T.);
#2579 = VERTEX_POINT('',#2580);
#2580 = CARTESIAN_POINT('',(-14.86370330515,-12.03527618041,2.));
#2581 = SURFACE_CURVE('',#2582,(#2587,#2598),.PCURVE_S1.);
#2582 = CIRCLE('',#2583,4.);
#2583 = AXIS2_PLACEMENT_3D('',#2584,#2585,#2586);
#2584 = CARTESIAN_POINT('',(-11.,-11.,2.));
#2585 = DIRECTION('',(-0.,-0.,-1.));
#2586 = DIRECTION('',(0.,-1.,0.));
#2587 = PCURVE('',#686,#2588);
#2588 = DEFINITIONAL_REPRESENTATION('',(#2589),#2597);
#2589 = ( BOUNDED_CURVE() B_SPLINE_CURVE(2,(#2590,#2591,#2592,#2593,
#2594,#2595,#2596),.UNSPECIFIED.,.T.,.F.) B_SPLINE_CURVE_WITH_KNOTS((1,2
    ,2,2,2,1),(-2.094395102393,0.,2.094395102393,4.188790204786,
6.28318530718,8.377580409573),.UNSPECIFIED.) CURVE() 
GEOMETRIC_REPRESENTATION_ITEM() RATIONAL_B_SPLINE_CURVE((1.,0.5,1.,0.5,
1.,0.5,1.)) REPRESENTATION_ITEM('') );
#2590 = CARTESIAN_POINT('',(-11.,-15.));
#2591 = CARTESIAN_POINT('',(-17.92820323027,-15.));
#2592 = CARTESIAN_POINT('',(-14.46410161513,-9.));
#2593 = CARTESIAN_POINT('',(-11.,-3.));
#2594 = CARTESIAN_POINT('',(-7.535898384862,-9.));
#2595 = CARTESIAN_POINT('',(-4.071796769724,-15.));
#2596 = CARTESIAN_POINT('',(-11.,-15.));
#2597 = ( GEOMETRIC_REPRESENTATION_CONTEXT(2) 
PARAMETRIC_REPRESENTATION_CONTEXT() REPRESENTATION_CONTEXT('2D SPACE',''
  ) );
#2598 = PCURVE('',#2599,#2604);
#2599 = CYLINDRICAL_SURFACE('',#2600,4.);
#2600 = AXIS2_PLACEMENT_3D('',#2601,#2602,#2603);
#2601 = CARTESIAN_POINT('',(-11.,-11.,2.));
#2602 = DIRECTION('',(0.,0.,1.));
#2603 = DIRECTION('',(0.,-1.,0.));
#2604 = DEFINITIONAL_REPRESENTATION('',(#2605),#2609);
#2605 = LINE('',#2606,#2607);
#2606 = CARTESIAN_POINT('',(-0.,0.));
#2607 = VECTOR('',#2608,1.);
#2608 = DIRECTION('',(-1.,0.));
#2609 = ( GEOMETRIC_REPRESENTATION_CONTEXT(2) 
PARAMETRIC_REPRESENTATION_CONTEXT() REPRESENTATION_CONTEXT('2D SPACE',''
  ) );
#2610 = ORIENTED_EDGE('',*,*,#2611,.T.);
#2611 = EDGE_CURVE('',#2579,#782,#2612,.T.);
#2612 = SURFACE_CURVE('',#2613,(#2617,#2624),.PCURVE_S1.);
#2613 = LINE('',#2614,#2615);
#2614 = CARTESIAN_POINT('',(-1.414213562373,1.414213562373,2.));
#2615 = VECTOR('',#2616,1.);
#2616 = DIRECTION('',(-0.707106781187,-0.707106781187,0.));
#2617 = PCURVE('',#686,#2618);
#2618 = DEFINITIONAL_REPRESENTATION('',(#2619),#2623);
#2619 = LINE('',#2620,#2621);
#2620 = CARTESIAN_POINT('',(-1.414213562373,1.414213562373));
#2621 = VECTOR('',#2622,1.);
#2622 = DIRECTION('',(-0.707106781187,-0.707106781187));
#2623 = ( GEOMETRIC_REPRESENTATION_CONTEXT(2) 
PARAMETRIC_REPRESENTATION_CONTEXT() REPRESENTATION_CONTEXT('2D SPACE',''
  ) );
#2624 = PCURVE('',#863,#2625);
#2625 = DEFINITIONAL_REPRESENTATION('',(#2626),#2630);
#2626 = LINE('',#2627,#2628);
#2627 = CARTESIAN_POINT('',(0.,0.));
#2628 = VECTOR('',#2629,1.);
#2629 = DIRECTION('',(0.,1.));
#2630 = ( GEOMETRIC_REPRESENTATION_CONTEXT(2) 
PARAMETRIC_REPRESENTATION_CONTEXT() REPRESENTATION_CONTEXT('2D SPACE',''
  ) );
#2631 = ORIENTED_EDGE('',*,*,#779,.F.);
#2632 = ORIENTED_EDGE('',*,*,#2633,.F.);
#2633 = EDGE_CURVE('',#670,#780,#2634,.T.);
#2634 = SURFACE_CURVE('',#2635,(#2640,#2647),.PCURVE_S1.);
#2635 = CIRCLE('',#2636,1.5);
#2636 = AXIS2_PLACEMENT_3D('',#2637,#2638,#2639);
#2637 = CARTESIAN_POINT('',(-12.75,-12.75,2.));
#2638 = DIRECTION('',(0.,0.,1.));
#2639 = DIRECTION('',(-0.55323166788,-0.833027443518,0.));
#2640 = PCURVE('',#686,#2641);
#2641 = DEFINITIONAL_REPRESENTATION('',(#2642),#2646);
#2642 = CIRCLE('',#2643,1.5);
#2643 = AXIS2_PLACEMENT_2D('',#2644,#2645);
#2644 = CARTESIAN_POINT('',(-12.75,-12.75));
#2645 = DIRECTION('',(-0.55323166788,-0.833027443518));
#2646 = ( GEOMETRIC_REPRESENTATION_CONTEXT(2) 
PARAMETRIC_REPRESENTATION_CONTEXT() REPRESENTATION_CONTEXT('2D SPACE',''
  ) );
#2647 = PCURVE('',#766,#2648);
#2648 = DEFINITIONAL_REPRESENTATION('',(#2649),#2653);
#2649 = LINE('',#2650,#2651);
#2650 = CARTESIAN_POINT('',(-4.126150292036,-3.));
#2651 = VECTOR('',#2652,1.);
#2652 = DIRECTION('',(-1.,-0.));
#2653 = ( GEOMETRIC_REPRESENTATION_CONTEXT(2) 
PARAMETRIC_REPRESENTATION_CONTEXT() REPRESENTATION_CONTEXT('2D SPACE',''
  ) );
#2654 = ORIENTED_EDGE('',*,*,#667,.F.);
#2655 = ORIENTED_EDGE('',*,*,#2656,.F.);
#2656 = EDGE_CURVE('',#1846,#668,#2657,.T.);
#2657 = SURFACE_CURVE('',#2658,(#2662,#2669),.PCURVE_S1.);
#2658 = LINE('',#2659,#2660);
#2659 = CARTESIAN_POINT('',(1.414213562373,-1.414213562373,2.));
#2660 = VECTOR('',#2661,1.);
#2661 = DIRECTION('',(-0.707106781187,-0.707106781187,0.));
#2662 = PCURVE('',#686,#2663);
#2663 = DEFINITIONAL_REPRESENTATION('',(#2664),#2668);
#2664 = LINE('',#2665,#2666);
#2665 = CARTESIAN_POINT('',(1.414213562373,-1.414213562373));
#2666 = VECTOR('',#2667,1.);
#2667 = DIRECTION('',(-0.707106781187,-0.707106781187));
#2668 = ( GEOMETRIC_REPRESENTATION_CONTEXT(2) 
PARAMETRIC_REPRESENTATION_CONTEXT() REPRESENTATION_CONTEXT('2D SPACE',''
  ) );
#2669 = PCURVE('',#713,#2670);
#2670 = DEFINITIONAL_REPRESENTATION('',(#2671),#2675);
#2671 = LINE('',#2672,#2673);
#2672 = CARTESIAN_POINT('',(0.,0.));
#2673 = VECTOR('',#2674,1.);
#2674 = DIRECTION('',(0.,1.));
#2675 = ( GEOMETRIC_REPRESENTATION_CONTEXT(2) 
PARAMETRIC_REPRESENTATION_CONTEXT() REPRESENTATION_CONTEXT('2D SPACE',''
  ) );
#2676 = FACE_BOUND('',#2677,.F.);
#2677 = EDGE_LOOP('',(#2678,#2706,#2732,#2758));
#2678 = ORIENTED_EDGE('',*,*,#2679,.T.);
#2679 = EDGE_CURVE('',#2680,#2682,#2684,.T.);
#2680 = VERTEX_POINT('',#2681);
#2681 = CARTESIAN_POINT('',(6.,5.,2.));
#2682 = VERTEX_POINT('',#2683);
#2683 = CARTESIAN_POINT('',(6.,-5.,2.));
#2684 = SURFACE_CURVE('',#2685,(#2689,#2695),.PCURVE_S1.);
#2685 = LINE('',#2686,#2687);
#2686 = CARTESIAN_POINT('',(6.,-2.5,2.));
#2687 = VECTOR('',#2688,1.);
#2688 = DIRECTION('',(0.,-1.,0.));
#2689 = PCURVE('',#686,#2690);
#2690 = DEFINITIONAL_REPRESENTATION('',(#2691),#2694);
#2691 = B_SPLINE_CURVE_WITH_KNOTS('',1,(#2692,#2693),.UNSPECIFIED.,.F.,
  .F.,(2,2),(-7.5,2.5),.PIECEWISE_BEZIER_KNOTS.);
#2692 = CARTESIAN_POINT('',(6.,5.));
#2693 = CARTESIAN_POINT('',(6.,-5.));
#2694 = ( GEOMETRIC_REPRESENTATION_CONTEXT(2) 
PARAMETRIC_REPRESENTATION_CONTEXT() REPRESENTATION_CONTEXT('2D SPACE',''
  ) );
#2695 = PCURVE('',#2696,#2701);
#2696 = PLANE('',#2697);
#2697 = AXIS2_PLACEMENT_3D('',#2698,#2699,#2700);
#2698 = CARTESIAN_POINT('',(6.,-5.,-1.));
#2699 = DIRECTION('',(-1.,0.,0.));
#2700 = DIRECTION('',(0.,1.,0.));
#2701 = DEFINITIONAL_REPRESENTATION('',(#2702),#2705);
#2702 = B_SPLINE_CURVE_WITH_KNOTS('',1,(#2703,#2704),.UNSPECIFIED.,.F.,
  .F.,(2,2),(-7.5,2.5),.PIECEWISE_BEZIER_KNOTS.);
#2703 = CARTESIAN_POINT('',(10.,-3.));
#2704 = CARTESIAN_POINT('',(0.,-3.));
#2705 = ( GEOMETRIC_REPRESENTATION_CONTEXT(2) 
PARAMETRIC_REPRESENTATION_CONTEXT() REPRESENTATION_CONTEXT('2D SPACE',''
  ) );
#2706 = ORIENTED_EDGE('',*,*,#2707,.T.);
#2707 = EDGE_CURVE('',#2682,#2708,#2710,.T.);
#2708 = VERTEX_POINT('',#2709);
#2709 = CARTESIAN_POINT('',(-6.,-5.,2.));
#2710 = SURFACE_CURVE('',#2711,(#2715,#2721),.PCURVE_S1.);
#2711 = LINE('',#2712,#2713);
#2712 = CARTESIAN_POINT('',(-3.,-5.,2.));
#2713 = VECTOR('',#2714,1.);
#2714 = DIRECTION('',(-1.,0.,0.));
#2715 = PCURVE('',#686,#2716);
#2716 = DEFINITIONAL_REPRESENTATION('',(#2717),#2720);
#2717 = B_SPLINE_CURVE_WITH_KNOTS('',1,(#2718,#2719),.UNSPECIFIED.,.F.,
  .F.,(2,2),(-9.,3.),.PIECEWISE_BEZIER_KNOTS.);
#2718 = CARTESIAN_POINT('',(6.,-5.));
#2719 = CARTESIAN_POINT('',(-6.,-5.));
#2720 = ( GEOMETRIC_REPRESENTATION_CONTEXT(2) 
PARAMETRIC_REPRESENTATION_CONTEXT() REPRESENTATION_CONTEXT('2D SPACE',''
  ) );
#2721 = PCURVE('',#2722,#2727);
#2722 = PLANE('',#2723);
#2723 = AXIS2_PLACEMENT_3D('',#2724,#2725,#2726);
#2724 = CARTESIAN_POINT('',(-6.,-5.,-1.));
#2725 = DIRECTION('',(0.,1.,0.));
#2726 = DIRECTION('',(1.,0.,0.));
#2727 = DEFINITIONAL_REPRESENTATION('',(#2728),#2731);
#2728 = B_SPLINE_CURVE_WITH_KNOTS('',1,(#2729,#2730),.UNSPECIFIED.,.F.,
  .F.,(2,2),(-9.,3.),.PIECEWISE_BEZIER_KNOTS.);
#2729 = CARTESIAN_POINT('',(12.,-3.));
#2730 = CARTESIAN_POINT('',(0.,-3.));
#2731 = ( GEOMETRIC_REPRESENTATION_CONTEXT(2) 
PARAMETRIC_REPRESENTATION_CONTEXT() REPRESENTATION_CONTEXT('2D SPACE',''
  ) );
#2732 = ORIENTED_EDGE('',*,*,#2733,.T.);
#2733 = EDGE_CURVE('',#2708,#2734,#2736,.T.);
#2734 = VERTEX_POINT('',#2735);
#2735 = CARTESIAN_POINT('',(-6.,5.,2.));
#2736 = SURFACE_CURVE('',#2737,(#2741,#2747),.PCURVE_S1.);
#2737 = LINE('',#2738,#2739);
#2738 = CARTESIAN_POINT('',(-6.,2.5,2.));
#2739 = VECTOR('',#2740,1.);
#2740 = DIRECTION('',(-0.,1.,0.));
#2741 = PCURVE('',#686,#2742);
#2742 = DEFINITIONAL_REPRESENTATION('',(#2743),#2746);
#2743 = B_SPLINE_CURVE_WITH_KNOTS('',1,(#2744,#2745),.UNSPECIFIED.,.F.,
  .F.,(2,2),(-7.5,2.5),.PIECEWISE_BEZIER_KNOTS.);
#2744 = CARTESIAN_POINT('',(-6.,-5.));
#2745 = CARTESIAN_POINT('',(-6.,5.));
#2746 = ( GEOMETRIC_REPRESENTATION_CONTEXT(2) 
PARAMETRIC_REPRESENTATION_CONTEXT() REPRESENTATION_CONTEXT('2D SPACE',''
  ) );
#2747 = PCURVE('',#2748,#2753);
#2748 = PLANE('',#2749);
#2749 = AXIS2_PLACEMENT_3D('',#2750,#2751,#2752);
#2750 = CARTESIAN_POINT('',(-6.,5.,-1.));
#2751 = DIRECTION('',(1.,0.,-0.));
#2752 = DIRECTION('',(0.,-1.,0.));
#2753 = DEFINITIONAL_REPRESENTATION('',(#2754),#2757);
#2754 = B_SPLINE_CURVE_WITH_KNOTS('',1,(#2755,#2756),.UNSPECIFIED.,.F.,
  .F.,(2,2),(-7.5,2.5),.PIECEWISE_BEZIER_KNOTS.);
#2755 = CARTESIAN_POINT('',(10.,-3.));
#2756 = CARTESIAN_POINT('',(0.,-3.));
#2757 = ( GEOMETRIC_REPRESENTATION_CONTEXT(2) 
PARAMETRIC_REPRESENTATION_CONTEXT() REPRESENTATION_CONTEXT('2D SPACE',''
  ) );
#2758 = ORIENTED_EDGE('',*,*,#2759,.T.);
#2759 = EDGE_CURVE('',#2734,#2680,#2760,.T.);
#2760 = SURFACE_CURVE('',#2761,(#2765,#2771),.PCURVE_S1.);
#2761 = LINE('',#2762,#2763);
#2762 = CARTESIAN_POINT('',(3.,5.,2.));
#2763 = VECTOR('',#2764,1.);
#2764 = DIRECTION('',(1.,0.,-0.));
#2765 = PCURVE('',#686,#2766);
#2766 = DEFINITIONAL_REPRESENTATION('',(#2767),#2770);
#2767 = B_SPLINE_CURVE_WITH_KNOTS('',1,(#2768,#2769),.UNSPECIFIED.,.F.,
  .F.,(2,2),(-9.,3.),.PIECEWISE_BEZIER_KNOTS.);
#2768 = CARTESIAN_POINT('',(-6.,5.));
#2769 = CARTESIAN_POINT('',(6.,5.));
#2770 = ( GEOMETRIC_REPRESENTATION_CONTEXT(2) 
PARAMETRIC_REPRESENTATION_CONTEXT() REPRESENTATION_CONTEXT('2D SPACE',''
  ) );
#2771 = PCURVE('',#2772,#2777);
#2772 = PLANE('',#2773);
#2773 = AXIS2_PLACEMENT_3D('',#2774,#2775,#2776);
#2774 = CARTESIAN_POINT('',(6.,5.,-1.));
#2775 = DIRECTION('',(0.,-1.,0.));
#2776 = DIRECTION('',(-1.,0.,0.));
#2777 = DEFINITIONAL_REPRESENTATION('',(#2778),#2781);
#2778 = B_SPLINE_CURVE_WITH_KNOTS('',1,(#2779,#2780),.UNSPECIFIED.,.F.,
  .F.,(2,2),(-9.,3.),.PIECEWISE_BEZIER_KNOTS.);
#2779 = CARTESIAN_POINT('',(12.,-3.));
#2780 = CARTESIAN_POINT('',(0.,-3.));
#2781 = ( GEOMETRIC_REPRESENTATION_CONTEXT(2) 
PARAMETRIC_REPRESENTATION_CONTEXT() REPRESENTATION_CONTEXT('2D SPACE',''
  ) );
#2782 = ADVANCED_FACE('',(#2783),#766,.F.);
#2783 = FACE_BOUND('',#2784,.T.);
#2784 = EDGE_LOOP('',(#2785,#2807,#2808,#2809));
#2785 = ORIENTED_EDGE('',*,*,#2786,.T.);
#2786 = EDGE_CURVE('',#725,#806,#2787,.T.);
#2787 = SURFACE_CURVE('',#2788,(#2793,#2800),.PCURVE_S1.);
#2788 = CIRCLE('',#2789,1.5);
#2789 = AXIS2_PLACEMENT_3D('',#2790,#2791,#2792);
#2790 = CARTESIAN_POINT('',(-12.75,-12.75,3.6));
#2791 = DIRECTION('',(0.,0.,1.));
#2792 = DIRECTION('',(-0.55323166788,-0.833027443518,0.));
#2793 = PCURVE('',#766,#2794);
#2794 = DEFINITIONAL_REPRESENTATION('',(#2795),#2799);
#2795 = LINE('',#2796,#2797);
#2796 = CARTESIAN_POINT('',(-4.126150292036,-4.6));
#2797 = VECTOR('',#2798,1.);
#2798 = DIRECTION('',(-1.,-0.));
#2799 = ( GEOMETRIC_REPRESENTATION_CONTEXT(2) 
PARAMETRIC_REPRESENTATION_CONTEXT() REPRESENTATION_CONTEXT('2D SPACE',''
  ) );
#2800 = PCURVE('',#741,#2801);
#2801 = DEFINITIONAL_REPRESENTATION('',(#2802),#2806);
#2802 = CIRCLE('',#2803,1.5);
#2803 = AXIS2_PLACEMENT_2D('',#2804,#2805);
#2804 = CARTESIAN_POINT('',(-12.75,-12.75));
#2805 = DIRECTION('',(-0.55323166788,-0.833027443518));
#2806 = ( GEOMETRIC_REPRESENTATION_CONTEXT(2) 
PARAMETRIC_REPRESENTATION_CONTEXT() REPRESENTATION_CONTEXT('2D SPACE',''
  ) );
#2807 = ORIENTED_EDGE('',*,*,#805,.F.);
#2808 = ORIENTED_EDGE('',*,*,#2633,.F.);
#2809 = ORIENTED_EDGE('',*,*,#753,.T.);
#2810 = ADVANCED_FACE('',(#2811,#3518),#741,.T.);
#2811 = FACE_BOUND('',#2812,.T.);
#2812 = EDGE_LOOP('',(#2813,#2843,#2866,#2890,#2913,#2937,#2965,#2989,
    #3012,#3036,#3059,#3083,#3106,#3130,#3158,#3182,#3205,#3229,#3252,
    #3276,#3299,#3323,#3351,#3375,#3398,#3422,#3445,#3473,#3494,#3495,
    #3496,#3497));
#2813 = ORIENTED_EDGE('',*,*,#2814,.F.);
#2814 = EDGE_CURVE('',#2815,#2817,#2819,.T.);
#2815 = VERTEX_POINT('',#2816);
#2816 = CARTESIAN_POINT('',(-11.,-15.,3.6));
#2817 = VERTEX_POINT('',#2818);
#2818 = CARTESIAN_POINT('',(-12.03527618041,-14.86370330515,3.6));
#2819 = SURFACE_CURVE('',#2820,(#2825,#2836),.PCURVE_S1.);
#2820 = CIRCLE('',#2821,4.);
#2821 = AXIS2_PLACEMENT_3D('',#2822,#2823,#2824);
#2822 = CARTESIAN_POINT('',(-11.,-11.,3.6));
#2823 = DIRECTION('',(-0.,-0.,-1.));
#2824 = DIRECTION('',(0.,-1.,0.));
#2825 = PCURVE('',#741,#2826);
#2826 = DEFINITIONAL_REPRESENTATION('',(#2827),#2835);
#2827 = ( BOUNDED_CURVE() B_SPLINE_CURVE(2,(#2828,#2829,#2830,#2831,
#2832,#2833,#2834),.UNSPECIFIED.,.T.,.F.) B_SPLINE_CURVE_WITH_KNOTS((1,2
    ,2,2,2,1),(-2.094395102393,0.,2.094395102393,4.188790204786,
6.28318530718,8.377580409573),.UNSPECIFIED.) CURVE() 
GEOMETRIC_REPRESENTATION_ITEM() RATIONAL_B_SPLINE_CURVE((1.,0.5,1.,0.5,
1.,0.5,1.)) REPRESENTATION_ITEM('') );
#2828 = CARTESIAN_POINT('',(-11.,-15.));
#2829 = CARTESIAN_POINT('',(-17.92820323027,-15.));
#2830 = CARTESIAN_POINT('',(-14.46410161513,-9.));
#2831 = CARTESIAN_POINT('',(-11.,-3.));
#2832 = CARTESIAN_POINT('',(-7.535898384862,-9.));
#2833 = CARTESIAN_POINT('',(-4.071796769724,-15.));
#2834 = CARTESIAN_POINT('',(-11.,-15.));
#2835 = ( GEOMETRIC_REPRESENTATION_CONTEXT(2) 
PARAMETRIC_REPRESENTATION_CONTEXT() REPRESENTATION_CONTEXT('2D SPACE',''
  ) );
#2836 = PCURVE('',#1866,#2837);
#2837 = DEFINITIONAL_REPRESENTATION('',(#2838),#2842);
#2838 = LINE('',#2839,#2840);
#2839 = CARTESIAN_POINT('',(-0.,1.6));
#2840 = VECTOR('',#2841,1.);
#2841 = DIRECTION('',(-1.,0.));
#2842 = ( GEOMETRIC_REPRESENTATION_CONTEXT(2) 
PARAMETRIC_REPRESENTATION_CONTEXT() REPRESENTATION_CONTEXT('2D SPACE',''
  ) );
#2843 = ORIENTED_EDGE('',*,*,#2844,.T.);
#2844 = EDGE_CURVE('',#2815,#2845,#2847,.T.);
#2845 = VERTEX_POINT('',#2846);
#2846 = CARTESIAN_POINT('',(11.,-15.,3.6));
#2847 = SURFACE_CURVE('',#2848,(#2852,#2859),.PCURVE_S1.);
#2848 = LINE('',#2849,#2850);
#2849 = CARTESIAN_POINT('',(-15.,-15.,3.6));
#2850 = VECTOR('',#2851,1.);
#2851 = DIRECTION('',(1.,0.,0.));
#2852 = PCURVE('',#741,#2853);
#2853 = DEFINITIONAL_REPRESENTATION('',(#2854),#2858);
#2854 = LINE('',#2855,#2856);
#2855 = CARTESIAN_POINT('',(-15.,-15.));
#2856 = VECTOR('',#2857,1.);
#2857 = DIRECTION('',(1.,0.));
#2858 = ( GEOMETRIC_REPRESENTATION_CONTEXT(2) 
PARAMETRIC_REPRESENTATION_CONTEXT() REPRESENTATION_CONTEXT('2D SPACE',''
  ) );
#2859 = PCURVE('',#1894,#2860);
#2860 = DEFINITIONAL_REPRESENTATION('',(#2861),#2865);
#2861 = LINE('',#2862,#2863);
#2862 = CARTESIAN_POINT('',(0.,-1.6));
#2863 = VECTOR('',#2864,1.);
#2864 = DIRECTION('',(1.,0.));
#2865 = ( GEOMETRIC_REPRESENTATION_CONTEXT(2) 
PARAMETRIC_REPRESENTATION_CONTEXT() REPRESENTATION_CONTEXT('2D SPACE',''
  ) );
#2866 = ORIENTED_EDGE('',*,*,#2867,.T.);
#2867 = EDGE_CURVE('',#2845,#2868,#2870,.T.);
#2868 = VERTEX_POINT('',#2869);
#2869 = CARTESIAN_POINT('',(12.03527618041,-14.86370330515,3.6));
#2870 = SURFACE_CURVE('',#2871,(#2876,#2883),.PCURVE_S1.);
#2871 = CIRCLE('',#2872,4.);
#2872 = AXIS2_PLACEMENT_3D('',#2873,#2874,#2875);
#2873 = CARTESIAN_POINT('',(11.,-11.,3.6));
#2874 = DIRECTION('',(0.,0.,1.));
#2875 = DIRECTION('',(0.,-1.,0.));
#2876 = PCURVE('',#741,#2877);
#2877 = DEFINITIONAL_REPRESENTATION('',(#2878),#2882);
#2878 = CIRCLE('',#2879,4.);
#2879 = AXIS2_PLACEMENT_2D('',#2880,#2881);
#2880 = CARTESIAN_POINT('',(11.,-11.));
#2881 = DIRECTION('',(0.,-1.));
#2882 = ( GEOMETRIC_REPRESENTATION_CONTEXT(2) 
PARAMETRIC_REPRESENTATION_CONTEXT() REPRESENTATION_CONTEXT('2D SPACE',''
  ) );
#2883 = PCURVE('',#1923,#2884);
#2884 = DEFINITIONAL_REPRESENTATION('',(#2885),#2889);
#2885 = LINE('',#2886,#2887);
#2886 = CARTESIAN_POINT('',(0.,1.6));
#2887 = VECTOR('',#2888,1.);
#2888 = DIRECTION('',(1.,0.));
#2889 = ( GEOMETRIC_REPRESENTATION_CONTEXT(2) 
PARAMETRIC_REPRESENTATION_CONTEXT() REPRESENTATION_CONTEXT('2D SPACE',''
  ) );
#2890 = ORIENTED_EDGE('',*,*,#2891,.T.);
#2891 = EDGE_CURVE('',#2868,#2892,#2894,.T.);
#2892 = VERTEX_POINT('',#2893);
#2893 = CARTESIAN_POINT('',(12.424940885856,-15.2533680106,3.6));
#2894 = SURFACE_CURVE('',#2895,(#2899,#2906),.PCURVE_S1.);
#2895 = LINE('',#2896,#2897);
#2896 = CARTESIAN_POINT('',(-1.414213562373,-1.414213562373,3.6));
#2897 = VECTOR('',#2898,1.);
#2898 = DIRECTION('',(0.707106781187,-0.707106781187,0.));
#2899 = PCURVE('',#741,#2900);
#2900 = DEFINITIONAL_REPRESENTATION('',(#2901),#2905);
#2901 = LINE('',#2902,#2903);
#2902 = CARTESIAN_POINT('',(-1.414213562373,-1.414213562373));
#2903 = VECTOR('',#2904,1.);
#2904 = DIRECTION('',(0.707106781187,-0.707106781187));
#2905 = ( GEOMETRIC_REPRESENTATION_CONTEXT(2) 
PARAMETRIC_REPRESENTATION_CONTEXT() REPRESENTATION_CONTEXT('2D SPACE',''
  ) );
#2906 = PCURVE('',#1951,#2907);
#2907 = DEFINITIONAL_REPRESENTATION('',(#2908),#2912);
#2908 = LINE('',#2909,#2910);
#2909 = CARTESIAN_POINT('',(1.6,0.));
#2910 = VECTOR('',#2911,1.);
#2911 = DIRECTION('',(0.,1.));
#2912 = ( GEOMETRIC_REPRESENTATION_CONTEXT(2) 
PARAMETRIC_REPRESENTATION_CONTEXT() REPRESENTATION_CONTEXT('2D SPACE',''
  ) );
#2913 = ORIENTED_EDGE('',*,*,#2914,.F.);
#2914 = EDGE_CURVE('',#2915,#2892,#2917,.T.);
#2915 = VERTEX_POINT('',#2916);
#2916 = CARTESIAN_POINT('',(13.57984750182,-13.99954116527,3.6));
#2917 = SURFACE_CURVE('',#2918,(#2923,#2930),.PCURVE_S1.);
#2918 = CIRCLE('',#2919,28.);
#2919 = AXIS2_PLACEMENT_3D('',#2920,#2921,#2922);
#2920 = CARTESIAN_POINT('',(33.587572106361,-33.58757210636,3.6));
#2921 = DIRECTION('',(0.,0.,1.));
#2922 = DIRECTION('',(1.,0.,-0.));
#2923 = PCURVE('',#741,#2924);
#2924 = DEFINITIONAL_REPRESENTATION('',(#2925),#2929);
#2925 = CIRCLE('',#2926,28.);
#2926 = AXIS2_PLACEMENT_2D('',#2927,#2928);
#2927 = CARTESIAN_POINT('',(33.587572106361,-33.58757210636));
#2928 = DIRECTION('',(1.,0.));
#2929 = ( GEOMETRIC_REPRESENTATION_CONTEXT(2) 
PARAMETRIC_REPRESENTATION_CONTEXT() REPRESENTATION_CONTEXT('2D SPACE',''
  ) );
#2930 = PCURVE('',#1980,#2931);
#2931 = DEFINITIONAL_REPRESENTATION('',(#2932),#2936);
#2932 = LINE('',#2933,#2934);
#2933 = CARTESIAN_POINT('',(0.,3.6));
#2934 = VECTOR('',#2935,1.);
#2935 = DIRECTION('',(1.,0.));
#2936 = ( GEOMETRIC_REPRESENTATION_CONTEXT(2) 
PARAMETRIC_REPRESENTATION_CONTEXT() REPRESENTATION_CONTEXT('2D SPACE',''
  ) );
#2937 = ORIENTED_EDGE('',*,*,#2938,.T.);
#2938 = EDGE_CURVE('',#2915,#2939,#2941,.T.);
#2939 = VERTEX_POINT('',#2940);
#2940 = CARTESIAN_POINT('',(13.999541165278,-13.57984750182,3.6));
#2941 = SURFACE_CURVE('',#2942,(#2947,#2958),.PCURVE_S1.);
#2942 = CIRCLE('',#2943,1.5);
#2943 = AXIS2_PLACEMENT_3D('',#2944,#2945,#2946);
#2944 = CARTESIAN_POINT('',(12.75,-12.75,3.6));
#2945 = DIRECTION('',(0.,-0.,-1.));
#2946 = DIRECTION('',(0.55323166788,-0.833027443518,0.));
#2947 = PCURVE('',#741,#2948);
#2948 = DEFINITIONAL_REPRESENTATION('',(#2949),#2957);
#2949 = ( BOUNDED_CURVE() B_SPLINE_CURVE(2,(#2950,#2951,#2952,#2953,
#2954,#2955,#2956),.UNSPECIFIED.,.T.,.F.) B_SPLINE_CURVE_WITH_KNOTS((1,2
    ,2,2,2,1),(-2.094395102393,0.,2.094395102393,4.188790204786,
6.28318530718,8.377580409573),.UNSPECIFIED.) CURVE() 
GEOMETRIC_REPRESENTATION_ITEM() RATIONAL_B_SPLINE_CURVE((1.,0.5,1.,0.5,
1.,0.5,1.)) REPRESENTATION_ITEM('') );
#2950 = CARTESIAN_POINT('',(13.57984750182,-13.99954116527));
#2951 = CARTESIAN_POINT('',(11.41557871741,-15.43687920096));
#2952 = CARTESIAN_POINT('',(11.252941856885,-12.8438984352));
#2953 = CARTESIAN_POINT('',(11.09030499636,-10.25091766944));
#2954 = CARTESIAN_POINT('',(13.417210641295,-11.40656039951));
#2955 = CARTESIAN_POINT('',(15.744116286229,-12.56220312959));
#2956 = CARTESIAN_POINT('',(13.57984750182,-13.99954116527));
#2957 = ( GEOMETRIC_REPRESENTATION_CONTEXT(2) 
PARAMETRIC_REPRESENTATION_CONTEXT() REPRESENTATION_CONTEXT('2D SPACE',''
  ) );
#2958 = PCURVE('',#2009,#2959);
#2959 = DEFINITIONAL_REPRESENTATION('',(#2960),#2964);
#2960 = LINE('',#2961,#2962);
#2961 = CARTESIAN_POINT('',(-11.58181297591,-4.6));
#2962 = VECTOR('',#2963,1.);
#2963 = DIRECTION('',(1.,-0.));
#2964 = ( GEOMETRIC_REPRESENTATION_CONTEXT(2) 
PARAMETRIC_REPRESENTATION_CONTEXT() REPRESENTATION_CONTEXT('2D SPACE',''
  ) );
#2965 = ORIENTED_EDGE('',*,*,#2966,.F.);
#2966 = EDGE_CURVE('',#2967,#2939,#2969,.T.);
#2967 = VERTEX_POINT('',#2968);
#2968 = CARTESIAN_POINT('',(15.253368010603,-12.42494088585,3.6));
#2969 = SURFACE_CURVE('',#2970,(#2975,#2982),.PCURVE_S1.);
#2970 = CIRCLE('',#2971,28.);
#2971 = AXIS2_PLACEMENT_3D('',#2972,#2973,#2974);
#2972 = CARTESIAN_POINT('',(33.587572106361,-33.58757210636,3.6));
#2973 = DIRECTION('',(0.,0.,1.));
#2974 = DIRECTION('',(1.,0.,-0.));
#2975 = PCURVE('',#741,#2976);
#2976 = DEFINITIONAL_REPRESENTATION('',(#2977),#2981);
#2977 = CIRCLE('',#2978,28.);
#2978 = AXIS2_PLACEMENT_2D('',#2979,#2980);
#2979 = CARTESIAN_POINT('',(33.587572106361,-33.58757210636));
#2980 = DIRECTION('',(1.,0.));
#2981 = ( GEOMETRIC_REPRESENTATION_CONTEXT(2) 
PARAMETRIC_REPRESENTATION_CONTEXT() REPRESENTATION_CONTEXT('2D SPACE',''
  ) );
#2982 = PCURVE('',#1980,#2983);
#2983 = DEFINITIONAL_REPRESENTATION('',(#2984),#2988);
#2984 = LINE('',#2985,#2986);
#2985 = CARTESIAN_POINT('',(0.,3.6));
#2986 = VECTOR('',#2987,1.);
#2987 = DIRECTION('',(1.,0.));
#2988 = ( GEOMETRIC_REPRESENTATION_CONTEXT(2) 
PARAMETRIC_REPRESENTATION_CONTEXT() REPRESENTATION_CONTEXT('2D SPACE',''
  ) );
#2989 = ORIENTED_EDGE('',*,*,#2990,.F.);
#2990 = EDGE_CURVE('',#2991,#2967,#2993,.T.);
#2991 = VERTEX_POINT('',#2992);
#2992 = CARTESIAN_POINT('',(14.863703305156,-12.03527618041,3.6));
#2993 = SURFACE_CURVE('',#2994,(#2998,#3005),.PCURVE_S1.);
#2994 = LINE('',#2995,#2996);
#2995 = CARTESIAN_POINT('',(1.414213562373,1.414213562373,3.6));
#2996 = VECTOR('',#2997,1.);
#2997 = DIRECTION('',(0.707106781187,-0.707106781187,0.));
#2998 = PCURVE('',#741,#2999);
#2999 = DEFINITIONAL_REPRESENTATION('',(#3000),#3004);
#3000 = LINE('',#3001,#3002);
#3001 = CARTESIAN_POINT('',(1.414213562373,1.414213562373));
#3002 = VECTOR('',#3003,1.);
#3003 = DIRECTION('',(0.707106781187,-0.707106781187));
#3004 = ( GEOMETRIC_REPRESENTATION_CONTEXT(2) 
PARAMETRIC_REPRESENTATION_CONTEXT() REPRESENTATION_CONTEXT('2D SPACE',''
  ) );
#3005 = PCURVE('',#2061,#3006);
#3006 = DEFINITIONAL_REPRESENTATION('',(#3007),#3011);
#3007 = LINE('',#3008,#3009);
#3008 = CARTESIAN_POINT('',(1.6,0.));
#3009 = VECTOR('',#3010,1.);
#3010 = DIRECTION('',(0.,1.));
#3011 = ( GEOMETRIC_REPRESENTATION_CONTEXT(2) 
PARAMETRIC_REPRESENTATION_CONTEXT() REPRESENTATION_CONTEXT('2D SPACE',''
  ) );
#3012 = ORIENTED_EDGE('',*,*,#3013,.T.);
#3013 = EDGE_CURVE('',#2991,#3014,#3016,.T.);
#3014 = VERTEX_POINT('',#3015);
#3015 = CARTESIAN_POINT('',(15.,-11.,3.6));
#3016 = SURFACE_CURVE('',#3017,(#3022,#3029),.PCURVE_S1.);
#3017 = CIRCLE('',#3018,4.);
#3018 = AXIS2_PLACEMENT_3D('',#3019,#3020,#3021);
#3019 = CARTESIAN_POINT('',(11.,-11.,3.6));
#3020 = DIRECTION('',(0.,0.,1.));
#3021 = DIRECTION('',(0.,-1.,0.));
#3022 = PCURVE('',#741,#3023);
#3023 = DEFINITIONAL_REPRESENTATION('',(#3024),#3028);
#3024 = CIRCLE('',#3025,4.);
#3025 = AXIS2_PLACEMENT_2D('',#3026,#3027);
#3026 = CARTESIAN_POINT('',(11.,-11.));
#3027 = DIRECTION('',(0.,-1.));
#3028 = ( GEOMETRIC_REPRESENTATION_CONTEXT(2) 
PARAMETRIC_REPRESENTATION_CONTEXT() REPRESENTATION_CONTEXT('2D SPACE',''
  ) );
#3029 = PCURVE('',#2090,#3030);
#3030 = DEFINITIONAL_REPRESENTATION('',(#3031),#3035);
#3031 = LINE('',#3032,#3033);
#3032 = CARTESIAN_POINT('',(0.,1.6));
#3033 = VECTOR('',#3034,1.);
#3034 = DIRECTION('',(1.,0.));
#3035 = ( GEOMETRIC_REPRESENTATION_CONTEXT(2) 
PARAMETRIC_REPRESENTATION_CONTEXT() REPRESENTATION_CONTEXT('2D SPACE',''
  ) );
#3036 = ORIENTED_EDGE('',*,*,#3037,.T.);
#3037 = EDGE_CURVE('',#3014,#3038,#3040,.T.);
#3038 = VERTEX_POINT('',#3039);
#3039 = CARTESIAN_POINT('',(15.,11.,3.6));
#3040 = SURFACE_CURVE('',#3041,(#3045,#3052),.PCURVE_S1.);
#3041 = LINE('',#3042,#3043);
#3042 = CARTESIAN_POINT('',(15.,-15.,3.6));
#3043 = VECTOR('',#3044,1.);
#3044 = DIRECTION('',(0.,1.,0.));
#3045 = PCURVE('',#741,#3046);
#3046 = DEFINITIONAL_REPRESENTATION('',(#3047),#3051);
#3047 = LINE('',#3048,#3049);
#3048 = CARTESIAN_POINT('',(15.,-15.));
#3049 = VECTOR('',#3050,1.);
#3050 = DIRECTION('',(0.,1.));
#3051 = ( GEOMETRIC_REPRESENTATION_CONTEXT(2) 
PARAMETRIC_REPRESENTATION_CONTEXT() REPRESENTATION_CONTEXT('2D SPACE',''
  ) );
#3052 = PCURVE('',#2118,#3053);
#3053 = DEFINITIONAL_REPRESENTATION('',(#3054),#3058);
#3054 = LINE('',#3055,#3056);
#3055 = CARTESIAN_POINT('',(0.,-1.6));
#3056 = VECTOR('',#3057,1.);
#3057 = DIRECTION('',(1.,0.));
#3058 = ( GEOMETRIC_REPRESENTATION_CONTEXT(2) 
PARAMETRIC_REPRESENTATION_CONTEXT() REPRESENTATION_CONTEXT('2D SPACE',''
  ) );
#3059 = ORIENTED_EDGE('',*,*,#3060,.T.);
#3060 = EDGE_CURVE('',#3038,#3061,#3063,.T.);
#3061 = VERTEX_POINT('',#3062);
#3062 = CARTESIAN_POINT('',(14.863703305156,12.03527618041,3.6));
#3063 = SURFACE_CURVE('',#3064,(#3069,#3076),.PCURVE_S1.);
#3064 = CIRCLE('',#3065,4.);
#3065 = AXIS2_PLACEMENT_3D('',#3066,#3067,#3068);
#3066 = CARTESIAN_POINT('',(11.,11.,3.6));
#3067 = DIRECTION('',(0.,0.,1.));
#3068 = DIRECTION('',(0.,-1.,0.));
#3069 = PCURVE('',#741,#3070);
#3070 = DEFINITIONAL_REPRESENTATION('',(#3071),#3075);
#3071 = CIRCLE('',#3072,4.);
#3072 = AXIS2_PLACEMENT_2D('',#3073,#3074);
#3073 = CARTESIAN_POINT('',(11.,11.));
#3074 = DIRECTION('',(0.,-1.));
#3075 = ( GEOMETRIC_REPRESENTATION_CONTEXT(2) 
PARAMETRIC_REPRESENTATION_CONTEXT() REPRESENTATION_CONTEXT('2D SPACE',''
  ) );
#3076 = PCURVE('',#2147,#3077);
#3077 = DEFINITIONAL_REPRESENTATION('',(#3078),#3082);
#3078 = LINE('',#3079,#3080);
#3079 = CARTESIAN_POINT('',(-1.570796326795,1.6));
#3080 = VECTOR('',#3081,1.);
#3081 = DIRECTION('',(1.,0.));
#3082 = ( GEOMETRIC_REPRESENTATION_CONTEXT(2) 
PARAMETRIC_REPRESENTATION_CONTEXT() REPRESENTATION_CONTEXT('2D SPACE',''
  ) );
#3083 = ORIENTED_EDGE('',*,*,#3084,.T.);
#3084 = EDGE_CURVE('',#3061,#3085,#3087,.T.);
#3085 = VERTEX_POINT('',#3086);
#3086 = CARTESIAN_POINT('',(15.253368010603,12.424940885856,3.6));
#3087 = SURFACE_CURVE('',#3088,(#3092,#3099),.PCURVE_S1.);
#3088 = LINE('',#3089,#3090);
#3089 = CARTESIAN_POINT('',(1.414213562373,-1.414213562373,3.6));
#3090 = VECTOR('',#3091,1.);
#3091 = DIRECTION('',(0.707106781187,0.707106781187,0.));
#3092 = PCURVE('',#741,#3093);
#3093 = DEFINITIONAL_REPRESENTATION('',(#3094),#3098);
#3094 = LINE('',#3095,#3096);
#3095 = CARTESIAN_POINT('',(1.414213562373,-1.414213562373));
#3096 = VECTOR('',#3097,1.);
#3097 = DIRECTION('',(0.707106781187,0.707106781187));
#3098 = ( GEOMETRIC_REPRESENTATION_CONTEXT(2) 
PARAMETRIC_REPRESENTATION_CONTEXT() REPRESENTATION_CONTEXT('2D SPACE',''
  ) );
#3099 = PCURVE('',#2175,#3100);
#3100 = DEFINITIONAL_REPRESENTATION('',(#3101),#3105);
#3101 = LINE('',#3102,#3103);
#3102 = CARTESIAN_POINT('',(1.6,0.));
#3103 = VECTOR('',#3104,1.);
#3104 = DIRECTION('',(0.,1.));
#3105 = ( GEOMETRIC_REPRESENTATION_CONTEXT(2) 
PARAMETRIC_REPRESENTATION_CONTEXT() REPRESENTATION_CONTEXT('2D SPACE',''
  ) );
#3106 = ORIENTED_EDGE('',*,*,#3107,.F.);
#3107 = EDGE_CURVE('',#3108,#3085,#3110,.T.);
#3108 = VERTEX_POINT('',#3109);
#3109 = CARTESIAN_POINT('',(13.999541165278,13.57984750182,3.6));
#3110 = SURFACE_CURVE('',#3111,(#3116,#3123),.PCURVE_S1.);
#3111 = CIRCLE('',#3112,28.);
#3112 = AXIS2_PLACEMENT_3D('',#3113,#3114,#3115);
#3113 = CARTESIAN_POINT('',(33.587572106361,33.587572106361,3.6));
#3114 = DIRECTION('',(0.,0.,1.));
#3115 = DIRECTION('',(1.,0.,-0.));
#3116 = PCURVE('',#741,#3117);
#3117 = DEFINITIONAL_REPRESENTATION('',(#3118),#3122);
#3118 = CIRCLE('',#3119,28.);
#3119 = AXIS2_PLACEMENT_2D('',#3120,#3121);
#3120 = CARTESIAN_POINT('',(33.587572106361,33.587572106361));
#3121 = DIRECTION('',(1.,0.));
#3122 = ( GEOMETRIC_REPRESENTATION_CONTEXT(2) 
PARAMETRIC_REPRESENTATION_CONTEXT() REPRESENTATION_CONTEXT('2D SPACE',''
  ) );
#3123 = PCURVE('',#2204,#3124);
#3124 = DEFINITIONAL_REPRESENTATION('',(#3125),#3129);
#3125 = LINE('',#3126,#3127);
#3126 = CARTESIAN_POINT('',(0.,3.6));
#3127 = VECTOR('',#3128,1.);
#3128 = DIRECTION('',(1.,0.));
#3129 = ( GEOMETRIC_REPRESENTATION_CONTEXT(2) 
PARAMETRIC_REPRESENTATION_CONTEXT() REPRESENTATION_CONTEXT('2D SPACE',''
  ) );
#3130 = ORIENTED_EDGE('',*,*,#3131,.T.);
#3131 = EDGE_CURVE('',#3108,#3132,#3134,.T.);
#3132 = VERTEX_POINT('',#3133);
#3133 = CARTESIAN_POINT('',(13.57984750182,13.999541165278,3.6));
#3134 = SURFACE_CURVE('',#3135,(#3140,#3151),.PCURVE_S1.);
#3135 = CIRCLE('',#3136,1.5);
#3136 = AXIS2_PLACEMENT_3D('',#3137,#3138,#3139);
#3137 = CARTESIAN_POINT('',(12.75,12.75,3.6));
#3138 = DIRECTION('',(0.,0.,-1.));
#3139 = DIRECTION('',(0.833027443518,0.55323166788,0.));
#3140 = PCURVE('',#741,#3141);
#3141 = DEFINITIONAL_REPRESENTATION('',(#3142),#3150);
#3142 = ( BOUNDED_CURVE() B_SPLINE_CURVE(2,(#3143,#3144,#3145,#3146,
#3147,#3148,#3149),.UNSPECIFIED.,.T.,.F.) B_SPLINE_CURVE_WITH_KNOTS((1,2
    ,2,2,2,1),(-2.094395102393,0.,2.094395102393,4.188790204786,
6.28318530718,8.377580409573),.UNSPECIFIED.) CURVE() 
GEOMETRIC_REPRESENTATION_ITEM() RATIONAL_B_SPLINE_CURVE((1.,0.5,1.,0.5,
1.,0.5,1.)) REPRESENTATION_ITEM('') );
#3143 = CARTESIAN_POINT('',(13.999541165278,13.57984750182));
#3144 = CARTESIAN_POINT('',(15.436879200964,11.41557871741));
#3145 = CARTESIAN_POINT('',(12.843898435204,11.252941856885));
#3146 = CARTESIAN_POINT('',(10.250917669445,11.09030499636));
#3147 = CARTESIAN_POINT('',(11.406560399518,13.417210641295));
#3148 = CARTESIAN_POINT('',(12.562203129591,15.744116286229));
#3149 = CARTESIAN_POINT('',(13.999541165278,13.57984750182));
#3150 = ( GEOMETRIC_REPRESENTATION_CONTEXT(2) 
PARAMETRIC_REPRESENTATION_CONTEXT() REPRESENTATION_CONTEXT('2D SPACE',''
  ) );
#3151 = PCURVE('',#2233,#3152);
#3152 = DEFINITIONAL_REPRESENTATION('',(#3153),#3157);
#3153 = LINE('',#3154,#3155);
#3154 = CARTESIAN_POINT('',(-6.869423995528,-4.6));
#3155 = VECTOR('',#3156,1.);
#3156 = DIRECTION('',(1.,-0.));
#3157 = ( GEOMETRIC_REPRESENTATION_CONTEXT(2) 
PARAMETRIC_REPRESENTATION_CONTEXT() REPRESENTATION_CONTEXT('2D SPACE',''
  ) );
#3158 = ORIENTED_EDGE('',*,*,#3159,.F.);
#3159 = EDGE_CURVE('',#3160,#3132,#3162,.T.);
#3160 = VERTEX_POINT('',#3161);
#3161 = CARTESIAN_POINT('',(12.424940885856,15.253368010603,3.6));
#3162 = SURFACE_CURVE('',#3163,(#3168,#3175),.PCURVE_S1.);
#3163 = CIRCLE('',#3164,28.);
#3164 = AXIS2_PLACEMENT_3D('',#3165,#3166,#3167);
#3165 = CARTESIAN_POINT('',(33.587572106361,33.587572106361,3.6));
#3166 = DIRECTION('',(0.,0.,1.));
#3167 = DIRECTION('',(1.,0.,-0.));
#3168 = PCURVE('',#741,#3169);
#3169 = DEFINITIONAL_REPRESENTATION('',(#3170),#3174);
#3170 = CIRCLE('',#3171,28.);
#3171 = AXIS2_PLACEMENT_2D('',#3172,#3173);
#3172 = CARTESIAN_POINT('',(33.587572106361,33.587572106361));
#3173 = DIRECTION('',(1.,0.));
#3174 = ( GEOMETRIC_REPRESENTATION_CONTEXT(2) 
PARAMETRIC_REPRESENTATION_CONTEXT() REPRESENTATION_CONTEXT('2D SPACE',''
  ) );
#3175 = PCURVE('',#2204,#3176);
#3176 = DEFINITIONAL_REPRESENTATION('',(#3177),#3181);
#3177 = LINE('',#3178,#3179);
#3178 = CARTESIAN_POINT('',(0.,3.6));
#3179 = VECTOR('',#3180,1.);
#3180 = DIRECTION('',(1.,0.));
#3181 = ( GEOMETRIC_REPRESENTATION_CONTEXT(2) 
PARAMETRIC_REPRESENTATION_CONTEXT() REPRESENTATION_CONTEXT('2D SPACE',''
  ) );
#3182 = ORIENTED_EDGE('',*,*,#3183,.F.);
#3183 = EDGE_CURVE('',#3184,#3160,#3186,.T.);
#3184 = VERTEX_POINT('',#3185);
#3185 = CARTESIAN_POINT('',(12.03527618041,14.863703305156,3.6));
#3186 = SURFACE_CURVE('',#3187,(#3191,#3198),.PCURVE_S1.);
#3187 = LINE('',#3188,#3189);
#3188 = CARTESIAN_POINT('',(-1.414213562373,1.414213562373,3.6));
#3189 = VECTOR('',#3190,1.);
#3190 = DIRECTION('',(0.707106781187,0.707106781187,0.));
#3191 = PCURVE('',#741,#3192);
#3192 = DEFINITIONAL_REPRESENTATION('',(#3193),#3197);
#3193 = LINE('',#3194,#3195);
#3194 = CARTESIAN_POINT('',(-1.414213562373,1.414213562373));
#3195 = VECTOR('',#3196,1.);
#3196 = DIRECTION('',(0.707106781187,0.707106781187));
#3197 = ( GEOMETRIC_REPRESENTATION_CONTEXT(2) 
PARAMETRIC_REPRESENTATION_CONTEXT() REPRESENTATION_CONTEXT('2D SPACE',''
  ) );
#3198 = PCURVE('',#2285,#3199);
#3199 = DEFINITIONAL_REPRESENTATION('',(#3200),#3204);
#3200 = LINE('',#3201,#3202);
#3201 = CARTESIAN_POINT('',(1.6,0.));
#3202 = VECTOR('',#3203,1.);
#3203 = DIRECTION('',(0.,1.));
#3204 = ( GEOMETRIC_REPRESENTATION_CONTEXT(2) 
PARAMETRIC_REPRESENTATION_CONTEXT() REPRESENTATION_CONTEXT('2D SPACE',''
  ) );
#3205 = ORIENTED_EDGE('',*,*,#3206,.T.);
#3206 = EDGE_CURVE('',#3184,#3207,#3209,.T.);
#3207 = VERTEX_POINT('',#3208);
#3208 = CARTESIAN_POINT('',(11.,15.,3.6));
#3209 = SURFACE_CURVE('',#3210,(#3215,#3222),.PCURVE_S1.);
#3210 = CIRCLE('',#3211,4.);
#3211 = AXIS2_PLACEMENT_3D('',#3212,#3213,#3214);
#3212 = CARTESIAN_POINT('',(11.,11.,3.6));
#3213 = DIRECTION('',(0.,0.,1.));
#3214 = DIRECTION('',(0.,-1.,0.));
#3215 = PCURVE('',#741,#3216);
#3216 = DEFINITIONAL_REPRESENTATION('',(#3217),#3221);
#3217 = CIRCLE('',#3218,4.);
#3218 = AXIS2_PLACEMENT_2D('',#3219,#3220);
#3219 = CARTESIAN_POINT('',(11.,11.));
#3220 = DIRECTION('',(0.,-1.));
#3221 = ( GEOMETRIC_REPRESENTATION_CONTEXT(2) 
PARAMETRIC_REPRESENTATION_CONTEXT() REPRESENTATION_CONTEXT('2D SPACE',''
  ) );
#3222 = PCURVE('',#2314,#3223);
#3223 = DEFINITIONAL_REPRESENTATION('',(#3224),#3228);
#3224 = LINE('',#3225,#3226);
#3225 = CARTESIAN_POINT('',(-1.570796326795,1.6));
#3226 = VECTOR('',#3227,1.);
#3227 = DIRECTION('',(1.,0.));
#3228 = ( GEOMETRIC_REPRESENTATION_CONTEXT(2) 
PARAMETRIC_REPRESENTATION_CONTEXT() REPRESENTATION_CONTEXT('2D SPACE',''
  ) );
#3229 = ORIENTED_EDGE('',*,*,#3230,.T.);
#3230 = EDGE_CURVE('',#3207,#3231,#3233,.T.);
#3231 = VERTEX_POINT('',#3232);
#3232 = CARTESIAN_POINT('',(-11.,15.,3.6));
#3233 = SURFACE_CURVE('',#3234,(#3238,#3245),.PCURVE_S1.);
#3234 = LINE('',#3235,#3236);
#3235 = CARTESIAN_POINT('',(15.,15.,3.6));
#3236 = VECTOR('',#3237,1.);
#3237 = DIRECTION('',(-1.,0.,0.));
#3238 = PCURVE('',#741,#3239);
#3239 = DEFINITIONAL_REPRESENTATION('',(#3240),#3244);
#3240 = LINE('',#3241,#3242);
#3241 = CARTESIAN_POINT('',(15.,15.));
#3242 = VECTOR('',#3243,1.);
#3243 = DIRECTION('',(-1.,0.));
#3244 = ( GEOMETRIC_REPRESENTATION_CONTEXT(2) 
PARAMETRIC_REPRESENTATION_CONTEXT() REPRESENTATION_CONTEXT('2D SPACE',''
  ) );
#3245 = PCURVE('',#2342,#3246);
#3246 = DEFINITIONAL_REPRESENTATION('',(#3247),#3251);
#3247 = LINE('',#3248,#3249);
#3248 = CARTESIAN_POINT('',(0.,-1.6));
#3249 = VECTOR('',#3250,1.);
#3250 = DIRECTION('',(1.,0.));
#3251 = ( GEOMETRIC_REPRESENTATION_CONTEXT(2) 
PARAMETRIC_REPRESENTATION_CONTEXT() REPRESENTATION_CONTEXT('2D SPACE',''
  ) );
#3252 = ORIENTED_EDGE('',*,*,#3253,.T.);
#3253 = EDGE_CURVE('',#3231,#3254,#3256,.T.);
#3254 = VERTEX_POINT('',#3255);
#3255 = CARTESIAN_POINT('',(-12.03527618041,14.863703305156,3.6));
#3256 = SURFACE_CURVE('',#3257,(#3262,#3269),.PCURVE_S1.);
#3257 = CIRCLE('',#3258,4.);
#3258 = AXIS2_PLACEMENT_3D('',#3259,#3260,#3261);
#3259 = CARTESIAN_POINT('',(-11.,11.,3.6));
#3260 = DIRECTION('',(0.,0.,1.));
#3261 = DIRECTION('',(0.,-1.,0.));
#3262 = PCURVE('',#741,#3263);
#3263 = DEFINITIONAL_REPRESENTATION('',(#3264),#3268);
#3264 = CIRCLE('',#3265,4.);
#3265 = AXIS2_PLACEMENT_2D('',#3266,#3267);
#3266 = CARTESIAN_POINT('',(-11.,11.));
#3267 = DIRECTION('',(0.,-1.));
#3268 = ( GEOMETRIC_REPRESENTATION_CONTEXT(2) 
PARAMETRIC_REPRESENTATION_CONTEXT() REPRESENTATION_CONTEXT('2D SPACE',''
  ) );
#3269 = PCURVE('',#2371,#3270);
#3270 = DEFINITIONAL_REPRESENTATION('',(#3271),#3275);
#3271 = LINE('',#3272,#3273);
#3272 = CARTESIAN_POINT('',(-3.14159265359,1.6));
#3273 = VECTOR('',#3274,1.);
#3274 = DIRECTION('',(1.,0.));
#3275 = ( GEOMETRIC_REPRESENTATION_CONTEXT(2) 
PARAMETRIC_REPRESENTATION_CONTEXT() REPRESENTATION_CONTEXT('2D SPACE',''
  ) );
#3276 = ORIENTED_EDGE('',*,*,#3277,.T.);
#3277 = EDGE_CURVE('',#3254,#3278,#3280,.T.);
#3278 = VERTEX_POINT('',#3279);
#3279 = CARTESIAN_POINT('',(-12.42494088585,15.253368010603,3.6));
#3280 = SURFACE_CURVE('',#3281,(#3285,#3292),.PCURVE_S1.);
#3281 = LINE('',#3282,#3283);
#3282 = CARTESIAN_POINT('',(1.414213562373,1.414213562373,3.6));
#3283 = VECTOR('',#3284,1.);
#3284 = DIRECTION('',(-0.707106781187,0.707106781187,0.));
#3285 = PCURVE('',#741,#3286);
#3286 = DEFINITIONAL_REPRESENTATION('',(#3287),#3291);
#3287 = LINE('',#3288,#3289);
#3288 = CARTESIAN_POINT('',(1.414213562373,1.414213562373));
#3289 = VECTOR('',#3290,1.);
#3290 = DIRECTION('',(-0.707106781187,0.707106781187));
#3291 = ( GEOMETRIC_REPRESENTATION_CONTEXT(2) 
PARAMETRIC_REPRESENTATION_CONTEXT() REPRESENTATION_CONTEXT('2D SPACE',''
  ) );
#3292 = PCURVE('',#2399,#3293);
#3293 = DEFINITIONAL_REPRESENTATION('',(#3294),#3298);
#3294 = LINE('',#3295,#3296);
#3295 = CARTESIAN_POINT('',(1.6,0.));
#3296 = VECTOR('',#3297,1.);
#3297 = DIRECTION('',(0.,1.));
#3298 = ( GEOMETRIC_REPRESENTATION_CONTEXT(2) 
PARAMETRIC_REPRESENTATION_CONTEXT() REPRESENTATION_CONTEXT('2D SPACE',''
  ) );
#3299 = ORIENTED_EDGE('',*,*,#3300,.F.);
#3300 = EDGE_CURVE('',#3301,#3278,#3303,.T.);
#3301 = VERTEX_POINT('',#3302);
#3302 = CARTESIAN_POINT('',(-13.57984750182,13.999541165278,3.6));
#3303 = SURFACE_CURVE('',#3304,(#3309,#3316),.PCURVE_S1.);
#3304 = CIRCLE('',#3305,28.);
#3305 = AXIS2_PLACEMENT_3D('',#3306,#3307,#3308);
#3306 = CARTESIAN_POINT('',(-33.58757210636,33.587572106361,3.6));
#3307 = DIRECTION('',(0.,0.,1.));
#3308 = DIRECTION('',(1.,0.,-0.));
#3309 = PCURVE('',#741,#3310);
#3310 = DEFINITIONAL_REPRESENTATION('',(#3311),#3315);
#3311 = CIRCLE('',#3312,28.);
#3312 = AXIS2_PLACEMENT_2D('',#3313,#3314);
#3313 = CARTESIAN_POINT('',(-33.58757210636,33.587572106361));
#3314 = DIRECTION('',(1.,0.));
#3315 = ( GEOMETRIC_REPRESENTATION_CONTEXT(2) 
PARAMETRIC_REPRESENTATION_CONTEXT() REPRESENTATION_CONTEXT('2D SPACE',''
  ) );
#3316 = PCURVE('',#2428,#3317);
#3317 = DEFINITIONAL_REPRESENTATION('',(#3318),#3322);
#3318 = LINE('',#3319,#3320);
#3319 = CARTESIAN_POINT('',(0.,3.6));
#3320 = VECTOR('',#3321,1.);
#3321 = DIRECTION('',(1.,0.));
#3322 = ( GEOMETRIC_REPRESENTATION_CONTEXT(2) 
PARAMETRIC_REPRESENTATION_CONTEXT() REPRESENTATION_CONTEXT('2D SPACE',''
  ) );
#3323 = ORIENTED_EDGE('',*,*,#3324,.T.);
#3324 = EDGE_CURVE('',#3301,#3325,#3327,.T.);
#3325 = VERTEX_POINT('',#3326);
#3326 = CARTESIAN_POINT('',(-13.99954116527,13.57984750182,3.6));
#3327 = SURFACE_CURVE('',#3328,(#3333,#3344),.PCURVE_S1.);
#3328 = CIRCLE('',#3329,1.5);
#3329 = AXIS2_PLACEMENT_3D('',#3330,#3331,#3332);
#3330 = CARTESIAN_POINT('',(-12.75,12.75,3.6));
#3331 = DIRECTION('',(0.,0.,-1.));
#3332 = DIRECTION('',(-0.55323166788,0.833027443518,0.));
#3333 = PCURVE('',#741,#3334);
#3334 = DEFINITIONAL_REPRESENTATION('',(#3335),#3343);
#3335 = ( BOUNDED_CURVE() B_SPLINE_CURVE(2,(#3336,#3337,#3338,#3339,
#3340,#3341,#3342),.UNSPECIFIED.,.T.,.F.) B_SPLINE_CURVE_WITH_KNOTS((1,2
    ,2,2,2,1),(-2.094395102393,0.,2.094395102393,4.188790204786,
6.28318530718,8.377580409573),.UNSPECIFIED.) CURVE() 
GEOMETRIC_REPRESENTATION_ITEM() RATIONAL_B_SPLINE_CURVE((1.,0.5,1.,0.5,
1.,0.5,1.)) REPRESENTATION_ITEM('') );
#3336 = CARTESIAN_POINT('',(-13.57984750182,13.999541165278));
#3337 = CARTESIAN_POINT('',(-11.41557871741,15.436879200964));
#3338 = CARTESIAN_POINT('',(-11.25294185688,12.843898435204));
#3339 = CARTESIAN_POINT('',(-11.09030499636,10.250917669445));
#3340 = CARTESIAN_POINT('',(-13.41721064129,11.406560399518));
#3341 = CARTESIAN_POINT('',(-15.74411628622,12.562203129591));
#3342 = CARTESIAN_POINT('',(-13.57984750182,13.999541165278));
#3343 = ( GEOMETRIC_REPRESENTATION_CONTEXT(2) 
PARAMETRIC_REPRESENTATION_CONTEXT() REPRESENTATION_CONTEXT('2D SPACE',''
  ) );
#3344 = PCURVE('',#2457,#3345);
#3345 = DEFINITIONAL_REPRESENTATION('',(#3346),#3350);
#3346 = LINE('',#3347,#3348);
#3347 = CARTESIAN_POINT('',(-8.440220322323,-4.6));
#3348 = VECTOR('',#3349,1.);
#3349 = DIRECTION('',(1.,-0.));
#3350 = ( GEOMETRIC_REPRESENTATION_CONTEXT(2) 
PARAMETRIC_REPRESENTATION_CONTEXT() REPRESENTATION_CONTEXT('2D SPACE',''
  ) );
#3351 = ORIENTED_EDGE('',*,*,#3352,.F.);
#3352 = EDGE_CURVE('',#3353,#3325,#3355,.T.);
#3353 = VERTEX_POINT('',#3354);
#3354 = CARTESIAN_POINT('',(-15.2533680106,12.424940885856,3.6));
#3355 = SURFACE_CURVE('',#3356,(#3361,#3368),.PCURVE_S1.);
#3356 = CIRCLE('',#3357,28.);
#3357 = AXIS2_PLACEMENT_3D('',#3358,#3359,#3360);
#3358 = CARTESIAN_POINT('',(-33.58757210636,33.587572106361,3.6));
#3359 = DIRECTION('',(0.,0.,1.));
#3360 = DIRECTION('',(1.,0.,-0.));
#3361 = PCURVE('',#741,#3362);
#3362 = DEFINITIONAL_REPRESENTATION('',(#3363),#3367);
#3363 = CIRCLE('',#3364,28.);
#3364 = AXIS2_PLACEMENT_2D('',#3365,#3366);
#3365 = CARTESIAN_POINT('',(-33.58757210636,33.587572106361));
#3366 = DIRECTION('',(1.,0.));
#3367 = ( GEOMETRIC_REPRESENTATION_CONTEXT(2) 
PARAMETRIC_REPRESENTATION_CONTEXT() REPRESENTATION_CONTEXT('2D SPACE',''
  ) );
#3368 = PCURVE('',#2428,#3369);
#3369 = DEFINITIONAL_REPRESENTATION('',(#3370),#3374);
#3370 = LINE('',#3371,#3372);
#3371 = CARTESIAN_POINT('',(0.,3.6));
#3372 = VECTOR('',#3373,1.);
#3373 = DIRECTION('',(1.,0.));
#3374 = ( GEOMETRIC_REPRESENTATION_CONTEXT(2) 
PARAMETRIC_REPRESENTATION_CONTEXT() REPRESENTATION_CONTEXT('2D SPACE',''
  ) );
#3375 = ORIENTED_EDGE('',*,*,#3376,.F.);
#3376 = EDGE_CURVE('',#3377,#3353,#3379,.T.);
#3377 = VERTEX_POINT('',#3378);
#3378 = CARTESIAN_POINT('',(-14.86370330515,12.03527618041,3.6));
#3379 = SURFACE_CURVE('',#3380,(#3384,#3391),.PCURVE_S1.);
#3380 = LINE('',#3381,#3382);
#3381 = CARTESIAN_POINT('',(-1.414213562373,-1.414213562373,3.6));
#3382 = VECTOR('',#3383,1.);
#3383 = DIRECTION('',(-0.707106781187,0.707106781187,0.));
#3384 = PCURVE('',#741,#3385);
#3385 = DEFINITIONAL_REPRESENTATION('',(#3386),#3390);
#3386 = LINE('',#3387,#3388);
#3387 = CARTESIAN_POINT('',(-1.414213562373,-1.414213562373));
#3388 = VECTOR('',#3389,1.);
#3389 = DIRECTION('',(-0.707106781187,0.707106781187));
#3390 = ( GEOMETRIC_REPRESENTATION_CONTEXT(2) 
PARAMETRIC_REPRESENTATION_CONTEXT() REPRESENTATION_CONTEXT('2D SPACE',''
  ) );
#3391 = PCURVE('',#2509,#3392);
#3392 = DEFINITIONAL_REPRESENTATION('',(#3393),#3397);
#3393 = LINE('',#3394,#3395);
#3394 = CARTESIAN_POINT('',(1.6,0.));
#3395 = VECTOR('',#3396,1.);
#3396 = DIRECTION('',(0.,1.));
#3397 = ( GEOMETRIC_REPRESENTATION_CONTEXT(2) 
PARAMETRIC_REPRESENTATION_CONTEXT() REPRESENTATION_CONTEXT('2D SPACE',''
  ) );
#3398 = ORIENTED_EDGE('',*,*,#3399,.T.);
#3399 = EDGE_CURVE('',#3377,#3400,#3402,.T.);
#3400 = VERTEX_POINT('',#3401);
#3401 = CARTESIAN_POINT('',(-15.,11.,3.6));
#3402 = SURFACE_CURVE('',#3403,(#3408,#3415),.PCURVE_S1.);
#3403 = CIRCLE('',#3404,4.);
#3404 = AXIS2_PLACEMENT_3D('',#3405,#3406,#3407);
#3405 = CARTESIAN_POINT('',(-11.,11.,3.6));
#3406 = DIRECTION('',(0.,0.,1.));
#3407 = DIRECTION('',(0.,-1.,0.));
#3408 = PCURVE('',#741,#3409);
#3409 = DEFINITIONAL_REPRESENTATION('',(#3410),#3414);
#3410 = CIRCLE('',#3411,4.);
#3411 = AXIS2_PLACEMENT_2D('',#3412,#3413);
#3412 = CARTESIAN_POINT('',(-11.,11.));
#3413 = DIRECTION('',(0.,-1.));
#3414 = ( GEOMETRIC_REPRESENTATION_CONTEXT(2) 
PARAMETRIC_REPRESENTATION_CONTEXT() REPRESENTATION_CONTEXT('2D SPACE',''
  ) );
#3415 = PCURVE('',#2538,#3416);
#3416 = DEFINITIONAL_REPRESENTATION('',(#3417),#3421);
#3417 = LINE('',#3418,#3419);
#3418 = CARTESIAN_POINT('',(-3.14159265359,1.6));
#3419 = VECTOR('',#3420,1.);
#3420 = DIRECTION('',(1.,0.));
#3421 = ( GEOMETRIC_REPRESENTATION_CONTEXT(2) 
PARAMETRIC_REPRESENTATION_CONTEXT() REPRESENTATION_CONTEXT('2D SPACE',''
  ) );
#3422 = ORIENTED_EDGE('',*,*,#3423,.T.);
#3423 = EDGE_CURVE('',#3400,#3424,#3426,.T.);
#3424 = VERTEX_POINT('',#3425);
#3425 = CARTESIAN_POINT('',(-15.,-11.,3.6));
#3426 = SURFACE_CURVE('',#3427,(#3431,#3438),.PCURVE_S1.);
#3427 = LINE('',#3428,#3429);
#3428 = CARTESIAN_POINT('',(-15.,15.,3.6));
#3429 = VECTOR('',#3430,1.);
#3430 = DIRECTION('',(0.,-1.,0.));
#3431 = PCURVE('',#741,#3432);
#3432 = DEFINITIONAL_REPRESENTATION('',(#3433),#3437);
#3433 = LINE('',#3434,#3435);
#3434 = CARTESIAN_POINT('',(-15.,15.));
#3435 = VECTOR('',#3436,1.);
#3436 = DIRECTION('',(0.,-1.));
#3437 = ( GEOMETRIC_REPRESENTATION_CONTEXT(2) 
PARAMETRIC_REPRESENTATION_CONTEXT() REPRESENTATION_CONTEXT('2D SPACE',''
  ) );
#3438 = PCURVE('',#2566,#3439);
#3439 = DEFINITIONAL_REPRESENTATION('',(#3440),#3444);
#3440 = LINE('',#3441,#3442);
#3441 = CARTESIAN_POINT('',(0.,-1.6));
#3442 = VECTOR('',#3443,1.);
#3443 = DIRECTION('',(1.,0.));
#3444 = ( GEOMETRIC_REPRESENTATION_CONTEXT(2) 
PARAMETRIC_REPRESENTATION_CONTEXT() REPRESENTATION_CONTEXT('2D SPACE',''
  ) );
#3445 = ORIENTED_EDGE('',*,*,#3446,.F.);
#3446 = EDGE_CURVE('',#3447,#3424,#3449,.T.);
#3447 = VERTEX_POINT('',#3448);
#3448 = CARTESIAN_POINT('',(-14.86370330515,-12.03527618041,3.6));
#3449 = SURFACE_CURVE('',#3450,(#3455,#3466),.PCURVE_S1.);
#3450 = CIRCLE('',#3451,4.);
#3451 = AXIS2_PLACEMENT_3D('',#3452,#3453,#3454);
#3452 = CARTESIAN_POINT('',(-11.,-11.,3.6));
#3453 = DIRECTION('',(-0.,-0.,-1.));
#3454 = DIRECTION('',(0.,-1.,0.));
#3455 = PCURVE('',#741,#3456);
#3456 = DEFINITIONAL_REPRESENTATION('',(#3457),#3465);
#3457 = ( BOUNDED_CURVE() B_SPLINE_CURVE(2,(#3458,#3459,#3460,#3461,
#3462,#3463,#3464),.UNSPECIFIED.,.T.,.F.) B_SPLINE_CURVE_WITH_KNOTS((1,2
    ,2,2,2,1),(-2.094395102393,0.,2.094395102393,4.188790204786,
6.28318530718,8.377580409573),.UNSPECIFIED.) CURVE() 
GEOMETRIC_REPRESENTATION_ITEM() RATIONAL_B_SPLINE_CURVE((1.,0.5,1.,0.5,
1.,0.5,1.)) REPRESENTATION_ITEM('') );
#3458 = CARTESIAN_POINT('',(-11.,-15.));
#3459 = CARTESIAN_POINT('',(-17.92820323027,-15.));
#3460 = CARTESIAN_POINT('',(-14.46410161513,-9.));
#3461 = CARTESIAN_POINT('',(-11.,-3.));
#3462 = CARTESIAN_POINT('',(-7.535898384862,-9.));
#3463 = CARTESIAN_POINT('',(-4.071796769724,-15.));
#3464 = CARTESIAN_POINT('',(-11.,-15.));
#3465 = ( GEOMETRIC_REPRESENTATION_CONTEXT(2) 
PARAMETRIC_REPRESENTATION_CONTEXT() REPRESENTATION_CONTEXT('2D SPACE',''
  ) );
#3466 = PCURVE('',#2599,#3467);
#3467 = DEFINITIONAL_REPRESENTATION('',(#3468),#3472);
#3468 = LINE('',#3469,#3470);
#3469 = CARTESIAN_POINT('',(-0.,1.6));
#3470 = VECTOR('',#3471,1.);
#3471 = DIRECTION('',(-1.,0.));
#3472 = ( GEOMETRIC_REPRESENTATION_CONTEXT(2) 
PARAMETRIC_REPRESENTATION_CONTEXT() REPRESENTATION_CONTEXT('2D SPACE',''
  ) );
#3473 = ORIENTED_EDGE('',*,*,#3474,.T.);
#3474 = EDGE_CURVE('',#3447,#827,#3475,.T.);
#3475 = SURFACE_CURVE('',#3476,(#3480,#3487),.PCURVE_S1.);
#3476 = LINE('',#3477,#3478);
#3477 = CARTESIAN_POINT('',(-1.414213562373,1.414213562373,3.6));
#3478 = VECTOR('',#3479,1.);
#3479 = DIRECTION('',(-0.707106781187,-0.707106781187,0.));
#3480 = PCURVE('',#741,#3481);
#3481 = DEFINITIONAL_REPRESENTATION('',(#3482),#3486);
#3482 = LINE('',#3483,#3484);
#3483 = CARTESIAN_POINT('',(-1.414213562373,1.414213562373));
#3484 = VECTOR('',#3485,1.);
#3485 = DIRECTION('',(-0.707106781187,-0.707106781187));
#3486 = ( GEOMETRIC_REPRESENTATION_CONTEXT(2) 
PARAMETRIC_REPRESENTATION_CONTEXT() REPRESENTATION_CONTEXT('2D SPACE',''
  ) );
#3487 = PCURVE('',#863,#3488);
#3488 = DEFINITIONAL_REPRESENTATION('',(#3489),#3493);
#3489 = LINE('',#3490,#3491);
#3490 = CARTESIAN_POINT('',(1.6,0.));
#3491 = VECTOR('',#3492,1.);
#3492 = DIRECTION('',(0.,1.));
#3493 = ( GEOMETRIC_REPRESENTATION_CONTEXT(2) 
PARAMETRIC_REPRESENTATION_CONTEXT() REPRESENTATION_CONTEXT('2D SPACE',''
  ) );
#3494 = ORIENTED_EDGE('',*,*,#826,.F.);
#3495 = ORIENTED_EDGE('',*,*,#2786,.F.);
#3496 = ORIENTED_EDGE('',*,*,#724,.F.);
#3497 = ORIENTED_EDGE('',*,*,#3498,.F.);
#3498 = EDGE_CURVE('',#2817,#699,#3499,.T.);
#3499 = SURFACE_CURVE('',#3500,(#3504,#3511),.PCURVE_S1.);
#3500 = LINE('',#3501,#3502);
#3501 = CARTESIAN_POINT('',(1.414213562373,-1.414213562373,3.6));
#3502 = VECTOR('',#3503,1.);
#3503 = DIRECTION('',(-0.707106781187,-0.707106781187,0.));
#3504 = PCURVE('',#741,#3505);
#3505 = DEFINITIONAL_REPRESENTATION('',(#3506),#3510);
#3506 = LINE('',#3507,#3508);
#3507 = CARTESIAN_POINT('',(1.414213562373,-1.414213562373));
#3508 = VECTOR('',#3509,1.);
#3509 = DIRECTION('',(-0.707106781187,-0.707106781187));
#3510 = ( GEOMETRIC_REPRESENTATION_CONTEXT(2) 
PARAMETRIC_REPRESENTATION_CONTEXT() REPRESENTATION_CONTEXT('2D SPACE',''
  ) );
#3511 = PCURVE('',#713,#3512);
#3512 = DEFINITIONAL_REPRESENTATION('',(#3513),#3517);
#3513 = LINE('',#3514,#3515);
#3514 = CARTESIAN_POINT('',(1.6,0.));
#3515 = VECTOR('',#3516,1.);
#3516 = DIRECTION('',(0.,1.));
#3517 = ( GEOMETRIC_REPRESENTATION_CONTEXT(2) 
PARAMETRIC_REPRESENTATION_CONTEXT() REPRESENTATION_CONTEXT('2D SPACE',''
  ) );
#3518 = FACE_BOUND('',#3519,.T.);
#3519 = EDGE_LOOP('',(#3520,#3543,#3564,#3585));
#3520 = ORIENTED_EDGE('',*,*,#3521,.T.);
#3521 = EDGE_CURVE('',#3522,#3524,#3526,.T.);
#3522 = VERTEX_POINT('',#3523);
#3523 = CARTESIAN_POINT('',(6.,5.,3.6));
#3524 = VERTEX_POINT('',#3525);
#3525 = CARTESIAN_POINT('',(6.,-5.,3.6));
#3526 = SURFACE_CURVE('',#3527,(#3531,#3537),.PCURVE_S1.);
#3527 = LINE('',#3528,#3529);
#3528 = CARTESIAN_POINT('',(6.,-2.5,3.6));
#3529 = VECTOR('',#3530,1.);
#3530 = DIRECTION('',(0.,-1.,0.));
#3531 = PCURVE('',#741,#3532);
#3532 = DEFINITIONAL_REPRESENTATION('',(#3533),#3536);
#3533 = B_SPLINE_CURVE_WITH_KNOTS('',1,(#3534,#3535),.UNSPECIFIED.,.F.,
  .F.,(2,2),(-7.5,2.5),.PIECEWISE_BEZIER_KNOTS.);
#3534 = CARTESIAN_POINT('',(6.,5.));
#3535 = CARTESIAN_POINT('',(6.,-5.));
#3536 = ( GEOMETRIC_REPRESENTATION_CONTEXT(2) 
PARAMETRIC_REPRESENTATION_CONTEXT() REPRESENTATION_CONTEXT('2D SPACE',''
  ) );
#3537 = PCURVE('',#2696,#3538);
#3538 = DEFINITIONAL_REPRESENTATION('',(#3539),#3542);
#3539 = B_SPLINE_CURVE_WITH_KNOTS('',1,(#3540,#3541),.UNSPECIFIED.,.F.,
  .F.,(2,2),(-7.5,2.5),.PIECEWISE_BEZIER_KNOTS.);
#3540 = CARTESIAN_POINT('',(10.,-4.6));
#3541 = CARTESIAN_POINT('',(0.,-4.6));
#3542 = ( GEOMETRIC_REPRESENTATION_CONTEXT(2) 
PARAMETRIC_REPRESENTATION_CONTEXT() REPRESENTATION_CONTEXT('2D SPACE',''
  ) );
#3543 = ORIENTED_EDGE('',*,*,#3544,.T.);
#3544 = EDGE_CURVE('',#3524,#3545,#3547,.T.);
#3545 = VERTEX_POINT('',#3546);
#3546 = CARTESIAN_POINT('',(-6.,-5.,3.6));
#3547 = SURFACE_CURVE('',#3548,(#3552,#3558),.PCURVE_S1.);
#3548 = LINE('',#3549,#3550);
#3549 = CARTESIAN_POINT('',(-3.,-5.,3.6));
#3550 = VECTOR('',#3551,1.);
#3551 = DIRECTION('',(-1.,0.,0.));
#3552 = PCURVE('',#741,#3553);
#3553 = DEFINITIONAL_REPRESENTATION('',(#3554),#3557);
#3554 = B_SPLINE_CURVE_WITH_KNOTS('',1,(#3555,#3556),.UNSPECIFIED.,.F.,
  .F.,(2,2),(-9.,3.),.PIECEWISE_BEZIER_KNOTS.);
#3555 = CARTESIAN_POINT('',(6.,-5.));
#3556 = CARTESIAN_POINT('',(-6.,-5.));
#3557 = ( GEOMETRIC_REPRESENTATION_CONTEXT(2) 
PARAMETRIC_REPRESENTATION_CONTEXT() REPRESENTATION_CONTEXT('2D SPACE',''
  ) );
#3558 = PCURVE('',#2722,#3559);
#3559 = DEFINITIONAL_REPRESENTATION('',(#3560),#3563);
#3560 = B_SPLINE_CURVE_WITH_KNOTS('',1,(#3561,#3562),.UNSPECIFIED.,.F.,
  .F.,(2,2),(-9.,3.),.PIECEWISE_BEZIER_KNOTS.);
#3561 = CARTESIAN_POINT('',(12.,-4.6));
#3562 = CARTESIAN_POINT('',(0.,-4.6));
#3563 = ( GEOMETRIC_REPRESENTATION_CONTEXT(2) 
PARAMETRIC_REPRESENTATION_CONTEXT() REPRESENTATION_CONTEXT('2D SPACE',''
  ) );
#3564 = ORIENTED_EDGE('',*,*,#3565,.T.);
#3565 = EDGE_CURVE('',#3545,#3566,#3568,.T.);
#3566 = VERTEX_POINT('',#3567);
#3567 = CARTESIAN_POINT('',(-6.,5.,3.6));
#3568 = SURFACE_CURVE('',#3569,(#3573,#3579),.PCURVE_S1.);
#3569 = LINE('',#3570,#3571);
#3570 = CARTESIAN_POINT('',(-6.,2.5,3.6));
#3571 = VECTOR('',#3572,1.);
#3572 = DIRECTION('',(-0.,1.,0.));
#3573 = PCURVE('',#741,#3574);
#3574 = DEFINITIONAL_REPRESENTATION('',(#3575),#3578);
#3575 = B_SPLINE_CURVE_WITH_KNOTS('',1,(#3576,#3577),.UNSPECIFIED.,.F.,
  .F.,(2,2),(-7.5,2.5),.PIECEWISE_BEZIER_KNOTS.);
#3576 = CARTESIAN_POINT('',(-6.,-5.));
#3577 = CARTESIAN_POINT('',(-6.,5.));
#3578 = ( GEOMETRIC_REPRESENTATION_CONTEXT(2) 
PARAMETRIC_REPRESENTATION_CONTEXT() REPRESENTATION_CONTEXT('2D SPACE',''
  ) );
#3579 = PCURVE('',#2748,#3580);
#3580 = DEFINITIONAL_REPRESENTATION('',(#3581),#3584);
#3581 = B_SPLINE_CURVE_WITH_KNOTS('',1,(#3582,#3583),.UNSPECIFIED.,.F.,
  .F.,(2,2),(-7.5,2.5),.PIECEWISE_BEZIER_KNOTS.);
#3582 = CARTESIAN_POINT('',(10.,-4.6));
#3583 = CARTESIAN_POINT('',(0.,-4.6));
#3584 = ( GEOMETRIC_REPRESENTATION_CONTEXT(2) 
PARAMETRIC_REPRESENTATION_CONTEXT() REPRESENTATION_CONTEXT('2D SPACE',''
  ) );
#3585 = ORIENTED_EDGE('',*,*,#3586,.T.);
#3586 = EDGE_CURVE('',#3566,#3522,#3587,.T.);
#3587 = SURFACE_CURVE('',#3588,(#3592,#3598),.PCURVE_S1.);
#3588 = LINE('',#3589,#3590);
#3589 = CARTESIAN_POINT('',(3.,5.,3.6));
#3590 = VECTOR('',#3591,1.);
#3591 = DIRECTION('',(1.,0.,-0.));
#3592 = PCURVE('',#741,#3593);
#3593 = DEFINITIONAL_REPRESENTATION('',(#3594),#3597);
#3594 = B_SPLINE_CURVE_WITH_KNOTS('',1,(#3595,#3596),.UNSPECIFIED.,.F.,
  .F.,(2,2),(-9.,3.),.PIECEWISE_BEZIER_KNOTS.);
#3595 = CARTESIAN_POINT('',(-6.,5.));
#3596 = CARTESIAN_POINT('',(6.,5.));
#3597 = ( GEOMETRIC_REPRESENTATION_CONTEXT(2) 
PARAMETRIC_REPRESENTATION_CONTEXT() REPRESENTATION_CONTEXT('2D SPACE',''
  ) );
#3598 = PCURVE('',#2772,#3599);
#3599 = DEFINITIONAL_REPRESENTATION('',(#3600),#3603);
#3600 = B_SPLINE_CURVE_WITH_KNOTS('',1,(#3601,#3602),.UNSPECIFIED.,.F.,
  .F.,(2,2),(-9.,3.),.PIECEWISE_BEZIER_KNOTS.);
#3601 = CARTESIAN_POINT('',(12.,-4.6));
#3602 = CARTESIAN_POINT('',(0.,-4.6));
#3603 = ( GEOMETRIC_REPRESENTATION_CONTEXT(2) 
PARAMETRIC_REPRESENTATION_CONTEXT() REPRESENTATION_CONTEXT('2D SPACE',''
  ) );
#3604 = ADVANCED_FACE('',(#3605),#713,.T.);
#3605 = FACE_BOUND('',#3606,.T.);
#3606 = EDGE_LOOP('',(#3607,#3608,#3627,#3628));
#3607 = ORIENTED_EDGE('',*,*,#2656,.F.);
#3608 = ORIENTED_EDGE('',*,*,#3609,.T.);
#3609 = EDGE_CURVE('',#1846,#2817,#3610,.T.);
#3610 = SURFACE_CURVE('',#3611,(#3615,#3621),.PCURVE_S1.);
#3611 = LINE('',#3612,#3613);
#3612 = CARTESIAN_POINT('',(-12.03527618041,-14.86370330515,2.));
#3613 = VECTOR('',#3614,1.);
#3614 = DIRECTION('',(0.,0.,1.));
#3615 = PCURVE('',#713,#3616);
#3616 = DEFINITIONAL_REPRESENTATION('',(#3617),#3620);
#3617 = B_SPLINE_CURVE_WITH_KNOTS('',1,(#3618,#3619),.UNSPECIFIED.,.F.,
  .F.,(2,2),(-5.999999999062E-07,1.6000006),.PIECEWISE_BEZIER_KNOTS.);
#3618 = CARTESIAN_POINT('',(-5.999999999062E-07,19.020450801242));
#3619 = CARTESIAN_POINT('',(1.6000006,19.020450801242));
#3620 = ( GEOMETRIC_REPRESENTATION_CONTEXT(2) 
PARAMETRIC_REPRESENTATION_CONTEXT() REPRESENTATION_CONTEXT('2D SPACE',''
  ) );
#3621 = PCURVE('',#1866,#3622);
#3622 = DEFINITIONAL_REPRESENTATION('',(#3623),#3626);
#3623 = B_SPLINE_CURVE_WITH_KNOTS('',1,(#3624,#3625),.UNSPECIFIED.,.F.,
  .F.,(2,2),(-5.999999999062E-07,1.6000006),.PIECEWISE_BEZIER_KNOTS.);
#3624 = CARTESIAN_POINT('',(-0.261799387799,-5.999999999062E-07));
#3625 = CARTESIAN_POINT('',(-0.261799387799,1.6000006));
#3626 = ( GEOMETRIC_REPRESENTATION_CONTEXT(2) 
PARAMETRIC_REPRESENTATION_CONTEXT() REPRESENTATION_CONTEXT('2D SPACE',''
  ) );
#3627 = ORIENTED_EDGE('',*,*,#3498,.T.);
#3628 = ORIENTED_EDGE('',*,*,#698,.F.);
#3629 = ADVANCED_FACE('',(#3630),#863,.F.);
#3630 = FACE_BOUND('',#3631,.F.);
#3631 = EDGE_LOOP('',(#3632,#3633,#3652,#3653));
#3632 = ORIENTED_EDGE('',*,*,#2611,.F.);
#3633 = ORIENTED_EDGE('',*,*,#3634,.T.);
#3634 = EDGE_CURVE('',#2579,#3447,#3635,.T.);
#3635 = SURFACE_CURVE('',#3636,(#3640,#3646),.PCURVE_S1.);
#3636 = LINE('',#3637,#3638);
#3637 = CARTESIAN_POINT('',(-14.86370330515,-12.03527618041,2.));
#3638 = VECTOR('',#3639,1.);
#3639 = DIRECTION('',(0.,0.,1.));
#3640 = PCURVE('',#863,#3641);
#3641 = DEFINITIONAL_REPRESENTATION('',(#3642),#3645);
#3642 = B_SPLINE_CURVE_WITH_KNOTS('',1,(#3643,#3644),.UNSPECIFIED.,.F.,
  .F.,(2,2),(-5.999999999062E-07,1.6000006),.PIECEWISE_BEZIER_KNOTS.);
#3643 = CARTESIAN_POINT('',(-5.999999999062E-07,19.020450801242));
#3644 = CARTESIAN_POINT('',(1.6000006,19.020450801242));
#3645 = ( GEOMETRIC_REPRESENTATION_CONTEXT(2) 
PARAMETRIC_REPRESENTATION_CONTEXT() REPRESENTATION_CONTEXT('2D SPACE',''
  ) );
#3646 = PCURVE('',#2599,#3647);
#3647 = DEFINITIONAL_REPRESENTATION('',(#3648),#3651);
#3648 = B_SPLINE_CURVE_WITH_KNOTS('',1,(#3649,#3650),.UNSPECIFIED.,.F.,
  .F.,(2,2),(-5.999999999062E-07,1.6000006),.PIECEWISE_BEZIER_KNOTS.);
#3649 = CARTESIAN_POINT('',(-1.308996938996,-5.999999999062E-07));
#3650 = CARTESIAN_POINT('',(-1.308996938996,1.6000006));
#3651 = ( GEOMETRIC_REPRESENTATION_CONTEXT(2) 
PARAMETRIC_REPRESENTATION_CONTEXT() REPRESENTATION_CONTEXT('2D SPACE',''
  ) );
#3652 = ORIENTED_EDGE('',*,*,#3474,.T.);
#3653 = ORIENTED_EDGE('',*,*,#850,.F.);
#3654 = ADVANCED_FACE('',(#3655,#3669,#3672,#3675,#3678,#3681),#915,.T.
  );
#3655 = FACE_BOUND('',#3656,.T.);
#3656 = EDGE_LOOP('',(#3657,#3658,#3659,#3660,#3661,#3662,#3663,#3664,
    #3665,#3666,#3667,#3668));
#3657 = ORIENTED_EDGE('',*,*,#1477,.F.);
#3658 = ORIENTED_EDGE('',*,*,#1428,.T.);
#3659 = ORIENTED_EDGE('',*,*,#1041,.F.);
#3660 = ORIENTED_EDGE('',*,*,#1379,.F.);
#3661 = ORIENTED_EDGE('',*,*,#1347,.F.);
#3662 = ORIENTED_EDGE('',*,*,#1298,.T.);
#3663 = ORIENTED_EDGE('',*,*,#972,.F.);
#3664 = ORIENTED_EDGE('',*,*,#1249,.F.);
#3665 = ORIENTED_EDGE('',*,*,#1217,.F.);
#3666 = ORIENTED_EDGE('',*,*,#1168,.T.);
#3667 = ORIENTED_EDGE('',*,*,#898,.F.);
#3668 = ORIENTED_EDGE('',*,*,#1509,.F.);
#3669 = FACE_BOUND('',#3670,.T.);
#3670 = EDGE_LOOP('',(#3671));
#3671 = ORIENTED_EDGE('',*,*,#1761,.F.);
#3672 = FACE_BOUND('',#3673,.T.);
#3673 = EDGE_LOOP('',(#3674));
#3674 = ORIENTED_EDGE('',*,*,#1711,.F.);
#3675 = FACE_BOUND('',#3676,.T.);
#3676 = EDGE_LOOP('',(#3677));
#3677 = ORIENTED_EDGE('',*,*,#1608,.T.);
#3678 = FACE_BOUND('',#3679,.T.);
#3679 = EDGE_LOOP('',(#3680));
#3680 = ORIENTED_EDGE('',*,*,#1661,.F.);
#3681 = FACE_BOUND('',#3682,.T.);
#3682 = EDGE_LOOP('',(#3683));
#3683 = ORIENTED_EDGE('',*,*,#1557,.F.);
#3684 = ADVANCED_FACE('',(#3685),#1127,.F.);
#3685 = FACE_BOUND('',#3686,.T.);
#3686 = EDGE_LOOP('',(#3687,#3716,#3737,#3738));
#3687 = ORIENTED_EDGE('',*,*,#3688,.T.);
#3688 = EDGE_CURVE('',#3689,#3689,#3691,.T.);
#3689 = VERTEX_POINT('',#3690);
#3690 = CARTESIAN_POINT('',(-5.587572106361,-33.58757210636,10.));
#3691 = SURFACE_CURVE('',#3692,(#3697,#3704),.PCURVE_S1.);
#3692 = CIRCLE('',#3693,28.);
#3693 = AXIS2_PLACEMENT_3D('',#3694,#3695,#3696);
#3694 = CARTESIAN_POINT('',(-33.58757210636,-33.58757210636,10.));
#3695 = DIRECTION('',(0.,0.,1.));
#3696 = DIRECTION('',(1.,0.,-0.));
#3697 = PCURVE('',#1127,#3698);
#3698 = DEFINITIONAL_REPRESENTATION('',(#3699),#3703);
#3699 = LINE('',#3700,#3701);
#3700 = CARTESIAN_POINT('',(0.,-0.));
#3701 = VECTOR('',#3702,1.);
#3702 = DIRECTION('',(1.,-0.));
#3703 = ( GEOMETRIC_REPRESENTATION_CONTEXT(2) 
PARAMETRIC_REPRESENTATION_CONTEXT() REPRESENTATION_CONTEXT('2D SPACE',''
  ) );
#3704 = PCURVE('',#3705,#3710);
#3705 = CONICAL_SURFACE('',#3706,29.1,0.832981266674);
#3706 = AXIS2_PLACEMENT_3D('',#3707,#3708,#3709);
#3707 = CARTESIAN_POINT('',(-33.58757210636,-33.58757210636,11.));
#3708 = DIRECTION('',(0.,0.,1.));
#3709 = DIRECTION('',(1.,0.,0.));
#3710 = DEFINITIONAL_REPRESENTATION('',(#3711),#3715);
#3711 = LINE('',#3712,#3713);
#3712 = CARTESIAN_POINT('',(0.,-1.));
#3713 = VECTOR('',#3714,1.);
#3714 = DIRECTION('',(1.,-0.));
#3715 = ( GEOMETRIC_REPRESENTATION_CONTEXT(2) 
PARAMETRIC_REPRESENTATION_CONTEXT() REPRESENTATION_CONTEXT('2D SPACE',''
  ) );
#3716 = ORIENTED_EDGE('',*,*,#3717,.T.);
#3717 = EDGE_CURVE('',#3689,#1090,#3718,.T.);
#3718 = SEAM_CURVE('',#3719,(#3723,#3730),.PCURVE_S1.);
#3719 = LINE('',#3720,#3721);
#3720 = CARTESIAN_POINT('',(-5.587572106361,-33.58757210636,10.));
#3721 = VECTOR('',#3722,1.);
#3722 = DIRECTION('',(-0.490261239633,0.,-0.871575537125));
#3723 = PCURVE('',#1127,#3724);
#3724 = DEFINITIONAL_REPRESENTATION('',(#3725),#3729);
#3725 = LINE('',#3726,#3727);
#3726 = CARTESIAN_POINT('',(0.,-0.));
#3727 = VECTOR('',#3728,1.);
#3728 = DIRECTION('',(0.,-1.));
#3729 = ( GEOMETRIC_REPRESENTATION_CONTEXT(2) 
PARAMETRIC_REPRESENTATION_CONTEXT() REPRESENTATION_CONTEXT('2D SPACE',''
  ) );
#3730 = PCURVE('',#1127,#3731);
#3731 = DEFINITIONAL_REPRESENTATION('',(#3732),#3736);
#3732 = LINE('',#3733,#3734);
#3733 = CARTESIAN_POINT('',(6.28318530718,-0.));
#3734 = VECTOR('',#3735,1.);
#3735 = DIRECTION('',(0.,-1.));
#3736 = ( GEOMETRIC_REPRESENTATION_CONTEXT(2) 
PARAMETRIC_REPRESENTATION_CONTEXT() REPRESENTATION_CONTEXT('2D SPACE',''
  ) );
#3737 = ORIENTED_EDGE('',*,*,#1112,.F.);
#3738 = ORIENTED_EDGE('',*,*,#3717,.F.);
#3739 = ADVANCED_FACE('',(#3740),#1827,.T.);
#3740 = FACE_BOUND('',#3741,.T.);
#3741 = EDGE_LOOP('',(#3742,#3743,#3766,#3793));
#3742 = ORIENTED_EDGE('',*,*,#1812,.T.);
#3743 = ORIENTED_EDGE('',*,*,#3744,.T.);
#3744 = EDGE_CURVE('',#1790,#3745,#3747,.T.);
#3745 = VERTEX_POINT('',#3746);
#3746 = CARTESIAN_POINT('',(-3.587572106361,-33.58757210636,11.));
#3747 = SEAM_CURVE('',#3748,(#3752,#3759),.PCURVE_S1.);
#3748 = LINE('',#3749,#3750);
#3749 = CARTESIAN_POINT('',(-4.187572106361,-33.58757210636,10.4));
#3750 = VECTOR('',#3751,1.);
#3751 = DIRECTION('',(0.707106781187,0.,0.707106781187));
#3752 = PCURVE('',#1827,#3753);
#3753 = DEFINITIONAL_REPRESENTATION('',(#3754),#3758);
#3754 = LINE('',#3755,#3756);
#3755 = CARTESIAN_POINT('',(0.,0.));
#3756 = VECTOR('',#3757,1.);
#3757 = DIRECTION('',(0.,1.));
#3758 = ( GEOMETRIC_REPRESENTATION_CONTEXT(2) 
PARAMETRIC_REPRESENTATION_CONTEXT() REPRESENTATION_CONTEXT('2D SPACE',''
  ) );
#3759 = PCURVE('',#1827,#3760);
#3760 = DEFINITIONAL_REPRESENTATION('',(#3761),#3765);
#3761 = LINE('',#3762,#3763);
#3762 = CARTESIAN_POINT('',(6.28318530718,0.));
#3763 = VECTOR('',#3764,1.);
#3764 = DIRECTION('',(0.,1.));
#3765 = ( GEOMETRIC_REPRESENTATION_CONTEXT(2) 
PARAMETRIC_REPRESENTATION_CONTEXT() REPRESENTATION_CONTEXT('2D SPACE',''
  ) );
#3766 = ORIENTED_EDGE('',*,*,#3767,.F.);
#3767 = EDGE_CURVE('',#3745,#3745,#3768,.T.);
#3768 = SURFACE_CURVE('',#3769,(#3774,#3781),.PCURVE_S1.);
#3769 = CIRCLE('',#3770,30.);
#3770 = AXIS2_PLACEMENT_3D('',#3771,#3772,#3773);
#3771 = CARTESIAN_POINT('',(-33.58757210636,-33.58757210636,11.));
#3772 = DIRECTION('',(0.,0.,1.));
#3773 = DIRECTION('',(1.,0.,-0.));
#3774 = PCURVE('',#1827,#3775);
#3775 = DEFINITIONAL_REPRESENTATION('',(#3776),#3780);
#3776 = LINE('',#3777,#3778);
#3777 = CARTESIAN_POINT('',(0.,0.6));
#3778 = VECTOR('',#3779,1.);
#3779 = DIRECTION('',(1.,0.));
#3780 = ( GEOMETRIC_REPRESENTATION_CONTEXT(2) 
PARAMETRIC_REPRESENTATION_CONTEXT() REPRESENTATION_CONTEXT('2D SPACE',''
  ) );
#3781 = PCURVE('',#3782,#3787);
#3782 = PLANE('',#3783);
#3783 = AXIS2_PLACEMENT_3D('',#3784,#3785,#3786);
#3784 = CARTESIAN_POINT('',(-33.58757210636,-33.58757210636,11.));
#3785 = DIRECTION('',(0.,0.,1.));
#3786 = DIRECTION('',(1.,0.,-0.));
#3787 = DEFINITIONAL_REPRESENTATION('',(#3788),#3792);
#3788 = CIRCLE('',#3789,30.);
#3789 = AXIS2_PLACEMENT_2D('',#3790,#3791);
#3790 = CARTESIAN_POINT('',(0.,0.));
#3791 = DIRECTION('',(1.,0.));
#3792 = ( GEOMETRIC_REPRESENTATION_CONTEXT(2) 
PARAMETRIC_REPRESENTATION_CONTEXT() REPRESENTATION_CONTEXT('2D SPACE',''
  ) );
#3793 = ORIENTED_EDGE('',*,*,#3744,.F.);
#3794 = ADVANCED_FACE('',(#3795),#1866,.T.);
#3795 = FACE_BOUND('',#3796,.F.);
#3796 = EDGE_LOOP('',(#3797,#3818,#3819,#3820));
#3797 = ORIENTED_EDGE('',*,*,#3798,.F.);
#3798 = EDGE_CURVE('',#1844,#2815,#3799,.T.);
#3799 = SURFACE_CURVE('',#3800,(#3804,#3811),.PCURVE_S1.);
#3800 = LINE('',#3801,#3802);
#3801 = CARTESIAN_POINT('',(-11.,-15.,2.));
#3802 = VECTOR('',#3803,1.);
#3803 = DIRECTION('',(0.,0.,1.));
#3804 = PCURVE('',#1866,#3805);
#3805 = DEFINITIONAL_REPRESENTATION('',(#3806),#3810);
#3806 = LINE('',#3807,#3808);
#3807 = CARTESIAN_POINT('',(-0.,0.));
#3808 = VECTOR('',#3809,1.);
#3809 = DIRECTION('',(-0.,1.));
#3810 = ( GEOMETRIC_REPRESENTATION_CONTEXT(2) 
PARAMETRIC_REPRESENTATION_CONTEXT() REPRESENTATION_CONTEXT('2D SPACE',''
  ) );
#3811 = PCURVE('',#1894,#3812);
#3812 = DEFINITIONAL_REPRESENTATION('',(#3813),#3817);
#3813 = LINE('',#3814,#3815);
#3814 = CARTESIAN_POINT('',(4.,0.));
#3815 = VECTOR('',#3816,1.);
#3816 = DIRECTION('',(0.,-1.));
#3817 = ( GEOMETRIC_REPRESENTATION_CONTEXT(2) 
PARAMETRIC_REPRESENTATION_CONTEXT() REPRESENTATION_CONTEXT('2D SPACE',''
  ) );
#3818 = ORIENTED_EDGE('',*,*,#1843,.T.);
#3819 = ORIENTED_EDGE('',*,*,#3609,.T.);
#3820 = ORIENTED_EDGE('',*,*,#2814,.F.);
#3821 = ADVANCED_FACE('',(#3822),#1894,.F.);
#3822 = FACE_BOUND('',#3823,.F.);
#3823 = EDGE_LOOP('',(#3824,#3825,#3826,#3827));
#3824 = ORIENTED_EDGE('',*,*,#1878,.F.);
#3825 = ORIENTED_EDGE('',*,*,#3798,.T.);
#3826 = ORIENTED_EDGE('',*,*,#2844,.T.);
#3827 = ORIENTED_EDGE('',*,*,#3828,.F.);
#3828 = EDGE_CURVE('',#1879,#2845,#3829,.T.);
#3829 = SURFACE_CURVE('',#3830,(#3834,#3841),.PCURVE_S1.);
#3830 = LINE('',#3831,#3832);
#3831 = CARTESIAN_POINT('',(11.,-15.,2.));
#3832 = VECTOR('',#3833,1.);
#3833 = DIRECTION('',(0.,0.,1.));
#3834 = PCURVE('',#1894,#3835);
#3835 = DEFINITIONAL_REPRESENTATION('',(#3836),#3840);
#3836 = LINE('',#3837,#3838);
#3837 = CARTESIAN_POINT('',(26.,0.));
#3838 = VECTOR('',#3839,1.);
#3839 = DIRECTION('',(0.,-1.));
#3840 = ( GEOMETRIC_REPRESENTATION_CONTEXT(2) 
PARAMETRIC_REPRESENTATION_CONTEXT() REPRESENTATION_CONTEXT('2D SPACE',''
  ) );
#3841 = PCURVE('',#1923,#3842);
#3842 = DEFINITIONAL_REPRESENTATION('',(#3843),#3847);
#3843 = LINE('',#3844,#3845);
#3844 = CARTESIAN_POINT('',(0.,0.));
#3845 = VECTOR('',#3846,1.);
#3846 = DIRECTION('',(0.,1.));
#3847 = ( GEOMETRIC_REPRESENTATION_CONTEXT(2) 
PARAMETRIC_REPRESENTATION_CONTEXT() REPRESENTATION_CONTEXT('2D SPACE',''
  ) );
#3848 = ADVANCED_FACE('',(#3849),#1923,.T.);
#3849 = FACE_BOUND('',#3850,.T.);
#3850 = EDGE_LOOP('',(#3851,#3852,#3853,#3872));
#3851 = ORIENTED_EDGE('',*,*,#3828,.F.);
#3852 = ORIENTED_EDGE('',*,*,#1906,.T.);
#3853 = ORIENTED_EDGE('',*,*,#3854,.T.);
#3854 = EDGE_CURVE('',#1907,#2868,#3855,.T.);
#3855 = SURFACE_CURVE('',#3856,(#3860,#3866),.PCURVE_S1.);
#3856 = LINE('',#3857,#3858);
#3857 = CARTESIAN_POINT('',(12.03527618041,-14.86370330515,2.));
#3858 = VECTOR('',#3859,1.);
#3859 = DIRECTION('',(0.,0.,1.));
#3860 = PCURVE('',#1923,#3861);
#3861 = DEFINITIONAL_REPRESENTATION('',(#3862),#3865);
#3862 = B_SPLINE_CURVE_WITH_KNOTS('',1,(#3863,#3864),.UNSPECIFIED.,.F.,
  .F.,(2,2),(-5.999999999062E-07,1.6000006),.PIECEWISE_BEZIER_KNOTS.);
#3863 = CARTESIAN_POINT('',(0.261799387799,-5.999999999062E-07));
#3864 = CARTESIAN_POINT('',(0.261799387799,1.6000006));
#3865 = ( GEOMETRIC_REPRESENTATION_CONTEXT(2) 
PARAMETRIC_REPRESENTATION_CONTEXT() REPRESENTATION_CONTEXT('2D SPACE',''
  ) );
#3866 = PCURVE('',#1951,#3867);
#3867 = DEFINITIONAL_REPRESENTATION('',(#3868),#3871);
#3868 = B_SPLINE_CURVE_WITH_KNOTS('',1,(#3869,#3870),.UNSPECIFIED.,.F.,
  .F.,(2,2),(-5.999999999062E-07,1.6000006),.PIECEWISE_BEZIER_KNOTS.);
#3869 = CARTESIAN_POINT('',(-5.999999999062E-07,19.020450801242));
#3870 = CARTESIAN_POINT('',(1.6000006,19.020450801242));
#3871 = ( GEOMETRIC_REPRESENTATION_CONTEXT(2) 
PARAMETRIC_REPRESENTATION_CONTEXT() REPRESENTATION_CONTEXT('2D SPACE',''
  ) );
#3872 = ORIENTED_EDGE('',*,*,#2867,.F.);
#3873 = ADVANCED_FACE('',(#3874),#1951,.F.);
#3874 = FACE_BOUND('',#3875,.F.);
#3875 = EDGE_LOOP('',(#3876,#3877,#3878,#3879));
#3876 = ORIENTED_EDGE('',*,*,#1935,.F.);
#3877 = ORIENTED_EDGE('',*,*,#3854,.T.);
#3878 = ORIENTED_EDGE('',*,*,#2891,.T.);
#3879 = ORIENTED_EDGE('',*,*,#3880,.F.);
#3880 = EDGE_CURVE('',#1936,#2892,#3881,.T.);
#3881 = SURFACE_CURVE('',#3882,(#3886,#3892),.PCURVE_S1.);
#3882 = LINE('',#3883,#3884);
#3883 = CARTESIAN_POINT('',(12.424940885856,-15.2533680106,0.));
#3884 = VECTOR('',#3885,1.);
#3885 = DIRECTION('',(0.,0.,1.));
#3886 = PCURVE('',#1951,#3887);
#3887 = DEFINITIONAL_REPRESENTATION('',(#3888),#3891);
#3888 = B_SPLINE_CURVE_WITH_KNOTS('',1,(#3889,#3890),.UNSPECIFIED.,.F.,
  .F.,(2,2),(1.84,3.76),.PIECEWISE_BEZIER_KNOTS.);
#3889 = CARTESIAN_POINT('',(-0.16,19.571519912462));
#3890 = CARTESIAN_POINT('',(1.76,19.571519912462));
#3891 = ( GEOMETRIC_REPRESENTATION_CONTEXT(2) 
PARAMETRIC_REPRESENTATION_CONTEXT() REPRESENTATION_CONTEXT('2D SPACE',''
  ) );
#3892 = PCURVE('',#1980,#3893);
#3893 = DEFINITIONAL_REPRESENTATION('',(#3894),#3897);
#3894 = B_SPLINE_CURVE_WITH_KNOTS('',1,(#3895,#3896),.UNSPECIFIED.,.F.,
  .F.,(2,2),(1.84,3.76),.PIECEWISE_BEZIER_KNOTS.);
#3895 = CARTESIAN_POINT('',(2.427683940078,1.84));
#3896 = CARTESIAN_POINT('',(2.427683940078,3.76));
#3897 = ( GEOMETRIC_REPRESENTATION_CONTEXT(2) 
PARAMETRIC_REPRESENTATION_CONTEXT() REPRESENTATION_CONTEXT('2D SPACE',''
  ) );
#3898 = ADVANCED_FACE('',(#3899,#3981,#4023),#1980,.T.);
#3899 = FACE_BOUND('',#3900,.T.);
#3900 = EDGE_LOOP('',(#3901,#3926,#3953,#3954));
#3901 = ORIENTED_EDGE('',*,*,#3902,.F.);
#3902 = EDGE_CURVE('',#3903,#3905,#3907,.T.);
#3903 = VERTEX_POINT('',#3904);
#3904 = CARTESIAN_POINT('',(61.587572106361,-33.58757210636,0.));
#3905 = VERTEX_POINT('',#3906);
#3906 = CARTESIAN_POINT('',(61.587572106361,-33.58757210636,8.5));
#3907 = SEAM_CURVE('',#3908,(#3912,#3919),.PCURVE_S1.);
#3908 = LINE('',#3909,#3910);
#3909 = CARTESIAN_POINT('',(61.587572106361,-33.58757210636,0.));
#3910 = VECTOR('',#3911,1.);
#3911 = DIRECTION('',(0.,0.,1.));
#3912 = PCURVE('',#1980,#3913);
#3913 = DEFINITIONAL_REPRESENTATION('',(#3914),#3918);
#3914 = LINE('',#3915,#3916);
#3915 = CARTESIAN_POINT('',(0.,0.));
#3916 = VECTOR('',#3917,1.);
#3917 = DIRECTION('',(0.,1.));
#3918 = ( GEOMETRIC_REPRESENTATION_CONTEXT(2) 
PARAMETRIC_REPRESENTATION_CONTEXT() REPRESENTATION_CONTEXT('2D SPACE',''
  ) );
#3919 = PCURVE('',#1980,#3920);
#3920 = DEFINITIONAL_REPRESENTATION('',(#3921),#3925);
#3921 = LINE('',#3922,#3923);
#3922 = CARTESIAN_POINT('',(6.28318530718,0.));
#3923 = VECTOR('',#3924,1.);
#3924 = DIRECTION('',(0.,1.));
#3925 = ( GEOMETRIC_REPRESENTATION_CONTEXT(2) 
PARAMETRIC_REPRESENTATION_CONTEXT() REPRESENTATION_CONTEXT('2D SPACE',''
  ) );
#3926 = ORIENTED_EDGE('',*,*,#3927,.T.);
#3927 = EDGE_CURVE('',#3903,#3903,#3928,.T.);
#3928 = SURFACE_CURVE('',#3929,(#3934,#3941),.PCURVE_S1.);
#3929 = CIRCLE('',#3930,28.);
#3930 = AXIS2_PLACEMENT_3D('',#3931,#3932,#3933);
#3931 = CARTESIAN_POINT('',(33.587572106361,-33.58757210636,0.));
#3932 = DIRECTION('',(0.,0.,1.));
#3933 = DIRECTION('',(1.,0.,-0.));
#3934 = PCURVE('',#1980,#3935);
#3935 = DEFINITIONAL_REPRESENTATION('',(#3936),#3940);
#3936 = LINE('',#3937,#3938);
#3937 = CARTESIAN_POINT('',(0.,0.));
#3938 = VECTOR('',#3939,1.);
#3939 = DIRECTION('',(1.,0.));
#3940 = ( GEOMETRIC_REPRESENTATION_CONTEXT(2) 
PARAMETRIC_REPRESENTATION_CONTEXT() REPRESENTATION_CONTEXT('2D SPACE',''
  ) );
#3941 = PCURVE('',#3942,#3947);
#3942 = PLANE('',#3943);
#3943 = AXIS2_PLACEMENT_3D('',#3944,#3945,#3946);
#3944 = CARTESIAN_POINT('',(33.587572106361,-33.58757210636,0.));
#3945 = DIRECTION('',(0.,0.,1.));
#3946 = DIRECTION('',(1.,0.,-0.));
#3947 = DEFINITIONAL_REPRESENTATION('',(#3948),#3952);
#3948 = CIRCLE('',#3949,28.);
#3949 = AXIS2_PLACEMENT_2D('',#3950,#3951);
#3950 = CARTESIAN_POINT('',(0.,0.));
#3951 = DIRECTION('',(1.,-0.));
#3952 = ( GEOMETRIC_REPRESENTATION_CONTEXT(2) 
PARAMETRIC_REPRESENTATION_CONTEXT() REPRESENTATION_CONTEXT('2D SPACE',''
  ) );
#3953 = ORIENTED_EDGE('',*,*,#3902,.T.);
#3954 = ORIENTED_EDGE('',*,*,#3955,.F.);
#3955 = EDGE_CURVE('',#3905,#3905,#3956,.T.);
#3956 = SURFACE_CURVE('',#3957,(#3962,#3969),.PCURVE_S1.);
#3957 = CIRCLE('',#3958,28.);
#3958 = AXIS2_PLACEMENT_3D('',#3959,#3960,#3961);
#3959 = CARTESIAN_POINT('',(33.587572106361,-33.58757210636,8.5));
#3960 = DIRECTION('',(0.,0.,1.));
#3961 = DIRECTION('',(1.,0.,-0.));
#3962 = PCURVE('',#1980,#3963);
#3963 = DEFINITIONAL_REPRESENTATION('',(#3964),#3968);
#3964 = LINE('',#3965,#3966);
#3965 = CARTESIAN_POINT('',(0.,8.5));
#3966 = VECTOR('',#3967,1.);
#3967 = DIRECTION('',(1.,0.));
#3968 = ( GEOMETRIC_REPRESENTATION_CONTEXT(2) 
PARAMETRIC_REPRESENTATION_CONTEXT() REPRESENTATION_CONTEXT('2D SPACE',''
  ) );
#3969 = PCURVE('',#3970,#3975);
#3970 = CONICAL_SURFACE('',#3971,28.,0.63502673539);
#3971 = AXIS2_PLACEMENT_3D('',#3972,#3973,#3974);
#3972 = CARTESIAN_POINT('',(33.587572106361,-33.58757210636,8.5));
#3973 = DIRECTION('',(0.,0.,1.));
#3974 = DIRECTION('',(1.,0.,-0.));
#3975 = DEFINITIONAL_REPRESENTATION('',(#3976),#3980);
#3976 = LINE('',#3977,#3978);
#3977 = CARTESIAN_POINT('',(0.,0.));
#3978 = VECTOR('',#3979,1.);
#3979 = DIRECTION('',(1.,0.));
#3980 = ( GEOMETRIC_REPRESENTATION_CONTEXT(2) 
PARAMETRIC_REPRESENTATION_CONTEXT() REPRESENTATION_CONTEXT('2D SPACE',''
  ) );
#3981 = FACE_BOUND('',#3982,.T.);
#3982 = EDGE_LOOP('',(#3983,#3984,#4003,#4004));
#3983 = ORIENTED_EDGE('',*,*,#2021,.F.);
#3984 = ORIENTED_EDGE('',*,*,#3985,.T.);
#3985 = EDGE_CURVE('',#2022,#2967,#3986,.T.);
#3986 = SURFACE_CURVE('',#3987,(#3991,#3997),.PCURVE_S1.);
#3987 = LINE('',#3988,#3989);
#3988 = CARTESIAN_POINT('',(15.253368010603,-12.42494088585,0.));
#3989 = VECTOR('',#3990,1.);
#3990 = DIRECTION('',(0.,0.,1.));
#3991 = PCURVE('',#1980,#3992);
#3992 = DEFINITIONAL_REPRESENTATION('',(#3993),#3996);
#3993 = B_SPLINE_CURVE_WITH_KNOTS('',1,(#3994,#3995),.UNSPECIFIED.,.F.,
  .F.,(2,2),(1.84,3.76),.PIECEWISE_BEZIER_KNOTS.);
#3994 = CARTESIAN_POINT('',(2.284705040307,1.84));
#3995 = CARTESIAN_POINT('',(2.284705040307,3.76));
#3996 = ( GEOMETRIC_REPRESENTATION_CONTEXT(2) 
PARAMETRIC_REPRESENTATION_CONTEXT() REPRESENTATION_CONTEXT('2D SPACE',''
  ) );
#3997 = PCURVE('',#2061,#3998);
#3998 = DEFINITIONAL_REPRESENTATION('',(#3999),#4002);
#3999 = B_SPLINE_CURVE_WITH_KNOTS('',1,(#4000,#4001),.UNSPECIFIED.,.F.,
  .F.,(2,2),(1.84,3.76),.PIECEWISE_BEZIER_KNOTS.);
#4000 = CARTESIAN_POINT('',(-0.16,19.571519912462));
#4001 = CARTESIAN_POINT('',(1.76,19.571519912462));
#4002 = ( GEOMETRIC_REPRESENTATION_CONTEXT(2) 
PARAMETRIC_REPRESENTATION_CONTEXT() REPRESENTATION_CONTEXT('2D SPACE',''
  ) );
#4003 = ORIENTED_EDGE('',*,*,#2966,.T.);
#4004 = ORIENTED_EDGE('',*,*,#4005,.F.);
#4005 = EDGE_CURVE('',#1993,#2939,#4006,.T.);
#4006 = SURFACE_CURVE('',#4007,(#4011,#4017),.PCURVE_S1.);
#4007 = LINE('',#4008,#4009);
#4008 = CARTESIAN_POINT('',(13.999541165278,-13.57984750182,0.));
#4009 = VECTOR('',#4010,1.);
#4010 = DIRECTION('',(0.,0.,1.));
#4011 = PCURVE('',#1980,#4012);
#4012 = DEFINITIONAL_REPRESENTATION('',(#4013),#4016);
#4013 = B_SPLINE_CURVE_WITH_KNOTS('',1,(#4014,#4015),.UNSPECIFIED.,.F.,
  .F.,(2,2),(1.9999994,3.6000006),.PIECEWISE_BEZIER_KNOTS.);
#4014 = CARTESIAN_POINT('',(2.345595426192,1.9999994));
#4015 = CARTESIAN_POINT('',(2.345595426192,3.6000006));
#4016 = ( GEOMETRIC_REPRESENTATION_CONTEXT(2) 
PARAMETRIC_REPRESENTATION_CONTEXT() REPRESENTATION_CONTEXT('2D SPACE',''
  ) );
#4017 = PCURVE('',#2009,#4018);
#4018 = DEFINITIONAL_REPRESENTATION('',(#4019),#4022);
#4019 = B_SPLINE_CURVE_WITH_KNOTS('',1,(#4020,#4021),.UNSPECIFIED.,.F.,
  .F.,(2,2),(2.,3.6),.PIECEWISE_BEZIER_KNOTS.);
#4020 = CARTESIAN_POINT('',(-5.696946618831,-3.));
#4021 = CARTESIAN_POINT('',(-5.696946618831,-4.6));
#4022 = ( GEOMETRIC_REPRESENTATION_CONTEXT(2) 
PARAMETRIC_REPRESENTATION_CONTEXT() REPRESENTATION_CONTEXT('2D SPACE',''
  ) );
#4023 = FACE_BOUND('',#4024,.T.);
#4024 = EDGE_LOOP('',(#4025,#4026,#4045,#4046));
#4025 = ORIENTED_EDGE('',*,*,#1963,.F.);
#4026 = ORIENTED_EDGE('',*,*,#4027,.T.);
#4027 = EDGE_CURVE('',#1964,#2915,#4028,.T.);
#4028 = SURFACE_CURVE('',#4029,(#4033,#4039),.PCURVE_S1.);
#4029 = LINE('',#4030,#4031);
#4030 = CARTESIAN_POINT('',(13.57984750182,-13.99954116527,0.));
#4031 = VECTOR('',#4032,1.);
#4032 = DIRECTION('',(0.,0.,1.));
#4033 = PCURVE('',#1980,#4034);
#4034 = DEFINITIONAL_REPRESENTATION('',(#4035),#4038);
#4035 = B_SPLINE_CURVE_WITH_KNOTS('',1,(#4036,#4037),.UNSPECIFIED.,.F.,
  .F.,(2,2),(1.9999994,3.6000006),.PIECEWISE_BEZIER_KNOTS.);
#4036 = CARTESIAN_POINT('',(2.366793554193,1.9999994));
#4037 = CARTESIAN_POINT('',(2.366793554193,3.6000006));
#4038 = ( GEOMETRIC_REPRESENTATION_CONTEXT(2) 
PARAMETRIC_REPRESENTATION_CONTEXT() REPRESENTATION_CONTEXT('2D SPACE',''
  ) );
#4039 = PCURVE('',#2009,#4040);
#4040 = DEFINITIONAL_REPRESENTATION('',(#4041),#4044);
#4041 = B_SPLINE_CURVE_WITH_KNOTS('',1,(#4042,#4043),.UNSPECIFIED.,.F.,
  .F.,(2,2),(2.,3.6),.PIECEWISE_BEZIER_KNOTS.);
#4042 = CARTESIAN_POINT('',(-11.58181297591,-3.));
#4043 = CARTESIAN_POINT('',(-11.58181297591,-4.6));
#4044 = ( GEOMETRIC_REPRESENTATION_CONTEXT(2) 
PARAMETRIC_REPRESENTATION_CONTEXT() REPRESENTATION_CONTEXT('2D SPACE',''
  ) );
#4045 = ORIENTED_EDGE('',*,*,#2914,.T.);
#4046 = ORIENTED_EDGE('',*,*,#3880,.F.);
#4047 = ADVANCED_FACE('',(#4048),#2009,.F.);
#4048 = FACE_BOUND('',#4049,.T.);
#4049 = EDGE_LOOP('',(#4050,#4051,#4052,#4053));
#4050 = ORIENTED_EDGE('',*,*,#2938,.F.);
#4051 = ORIENTED_EDGE('',*,*,#4027,.F.);
#4052 = ORIENTED_EDGE('',*,*,#1992,.F.);
#4053 = ORIENTED_EDGE('',*,*,#4005,.T.);
#4054 = ADVANCED_FACE('',(#4055),#2061,.T.);
#4055 = FACE_BOUND('',#4056,.T.);
#4056 = EDGE_LOOP('',(#4057,#4058,#4077,#4078));
#4057 = ORIENTED_EDGE('',*,*,#2045,.F.);
#4058 = ORIENTED_EDGE('',*,*,#4059,.T.);
#4059 = EDGE_CURVE('',#2046,#2991,#4060,.T.);
#4060 = SURFACE_CURVE('',#4061,(#4065,#4071),.PCURVE_S1.);
#4061 = LINE('',#4062,#4063);
#4062 = CARTESIAN_POINT('',(14.863703305156,-12.03527618041,2.));
#4063 = VECTOR('',#4064,1.);
#4064 = DIRECTION('',(0.,0.,1.));
#4065 = PCURVE('',#2061,#4066);
#4066 = DEFINITIONAL_REPRESENTATION('',(#4067),#4070);
#4067 = B_SPLINE_CURVE_WITH_KNOTS('',1,(#4068,#4069),.UNSPECIFIED.,.F.,
  .F.,(2,2),(-5.999999999062E-07,1.6000006),.PIECEWISE_BEZIER_KNOTS.);
#4068 = CARTESIAN_POINT('',(-5.999999999062E-07,19.020450801242));
#4069 = CARTESIAN_POINT('',(1.6000006,19.020450801242));
#4070 = ( GEOMETRIC_REPRESENTATION_CONTEXT(2) 
PARAMETRIC_REPRESENTATION_CONTEXT() REPRESENTATION_CONTEXT('2D SPACE',''
  ) );
#4071 = PCURVE('',#2090,#4072);
#4072 = DEFINITIONAL_REPRESENTATION('',(#4073),#4076);
#4073 = B_SPLINE_CURVE_WITH_KNOTS('',1,(#4074,#4075),.UNSPECIFIED.,.F.,
  .F.,(2,2),(-5.999999999062E-07,1.6000006),.PIECEWISE_BEZIER_KNOTS.);
#4074 = CARTESIAN_POINT('',(1.308996938996,-5.999999999062E-07));
#4075 = CARTESIAN_POINT('',(1.308996938996,1.6000006));
#4076 = ( GEOMETRIC_REPRESENTATION_CONTEXT(2) 
PARAMETRIC_REPRESENTATION_CONTEXT() REPRESENTATION_CONTEXT('2D SPACE',''
  ) );
#4077 = ORIENTED_EDGE('',*,*,#2990,.T.);
#4078 = ORIENTED_EDGE('',*,*,#3985,.F.);
#4079 = ADVANCED_FACE('',(#4080),#2090,.T.);
#4080 = FACE_BOUND('',#4081,.T.);
#4081 = EDGE_LOOP('',(#4082,#4083,#4084,#4105));
#4082 = ORIENTED_EDGE('',*,*,#4059,.F.);
#4083 = ORIENTED_EDGE('',*,*,#2073,.T.);
#4084 = ORIENTED_EDGE('',*,*,#4085,.T.);
#4085 = EDGE_CURVE('',#2074,#3014,#4086,.T.);
#4086 = SURFACE_CURVE('',#4087,(#4091,#4098),.PCURVE_S1.);
#4087 = LINE('',#4088,#4089);
#4088 = CARTESIAN_POINT('',(15.,-11.,2.));
#4089 = VECTOR('',#4090,1.);
#4090 = DIRECTION('',(0.,0.,1.));
#4091 = PCURVE('',#2090,#4092);
#4092 = DEFINITIONAL_REPRESENTATION('',(#4093),#4097);
#4093 = LINE('',#4094,#4095);
#4094 = CARTESIAN_POINT('',(1.570796326795,0.));
#4095 = VECTOR('',#4096,1.);
#4096 = DIRECTION('',(0.,1.));
#4097 = ( GEOMETRIC_REPRESENTATION_CONTEXT(2) 
PARAMETRIC_REPRESENTATION_CONTEXT() REPRESENTATION_CONTEXT('2D SPACE',''
  ) );
#4098 = PCURVE('',#2118,#4099);
#4099 = DEFINITIONAL_REPRESENTATION('',(#4100),#4104);
#4100 = LINE('',#4101,#4102);
#4101 = CARTESIAN_POINT('',(4.,0.));
#4102 = VECTOR('',#4103,1.);
#4103 = DIRECTION('',(0.,-1.));
#4104 = ( GEOMETRIC_REPRESENTATION_CONTEXT(2) 
PARAMETRIC_REPRESENTATION_CONTEXT() REPRESENTATION_CONTEXT('2D SPACE',''
  ) );
#4105 = ORIENTED_EDGE('',*,*,#3013,.F.);
#4106 = ADVANCED_FACE('',(#4107),#2118,.F.);
#4107 = FACE_BOUND('',#4108,.F.);
#4108 = EDGE_LOOP('',(#4109,#4110,#4111,#4112));
#4109 = ORIENTED_EDGE('',*,*,#2102,.F.);
#4110 = ORIENTED_EDGE('',*,*,#4085,.T.);
#4111 = ORIENTED_EDGE('',*,*,#3037,.T.);
#4112 = ORIENTED_EDGE('',*,*,#4113,.F.);
#4113 = EDGE_CURVE('',#2103,#3038,#4114,.T.);
#4114 = SURFACE_CURVE('',#4115,(#4119,#4126),.PCURVE_S1.);
#4115 = LINE('',#4116,#4117);
#4116 = CARTESIAN_POINT('',(15.,11.,2.));
#4117 = VECTOR('',#4118,1.);
#4118 = DIRECTION('',(0.,0.,1.));
#4119 = PCURVE('',#2118,#4120);
#4120 = DEFINITIONAL_REPRESENTATION('',(#4121),#4125);
#4121 = LINE('',#4122,#4123);
#4122 = CARTESIAN_POINT('',(26.,0.));
#4123 = VECTOR('',#4124,1.);
#4124 = DIRECTION('',(0.,-1.));
#4125 = ( GEOMETRIC_REPRESENTATION_CONTEXT(2) 
PARAMETRIC_REPRESENTATION_CONTEXT() REPRESENTATION_CONTEXT('2D SPACE',''
  ) );
#4126 = PCURVE('',#2147,#4127);
#4127 = DEFINITIONAL_REPRESENTATION('',(#4128),#4132);
#4128 = LINE('',#4129,#4130);
#4129 = CARTESIAN_POINT('',(0.,0.));
#4130 = VECTOR('',#4131,1.);
#4131 = DIRECTION('',(0.,1.));
#4132 = ( GEOMETRIC_REPRESENTATION_CONTEXT(2) 
PARAMETRIC_REPRESENTATION_CONTEXT() REPRESENTATION_CONTEXT('2D SPACE',''
  ) );
#4133 = ADVANCED_FACE('',(#4134),#2147,.T.);
#4134 = FACE_BOUND('',#4135,.T.);
#4135 = EDGE_LOOP('',(#4136,#4137,#4138,#4157));
#4136 = ORIENTED_EDGE('',*,*,#4113,.F.);
#4137 = ORIENTED_EDGE('',*,*,#2130,.T.);
#4138 = ORIENTED_EDGE('',*,*,#4139,.T.);
#4139 = EDGE_CURVE('',#2131,#3061,#4140,.T.);
#4140 = SURFACE_CURVE('',#4141,(#4145,#4151),.PCURVE_S1.);
#4141 = LINE('',#4142,#4143);
#4142 = CARTESIAN_POINT('',(14.863703305156,12.03527618041,2.));
#4143 = VECTOR('',#4144,1.);
#4144 = DIRECTION('',(0.,0.,1.));
#4145 = PCURVE('',#2147,#4146);
#4146 = DEFINITIONAL_REPRESENTATION('',(#4147),#4150);
#4147 = B_SPLINE_CURVE_WITH_KNOTS('',1,(#4148,#4149),.UNSPECIFIED.,.F.,
  .F.,(2,2),(-5.999999999062E-07,1.6000006),.PIECEWISE_BEZIER_KNOTS.);
#4148 = CARTESIAN_POINT('',(0.261799387799,-5.999999999062E-07));
#4149 = CARTESIAN_POINT('',(0.261799387799,1.6000006));
#4150 = ( GEOMETRIC_REPRESENTATION_CONTEXT(2) 
PARAMETRIC_REPRESENTATION_CONTEXT() REPRESENTATION_CONTEXT('2D SPACE',''
  ) );
#4151 = PCURVE('',#2175,#4152);
#4152 = DEFINITIONAL_REPRESENTATION('',(#4153),#4156);
#4153 = B_SPLINE_CURVE_WITH_KNOTS('',1,(#4154,#4155),.UNSPECIFIED.,.F.,
  .F.,(2,2),(-5.999999999062E-07,1.6000006),.PIECEWISE_BEZIER_KNOTS.);
#4154 = CARTESIAN_POINT('',(-5.999999999062E-07,19.020450801242));
#4155 = CARTESIAN_POINT('',(1.6000006,19.020450801242));
#4156 = ( GEOMETRIC_REPRESENTATION_CONTEXT(2) 
PARAMETRIC_REPRESENTATION_CONTEXT() REPRESENTATION_CONTEXT('2D SPACE',''
  ) );
#4157 = ORIENTED_EDGE('',*,*,#3060,.F.);
#4158 = ADVANCED_FACE('',(#4159),#2175,.F.);
#4159 = FACE_BOUND('',#4160,.F.);
#4160 = EDGE_LOOP('',(#4161,#4162,#4163,#4164));
#4161 = ORIENTED_EDGE('',*,*,#2159,.F.);
#4162 = ORIENTED_EDGE('',*,*,#4139,.T.);
#4163 = ORIENTED_EDGE('',*,*,#3084,.T.);
#4164 = ORIENTED_EDGE('',*,*,#4165,.F.);
#4165 = EDGE_CURVE('',#2160,#3085,#4166,.T.);
#4166 = SURFACE_CURVE('',#4167,(#4171,#4177),.PCURVE_S1.);
#4167 = LINE('',#4168,#4169);
#4168 = CARTESIAN_POINT('',(15.253368010603,12.424940885856,0.));
#4169 = VECTOR('',#4170,1.);
#4170 = DIRECTION('',(0.,0.,1.));
#4171 = PCURVE('',#2175,#4172);
#4172 = DEFINITIONAL_REPRESENTATION('',(#4173),#4176);
#4173 = B_SPLINE_CURVE_WITH_KNOTS('',1,(#4174,#4175),.UNSPECIFIED.,.F.,
  .F.,(2,2),(1.84,3.76),.PIECEWISE_BEZIER_KNOTS.);
#4174 = CARTESIAN_POINT('',(-0.16,19.571519912462));
#4175 = CARTESIAN_POINT('',(1.76,19.571519912462));
#4176 = ( GEOMETRIC_REPRESENTATION_CONTEXT(2) 
PARAMETRIC_REPRESENTATION_CONTEXT() REPRESENTATION_CONTEXT('2D SPACE',''
  ) );
#4177 = PCURVE('',#2204,#4178);
#4178 = DEFINITIONAL_REPRESENTATION('',(#4179),#4182);
#4179 = B_SPLINE_CURVE_WITH_KNOTS('',1,(#4180,#4181),.UNSPECIFIED.,.F.,
  .F.,(2,2),(1.84,3.76),.PIECEWISE_BEZIER_KNOTS.);
#4180 = CARTESIAN_POINT('',(3.998480266873,1.84));
#4181 = CARTESIAN_POINT('',(3.998480266873,3.76));
#4182 = ( GEOMETRIC_REPRESENTATION_CONTEXT(2) 
PARAMETRIC_REPRESENTATION_CONTEXT() REPRESENTATION_CONTEXT('2D SPACE',''
  ) );
#4183 = ADVANCED_FACE('',(#4184,#4266,#4308),#2204,.T.);
#4184 = FACE_BOUND('',#4185,.T.);
#4185 = EDGE_LOOP('',(#4186,#4211,#4238,#4239));
#4186 = ORIENTED_EDGE('',*,*,#4187,.F.);
#4187 = EDGE_CURVE('',#4188,#4190,#4192,.T.);
#4188 = VERTEX_POINT('',#4189);
#4189 = CARTESIAN_POINT('',(61.587572106361,33.587572106361,0.));
#4190 = VERTEX_POINT('',#4191);
#4191 = CARTESIAN_POINT('',(61.587572106361,33.587572106361,8.5));
#4192 = SEAM_CURVE('',#4193,(#4197,#4204),.PCURVE_S1.);
#4193 = LINE('',#4194,#4195);
#4194 = CARTESIAN_POINT('',(61.587572106361,33.587572106361,0.));
#4195 = VECTOR('',#4196,1.);
#4196 = DIRECTION('',(0.,0.,1.));
#4197 = PCURVE('',#2204,#4198);
#4198 = DEFINITIONAL_REPRESENTATION('',(#4199),#4203);
#4199 = LINE('',#4200,#4201);
#4200 = CARTESIAN_POINT('',(0.,0.));
#4201 = VECTOR('',#4202,1.);
#4202 = DIRECTION('',(0.,1.));
#4203 = ( GEOMETRIC_REPRESENTATION_CONTEXT(2) 
PARAMETRIC_REPRESENTATION_CONTEXT() REPRESENTATION_CONTEXT('2D SPACE',''
  ) );
#4204 = PCURVE('',#2204,#4205);
#4205 = DEFINITIONAL_REPRESENTATION('',(#4206),#4210);
#4206 = LINE('',#4207,#4208);
#4207 = CARTESIAN_POINT('',(6.28318530718,0.));
#4208 = VECTOR('',#4209,1.);
#4209 = DIRECTION('',(0.,1.));
#4210 = ( GEOMETRIC_REPRESENTATION_CONTEXT(2) 
PARAMETRIC_REPRESENTATION_CONTEXT() REPRESENTATION_CONTEXT('2D SPACE',''
  ) );
#4211 = ORIENTED_EDGE('',*,*,#4212,.T.);
#4212 = EDGE_CURVE('',#4188,#4188,#4213,.T.);
#4213 = SURFACE_CURVE('',#4214,(#4219,#4226),.PCURVE_S1.);
#4214 = CIRCLE('',#4215,28.);
#4215 = AXIS2_PLACEMENT_3D('',#4216,#4217,#4218);
#4216 = CARTESIAN_POINT('',(33.587572106361,33.587572106361,0.));
#4217 = DIRECTION('',(0.,0.,1.));
#4218 = DIRECTION('',(1.,0.,-0.));
#4219 = PCURVE('',#2204,#4220);
#4220 = DEFINITIONAL_REPRESENTATION('',(#4221),#4225);
#4221 = LINE('',#4222,#4223);
#4222 = CARTESIAN_POINT('',(0.,0.));
#4223 = VECTOR('',#4224,1.);
#4224 = DIRECTION('',(1.,0.));
#4225 = ( GEOMETRIC_REPRESENTATION_CONTEXT(2) 
PARAMETRIC_REPRESENTATION_CONTEXT() REPRESENTATION_CONTEXT('2D SPACE',''
  ) );
#4226 = PCURVE('',#4227,#4232);
#4227 = PLANE('',#4228);
#4228 = AXIS2_PLACEMENT_3D('',#4229,#4230,#4231);
#4229 = CARTESIAN_POINT('',(33.587572106361,33.587572106361,0.));
#4230 = DIRECTION('',(0.,0.,1.));
#4231 = DIRECTION('',(1.,0.,-0.));
#4232 = DEFINITIONAL_REPRESENTATION('',(#4233),#4237);
#4233 = CIRCLE('',#4234,28.);
#4234 = AXIS2_PLACEMENT_2D('',#4235,#4236);
#4235 = CARTESIAN_POINT('',(0.,0.));
#4236 = DIRECTION('',(1.,-0.));
#4237 = ( GEOMETRIC_REPRESENTATION_CONTEXT(2) 
PARAMETRIC_REPRESENTATION_CONTEXT() REPRESENTATION_CONTEXT('2D SPACE',''
  ) );
#4238 = ORIENTED_EDGE('',*,*,#4187,.T.);
#4239 = ORIENTED_EDGE('',*,*,#4240,.F.);
#4240 = EDGE_CURVE('',#4190,#4190,#4241,.T.);
#4241 = SURFACE_CURVE('',#4242,(#4247,#4254),.PCURVE_S1.);
#4242 = CIRCLE('',#4243,28.);
#4243 = AXIS2_PLACEMENT_3D('',#4244,#4245,#4246);
#4244 = CARTESIAN_POINT('',(33.587572106361,33.587572106361,8.5));
#4245 = DIRECTION('',(0.,0.,1.));
#4246 = DIRECTION('',(1.,0.,-0.));
#4247 = PCURVE('',#2204,#4248);
#4248 = DEFINITIONAL_REPRESENTATION('',(#4249),#4253);
#4249 = LINE('',#4250,#4251);
#4250 = CARTESIAN_POINT('',(0.,8.5));
#4251 = VECTOR('',#4252,1.);
#4252 = DIRECTION('',(1.,0.));
#4253 = ( GEOMETRIC_REPRESENTATION_CONTEXT(2) 
PARAMETRIC_REPRESENTATION_CONTEXT() REPRESENTATION_CONTEXT('2D SPACE',''
  ) );
#4254 = PCURVE('',#4255,#4260);
#4255 = CONICAL_SURFACE('',#4256,28.,0.63502673539);
#4256 = AXIS2_PLACEMENT_3D('',#4257,#4258,#4259);
#4257 = CARTESIAN_POINT('',(33.587572106361,33.587572106361,8.5));
#4258 = DIRECTION('',(0.,0.,1.));
#4259 = DIRECTION('',(1.,0.,-0.));
#4260 = DEFINITIONAL_REPRESENTATION('',(#4261),#4265);
#4261 = LINE('',#4262,#4263);
#4262 = CARTESIAN_POINT('',(0.,0.));
#4263 = VECTOR('',#4264,1.);
#4264 = DIRECTION('',(1.,0.));
#4265 = ( GEOMETRIC_REPRESENTATION_CONTEXT(2) 
PARAMETRIC_REPRESENTATION_CONTEXT() REPRESENTATION_CONTEXT('2D SPACE',''
  ) );
#4266 = FACE_BOUND('',#4267,.T.);
#4267 = EDGE_LOOP('',(#4268,#4269,#4288,#4289));
#4268 = ORIENTED_EDGE('',*,*,#2245,.F.);
#4269 = ORIENTED_EDGE('',*,*,#4270,.T.);
#4270 = EDGE_CURVE('',#2246,#3160,#4271,.T.);
#4271 = SURFACE_CURVE('',#4272,(#4276,#4282),.PCURVE_S1.);
#4272 = LINE('',#4273,#4274);
#4273 = CARTESIAN_POINT('',(12.424940885856,15.253368010603,0.));
#4274 = VECTOR('',#4275,1.);
#4275 = DIRECTION('',(0.,0.,1.));
#4276 = PCURVE('',#2204,#4277);
#4277 = DEFINITIONAL_REPRESENTATION('',(#4278),#4281);
#4278 = B_SPLINE_CURVE_WITH_KNOTS('',1,(#4279,#4280),.UNSPECIFIED.,.F.,
  .F.,(2,2),(1.84,3.76),.PIECEWISE_BEZIER_KNOTS.);
#4279 = CARTESIAN_POINT('',(3.855501367102,1.84));
#4280 = CARTESIAN_POINT('',(3.855501367102,3.76));
#4281 = ( GEOMETRIC_REPRESENTATION_CONTEXT(2) 
PARAMETRIC_REPRESENTATION_CONTEXT() REPRESENTATION_CONTEXT('2D SPACE',''
  ) );
#4282 = PCURVE('',#2285,#4283);
#4283 = DEFINITIONAL_REPRESENTATION('',(#4284),#4287);
#4284 = B_SPLINE_CURVE_WITH_KNOTS('',1,(#4285,#4286),.UNSPECIFIED.,.F.,
  .F.,(2,2),(1.84,3.76),.PIECEWISE_BEZIER_KNOTS.);
#4285 = CARTESIAN_POINT('',(-0.16,19.571519912462));
#4286 = CARTESIAN_POINT('',(1.76,19.571519912462));
#4287 = ( GEOMETRIC_REPRESENTATION_CONTEXT(2) 
PARAMETRIC_REPRESENTATION_CONTEXT() REPRESENTATION_CONTEXT('2D SPACE',''
  ) );
#4288 = ORIENTED_EDGE('',*,*,#3159,.T.);
#4289 = ORIENTED_EDGE('',*,*,#4290,.F.);
#4290 = EDGE_CURVE('',#2217,#3132,#4291,.T.);
#4291 = SURFACE_CURVE('',#4292,(#4296,#4302),.PCURVE_S1.);
#4292 = LINE('',#4293,#4294);
#4293 = CARTESIAN_POINT('',(13.57984750182,13.999541165278,0.));
#4294 = VECTOR('',#4295,1.);
#4295 = DIRECTION('',(0.,0.,1.));
#4296 = PCURVE('',#2204,#4297);
#4297 = DEFINITIONAL_REPRESENTATION('',(#4298),#4301);
#4298 = B_SPLINE_CURVE_WITH_KNOTS('',1,(#4299,#4300),.UNSPECIFIED.,.F.,
  .F.,(2,2),(1.9999994,3.6000006),.PIECEWISE_BEZIER_KNOTS.);
#4299 = CARTESIAN_POINT('',(3.916391752986,1.9999994));
#4300 = CARTESIAN_POINT('',(3.916391752986,3.6000006));
#4301 = ( GEOMETRIC_REPRESENTATION_CONTEXT(2) 
PARAMETRIC_REPRESENTATION_CONTEXT() REPRESENTATION_CONTEXT('2D SPACE',''
  ) );
#4302 = PCURVE('',#2233,#4303);
#4303 = DEFINITIONAL_REPRESENTATION('',(#4304),#4307);
#4304 = B_SPLINE_CURVE_WITH_KNOTS('',1,(#4305,#4306),.UNSPECIFIED.,.F.,
  .F.,(2,2),(2.,3.6),.PIECEWISE_BEZIER_KNOTS.);
#4305 = CARTESIAN_POINT('',(-0.984557638446,-3.));
#4306 = CARTESIAN_POINT('',(-0.984557638446,-4.6));
#4307 = ( GEOMETRIC_REPRESENTATION_CONTEXT(2) 
PARAMETRIC_REPRESENTATION_CONTEXT() REPRESENTATION_CONTEXT('2D SPACE',''
  ) );
#4308 = FACE_BOUND('',#4309,.T.);
#4309 = EDGE_LOOP('',(#4310,#4311,#4330,#4331));
#4310 = ORIENTED_EDGE('',*,*,#2187,.F.);
#4311 = ORIENTED_EDGE('',*,*,#4312,.T.);
#4312 = EDGE_CURVE('',#2188,#3108,#4313,.T.);
#4313 = SURFACE_CURVE('',#4314,(#4318,#4324),.PCURVE_S1.);
#4314 = LINE('',#4315,#4316);
#4315 = CARTESIAN_POINT('',(13.999541165278,13.57984750182,0.));
#4316 = VECTOR('',#4317,1.);
#4317 = DIRECTION('',(0.,0.,1.));
#4318 = PCURVE('',#2204,#4319);
#4319 = DEFINITIONAL_REPRESENTATION('',(#4320),#4323);
#4320 = B_SPLINE_CURVE_WITH_KNOTS('',1,(#4321,#4322),.UNSPECIFIED.,.F.,
  .F.,(2,2),(1.9999994,3.6000006),.PIECEWISE_BEZIER_KNOTS.);
#4321 = CARTESIAN_POINT('',(3.937589880988,1.9999994));
#4322 = CARTESIAN_POINT('',(3.937589880988,3.6000006));
#4323 = ( GEOMETRIC_REPRESENTATION_CONTEXT(2) 
PARAMETRIC_REPRESENTATION_CONTEXT() REPRESENTATION_CONTEXT('2D SPACE',''
  ) );
#4324 = PCURVE('',#2233,#4325);
#4325 = DEFINITIONAL_REPRESENTATION('',(#4326),#4329);
#4326 = B_SPLINE_CURVE_WITH_KNOTS('',1,(#4327,#4328),.UNSPECIFIED.,.F.,
  .F.,(2,2),(2.,3.6),.PIECEWISE_BEZIER_KNOTS.);
#4327 = CARTESIAN_POINT('',(-6.869423995528,-3.));
#4328 = CARTESIAN_POINT('',(-6.869423995528,-4.6));
#4329 = ( GEOMETRIC_REPRESENTATION_CONTEXT(2) 
PARAMETRIC_REPRESENTATION_CONTEXT() REPRESENTATION_CONTEXT('2D SPACE',''
  ) );
#4330 = ORIENTED_EDGE('',*,*,#3107,.T.);
#4331 = ORIENTED_EDGE('',*,*,#4165,.F.);
#4332 = ADVANCED_FACE('',(#4333),#2233,.F.);
#4333 = FACE_BOUND('',#4334,.T.);
#4334 = EDGE_LOOP('',(#4335,#4336,#4337,#4338));
#4335 = ORIENTED_EDGE('',*,*,#3131,.F.);
#4336 = ORIENTED_EDGE('',*,*,#4312,.F.);
#4337 = ORIENTED_EDGE('',*,*,#2216,.F.);
#4338 = ORIENTED_EDGE('',*,*,#4290,.T.);
#4339 = ADVANCED_FACE('',(#4340),#2285,.T.);
#4340 = FACE_BOUND('',#4341,.T.);
#4341 = EDGE_LOOP('',(#4342,#4343,#4362,#4363));
#4342 = ORIENTED_EDGE('',*,*,#2269,.F.);
#4343 = ORIENTED_EDGE('',*,*,#4344,.T.);
#4344 = EDGE_CURVE('',#2270,#3184,#4345,.T.);
#4345 = SURFACE_CURVE('',#4346,(#4350,#4356),.PCURVE_S1.);
#4346 = LINE('',#4347,#4348);
#4347 = CARTESIAN_POINT('',(12.03527618041,14.863703305156,2.));
#4348 = VECTOR('',#4349,1.);
#4349 = DIRECTION('',(0.,0.,1.));
#4350 = PCURVE('',#2285,#4351);
#4351 = DEFINITIONAL_REPRESENTATION('',(#4352),#4355);
#4352 = B_SPLINE_CURVE_WITH_KNOTS('',1,(#4353,#4354),.UNSPECIFIED.,.F.,
  .F.,(2,2),(-5.999999999062E-07,1.6000006),.PIECEWISE_BEZIER_KNOTS.);
#4353 = CARTESIAN_POINT('',(-5.999999999062E-07,19.020450801242));
#4354 = CARTESIAN_POINT('',(1.6000006,19.020450801242));
#4355 = ( GEOMETRIC_REPRESENTATION_CONTEXT(2) 
PARAMETRIC_REPRESENTATION_CONTEXT() REPRESENTATION_CONTEXT('2D SPACE',''
  ) );
#4356 = PCURVE('',#2314,#4357);
#4357 = DEFINITIONAL_REPRESENTATION('',(#4358),#4361);
#4358 = B_SPLINE_CURVE_WITH_KNOTS('',1,(#4359,#4360),.UNSPECIFIED.,.F.,
  .F.,(2,2),(-5.999999999062E-07,1.6000006),.PIECEWISE_BEZIER_KNOTS.);
#4359 = CARTESIAN_POINT('',(1.308996938996,-5.999999999062E-07));
#4360 = CARTESIAN_POINT('',(1.308996938996,1.6000006));
#4361 = ( GEOMETRIC_REPRESENTATION_CONTEXT(2) 
PARAMETRIC_REPRESENTATION_CONTEXT() REPRESENTATION_CONTEXT('2D SPACE',''
  ) );
#4362 = ORIENTED_EDGE('',*,*,#3183,.T.);
#4363 = ORIENTED_EDGE('',*,*,#4270,.F.);
#4364 = ADVANCED_FACE('',(#4365),#2314,.T.);
#4365 = FACE_BOUND('',#4366,.T.);
#4366 = EDGE_LOOP('',(#4367,#4368,#4369,#4390));
#4367 = ORIENTED_EDGE('',*,*,#4344,.F.);
#4368 = ORIENTED_EDGE('',*,*,#2297,.T.);
#4369 = ORIENTED_EDGE('',*,*,#4370,.T.);
#4370 = EDGE_CURVE('',#2298,#3207,#4371,.T.);
#4371 = SURFACE_CURVE('',#4372,(#4376,#4383),.PCURVE_S1.);
#4372 = LINE('',#4373,#4374);
#4373 = CARTESIAN_POINT('',(11.,15.,2.));
#4374 = VECTOR('',#4375,1.);
#4375 = DIRECTION('',(0.,0.,1.));
#4376 = PCURVE('',#2314,#4377);
#4377 = DEFINITIONAL_REPRESENTATION('',(#4378),#4382);
#4378 = LINE('',#4379,#4380);
#4379 = CARTESIAN_POINT('',(1.570796326795,0.));
#4380 = VECTOR('',#4381,1.);
#4381 = DIRECTION('',(0.,1.));
#4382 = ( GEOMETRIC_REPRESENTATION_CONTEXT(2) 
PARAMETRIC_REPRESENTATION_CONTEXT() REPRESENTATION_CONTEXT('2D SPACE',''
  ) );
#4383 = PCURVE('',#2342,#4384);
#4384 = DEFINITIONAL_REPRESENTATION('',(#4385),#4389);
#4385 = LINE('',#4386,#4387);
#4386 = CARTESIAN_POINT('',(4.,0.));
#4387 = VECTOR('',#4388,1.);
#4388 = DIRECTION('',(0.,-1.));
#4389 = ( GEOMETRIC_REPRESENTATION_CONTEXT(2) 
PARAMETRIC_REPRESENTATION_CONTEXT() REPRESENTATION_CONTEXT('2D SPACE',''
  ) );
#4390 = ORIENTED_EDGE('',*,*,#3206,.F.);
#4391 = ADVANCED_FACE('',(#4392),#2342,.F.);
#4392 = FACE_BOUND('',#4393,.F.);
#4393 = EDGE_LOOP('',(#4394,#4395,#4396,#4397));
#4394 = ORIENTED_EDGE('',*,*,#2326,.F.);
#4395 = ORIENTED_EDGE('',*,*,#4370,.T.);
#4396 = ORIENTED_EDGE('',*,*,#3230,.T.);
#4397 = ORIENTED_EDGE('',*,*,#4398,.F.);
#4398 = EDGE_CURVE('',#2327,#3231,#4399,.T.);
#4399 = SURFACE_CURVE('',#4400,(#4404,#4411),.PCURVE_S1.);
#4400 = LINE('',#4401,#4402);
#4401 = CARTESIAN_POINT('',(-11.,15.,2.));
#4402 = VECTOR('',#4403,1.);
#4403 = DIRECTION('',(0.,0.,1.));
#4404 = PCURVE('',#2342,#4405);
#4405 = DEFINITIONAL_REPRESENTATION('',(#4406),#4410);
#4406 = LINE('',#4407,#4408);
#4407 = CARTESIAN_POINT('',(26.,0.));
#4408 = VECTOR('',#4409,1.);
#4409 = DIRECTION('',(0.,-1.));
#4410 = ( GEOMETRIC_REPRESENTATION_CONTEXT(2) 
PARAMETRIC_REPRESENTATION_CONTEXT() REPRESENTATION_CONTEXT('2D SPACE',''
  ) );
#4411 = PCURVE('',#2371,#4412);
#4412 = DEFINITIONAL_REPRESENTATION('',(#4413),#4417);
#4413 = LINE('',#4414,#4415);
#4414 = CARTESIAN_POINT('',(0.,0.));
#4415 = VECTOR('',#4416,1.);
#4416 = DIRECTION('',(0.,1.));
#4417 = ( GEOMETRIC_REPRESENTATION_CONTEXT(2) 
PARAMETRIC_REPRESENTATION_CONTEXT() REPRESENTATION_CONTEXT('2D SPACE',''
  ) );
#4418 = ADVANCED_FACE('',(#4419),#2371,.T.);
#4419 = FACE_BOUND('',#4420,.T.);
#4420 = EDGE_LOOP('',(#4421,#4422,#4423,#4442));
#4421 = ORIENTED_EDGE('',*,*,#4398,.F.);
#4422 = ORIENTED_EDGE('',*,*,#2354,.T.);
#4423 = ORIENTED_EDGE('',*,*,#4424,.T.);
#4424 = EDGE_CURVE('',#2355,#3254,#4425,.T.);
#4425 = SURFACE_CURVE('',#4426,(#4430,#4436),.PCURVE_S1.);
#4426 = LINE('',#4427,#4428);
#4427 = CARTESIAN_POINT('',(-12.03527618041,14.863703305156,2.));
#4428 = VECTOR('',#4429,1.);
#4429 = DIRECTION('',(0.,0.,1.));
#4430 = PCURVE('',#2371,#4431);
#4431 = DEFINITIONAL_REPRESENTATION('',(#4432),#4435);
#4432 = B_SPLINE_CURVE_WITH_KNOTS('',1,(#4433,#4434),.UNSPECIFIED.,.F.,
  .F.,(2,2),(-5.999999999062E-07,1.6000006),.PIECEWISE_BEZIER_KNOTS.);
#4433 = CARTESIAN_POINT('',(0.261799387799,-5.999999999062E-07));
#4434 = CARTESIAN_POINT('',(0.261799387799,1.6000006));
#4435 = ( GEOMETRIC_REPRESENTATION_CONTEXT(2) 
PARAMETRIC_REPRESENTATION_CONTEXT() REPRESENTATION_CONTEXT('2D SPACE',''
  ) );
#4436 = PCURVE('',#2399,#4437);
#4437 = DEFINITIONAL_REPRESENTATION('',(#4438),#4441);
#4438 = B_SPLINE_CURVE_WITH_KNOTS('',1,(#4439,#4440),.UNSPECIFIED.,.F.,
  .F.,(2,2),(-5.999999999062E-07,1.6000006),.PIECEWISE_BEZIER_KNOTS.);
#4439 = CARTESIAN_POINT('',(-5.999999999062E-07,19.020450801242));
#4440 = CARTESIAN_POINT('',(1.6000006,19.020450801242));
#4441 = ( GEOMETRIC_REPRESENTATION_CONTEXT(2) 
PARAMETRIC_REPRESENTATION_CONTEXT() REPRESENTATION_CONTEXT('2D SPACE',''
  ) );
#4442 = ORIENTED_EDGE('',*,*,#3253,.F.);
#4443 = ADVANCED_FACE('',(#4444),#2399,.F.);
#4444 = FACE_BOUND('',#4445,.F.);
#4445 = EDGE_LOOP('',(#4446,#4447,#4448,#4449));
#4446 = ORIENTED_EDGE('',*,*,#2383,.F.);
#4447 = ORIENTED_EDGE('',*,*,#4424,.T.);
#4448 = ORIENTED_EDGE('',*,*,#3277,.T.);
#4449 = ORIENTED_EDGE('',*,*,#4450,.F.);
#4450 = EDGE_CURVE('',#2384,#3278,#4451,.T.);
#4451 = SURFACE_CURVE('',#4452,(#4456,#4462),.PCURVE_S1.);
#4452 = LINE('',#4453,#4454);
#4453 = CARTESIAN_POINT('',(-12.42494088585,15.253368010603,0.));
#4454 = VECTOR('',#4455,1.);
#4455 = DIRECTION('',(0.,0.,1.));
#4456 = PCURVE('',#2399,#4457);
#4457 = DEFINITIONAL_REPRESENTATION('',(#4458),#4461);
#4458 = B_SPLINE_CURVE_WITH_KNOTS('',1,(#4459,#4460),.UNSPECIFIED.,.F.,
  .F.,(2,2),(1.84,3.76),.PIECEWISE_BEZIER_KNOTS.);
#4459 = CARTESIAN_POINT('',(-0.16,19.571519912462));
#4460 = CARTESIAN_POINT('',(1.76,19.571519912462));
#4461 = ( GEOMETRIC_REPRESENTATION_CONTEXT(2) 
PARAMETRIC_REPRESENTATION_CONTEXT() REPRESENTATION_CONTEXT('2D SPACE',''
  ) );
#4462 = PCURVE('',#2428,#4463);
#4463 = DEFINITIONAL_REPRESENTATION('',(#4464),#4467);
#4464 = B_SPLINE_CURVE_WITH_KNOTS('',1,(#4465,#4466),.UNSPECIFIED.,.F.,
  .F.,(2,2),(1.84,3.76),.PIECEWISE_BEZIER_KNOTS.);
#4465 = CARTESIAN_POINT('',(5.569276593668,1.84));
#4466 = CARTESIAN_POINT('',(5.569276593668,3.76));
#4467 = ( GEOMETRIC_REPRESENTATION_CONTEXT(2) 
PARAMETRIC_REPRESENTATION_CONTEXT() REPRESENTATION_CONTEXT('2D SPACE',''
  ) );
#4468 = ADVANCED_FACE('',(#4469,#4551,#4593),#2428,.T.);
#4469 = FACE_BOUND('',#4470,.T.);
#4470 = EDGE_LOOP('',(#4471,#4496,#4523,#4524));
#4471 = ORIENTED_EDGE('',*,*,#4472,.F.);
#4472 = EDGE_CURVE('',#4473,#4475,#4477,.T.);
#4473 = VERTEX_POINT('',#4474);
#4474 = CARTESIAN_POINT('',(-5.587572106361,33.587572106361,0.));
#4475 = VERTEX_POINT('',#4476);
#4476 = CARTESIAN_POINT('',(-5.587572106361,33.587572106361,8.5));
#4477 = SEAM_CURVE('',#4478,(#4482,#4489),.PCURVE_S1.);
#4478 = LINE('',#4479,#4480);
#4479 = CARTESIAN_POINT('',(-5.587572106361,33.587572106361,0.));
#4480 = VECTOR('',#4481,1.);
#4481 = DIRECTION('',(0.,0.,1.));
#4482 = PCURVE('',#2428,#4483);
#4483 = DEFINITIONAL_REPRESENTATION('',(#4484),#4488);
#4484 = LINE('',#4485,#4486);
#4485 = CARTESIAN_POINT('',(0.,0.));
#4486 = VECTOR('',#4487,1.);
#4487 = DIRECTION('',(0.,1.));
#4488 = ( GEOMETRIC_REPRESENTATION_CONTEXT(2) 
PARAMETRIC_REPRESENTATION_CONTEXT() REPRESENTATION_CONTEXT('2D SPACE',''
  ) );
#4489 = PCURVE('',#2428,#4490);
#4490 = DEFINITIONAL_REPRESENTATION('',(#4491),#4495);
#4491 = LINE('',#4492,#4493);
#4492 = CARTESIAN_POINT('',(6.28318530718,0.));
#4493 = VECTOR('',#4494,1.);
#4494 = DIRECTION('',(0.,1.));
#4495 = ( GEOMETRIC_REPRESENTATION_CONTEXT(2) 
PARAMETRIC_REPRESENTATION_CONTEXT() REPRESENTATION_CONTEXT('2D SPACE',''
  ) );
#4496 = ORIENTED_EDGE('',*,*,#4497,.T.);
#4497 = EDGE_CURVE('',#4473,#4473,#4498,.T.);
#4498 = SURFACE_CURVE('',#4499,(#4504,#4511),.PCURVE_S1.);
#4499 = CIRCLE('',#4500,28.);
#4500 = AXIS2_PLACEMENT_3D('',#4501,#4502,#4503);
#4501 = CARTESIAN_POINT('',(-33.58757210636,33.587572106361,0.));
#4502 = DIRECTION('',(0.,0.,1.));
#4503 = DIRECTION('',(1.,0.,-0.));
#4504 = PCURVE('',#2428,#4505);
#4505 = DEFINITIONAL_REPRESENTATION('',(#4506),#4510);
#4506 = LINE('',#4507,#4508);
#4507 = CARTESIAN_POINT('',(0.,0.));
#4508 = VECTOR('',#4509,1.);
#4509 = DIRECTION('',(1.,0.));
#4510 = ( GEOMETRIC_REPRESENTATION_CONTEXT(2) 
PARAMETRIC_REPRESENTATION_CONTEXT() REPRESENTATION_CONTEXT('2D SPACE',''
  ) );
#4511 = PCURVE('',#4512,#4517);
#4512 = PLANE('',#4513);
#4513 = AXIS2_PLACEMENT_3D('',#4514,#4515,#4516);
#4514 = CARTESIAN_POINT('',(-33.58757210636,33.587572106361,0.));
#4515 = DIRECTION('',(0.,0.,1.));
#4516 = DIRECTION('',(1.,0.,-0.));
#4517 = DEFINITIONAL_REPRESENTATION('',(#4518),#4522);
#4518 = CIRCLE('',#4519,28.);
#4519 = AXIS2_PLACEMENT_2D('',#4520,#4521);
#4520 = CARTESIAN_POINT('',(0.,0.));
#4521 = DIRECTION('',(1.,-0.));
#4522 = ( GEOMETRIC_REPRESENTATION_CONTEXT(2) 
PARAMETRIC_REPRESENTATION_CONTEXT() REPRESENTATION_CONTEXT('2D SPACE',''
  ) );
#4523 = ORIENTED_EDGE('',*,*,#4472,.T.);
#4524 = ORIENTED_EDGE('',*,*,#4525,.F.);
#4525 = EDGE_CURVE('',#4475,#4475,#4526,.T.);
#4526 = SURFACE_CURVE('',#4527,(#4532,#4539),.PCURVE_S1.);
#4527 = CIRCLE('',#4528,28.);
#4528 = AXIS2_PLACEMENT_3D('',#4529,#4530,#4531);
#4529 = CARTESIAN_POINT('',(-33.58757210636,33.587572106361,8.5));
#4530 = DIRECTION('',(0.,0.,1.));
#4531 = DIRECTION('',(1.,0.,-0.));
#4532 = PCURVE('',#2428,#4533);
#4533 = DEFINITIONAL_REPRESENTATION('',(#4534),#4538);
#4534 = LINE('',#4535,#4536);
#4535 = CARTESIAN_POINT('',(0.,8.5));
#4536 = VECTOR('',#4537,1.);
#4537 = DIRECTION('',(1.,0.));
#4538 = ( GEOMETRIC_REPRESENTATION_CONTEXT(2) 
PARAMETRIC_REPRESENTATION_CONTEXT() REPRESENTATION_CONTEXT('2D SPACE',''
  ) );
#4539 = PCURVE('',#4540,#4545);
#4540 = CONICAL_SURFACE('',#4541,28.,0.63502673539);
#4541 = AXIS2_PLACEMENT_3D('',#4542,#4543,#4544);
#4542 = CARTESIAN_POINT('',(-33.58757210636,33.587572106361,8.5));
#4543 = DIRECTION('',(0.,0.,1.));
#4544 = DIRECTION('',(1.,0.,-0.));
#4545 = DEFINITIONAL_REPRESENTATION('',(#4546),#4550);
#4546 = LINE('',#4547,#4548);
#4547 = CARTESIAN_POINT('',(0.,0.));
#4548 = VECTOR('',#4549,1.);
#4549 = DIRECTION('',(1.,0.));
#4550 = ( GEOMETRIC_REPRESENTATION_CONTEXT(2) 
PARAMETRIC_REPRESENTATION_CONTEXT() REPRESENTATION_CONTEXT('2D SPACE',''
  ) );
#4551 = FACE_BOUND('',#4552,.T.);
#4552 = EDGE_LOOP('',(#4553,#4554,#4573,#4574));
#4553 = ORIENTED_EDGE('',*,*,#2469,.F.);
#4554 = ORIENTED_EDGE('',*,*,#4555,.T.);
#4555 = EDGE_CURVE('',#2470,#3353,#4556,.T.);
#4556 = SURFACE_CURVE('',#4557,(#4561,#4567),.PCURVE_S1.);
#4557 = LINE('',#4558,#4559);
#4558 = CARTESIAN_POINT('',(-15.2533680106,12.424940885856,0.));
#4559 = VECTOR('',#4560,1.);
#4560 = DIRECTION('',(0.,0.,1.));
#4561 = PCURVE('',#2428,#4562);
#4562 = DEFINITIONAL_REPRESENTATION('',(#4563),#4566);
#4563 = B_SPLINE_CURVE_WITH_KNOTS('',1,(#4564,#4565),.UNSPECIFIED.,.F.,
  .F.,(2,2),(1.84,3.76),.PIECEWISE_BEZIER_KNOTS.);
#4564 = CARTESIAN_POINT('',(5.426297693897,1.84));
#4565 = CARTESIAN_POINT('',(5.426297693897,3.76));
#4566 = ( GEOMETRIC_REPRESENTATION_CONTEXT(2) 
PARAMETRIC_REPRESENTATION_CONTEXT() REPRESENTATION_CONTEXT('2D SPACE',''
  ) );
#4567 = PCURVE('',#2509,#4568);
#4568 = DEFINITIONAL_REPRESENTATION('',(#4569),#4572);
#4569 = B_SPLINE_CURVE_WITH_KNOTS('',1,(#4570,#4571),.UNSPECIFIED.,.F.,
  .F.,(2,2),(1.84,3.76),.PIECEWISE_BEZIER_KNOTS.);
#4570 = CARTESIAN_POINT('',(-0.16,19.571519912462));
#4571 = CARTESIAN_POINT('',(1.76,19.571519912462));
#4572 = ( GEOMETRIC_REPRESENTATION_CONTEXT(2) 
PARAMETRIC_REPRESENTATION_CONTEXT() REPRESENTATION_CONTEXT('2D SPACE',''
  ) );
#4573 = ORIENTED_EDGE('',*,*,#3352,.T.);
#4574 = ORIENTED_EDGE('',*,*,#4575,.F.);
#4575 = EDGE_CURVE('',#2441,#3325,#4576,.T.);
#4576 = SURFACE_CURVE('',#4577,(#4581,#4587),.PCURVE_S1.);
#4577 = LINE('',#4578,#4579);
#4578 = CARTESIAN_POINT('',(-13.99954116527,13.57984750182,0.));
#4579 = VECTOR('',#4580,1.);
#4580 = DIRECTION('',(0.,0.,1.));
#4581 = PCURVE('',#2428,#4582);
#4582 = DEFINITIONAL_REPRESENTATION('',(#4583),#4586);
#4583 = B_SPLINE_CURVE_WITH_KNOTS('',1,(#4584,#4585),.UNSPECIFIED.,.F.,
  .F.,(2,2),(1.9999994,3.6000006),.PIECEWISE_BEZIER_KNOTS.);
#4584 = CARTESIAN_POINT('',(5.487188079781,1.9999994));
#4585 = CARTESIAN_POINT('',(5.487188079781,3.6000006));
#4586 = ( GEOMETRIC_REPRESENTATION_CONTEXT(2) 
PARAMETRIC_REPRESENTATION_CONTEXT() REPRESENTATION_CONTEXT('2D SPACE',''
  ) );
#4587 = PCURVE('',#2457,#4588);
#4588 = DEFINITIONAL_REPRESENTATION('',(#4589),#4592);
#4589 = B_SPLINE_CURVE_WITH_KNOTS('',1,(#4590,#4591),.UNSPECIFIED.,.F.,
  .F.,(2,2),(2.,3.6),.PIECEWISE_BEZIER_KNOTS.);
#4590 = CARTESIAN_POINT('',(-2.555353965241,-3.));
#4591 = CARTESIAN_POINT('',(-2.555353965241,-4.6));
#4592 = ( GEOMETRIC_REPRESENTATION_CONTEXT(2) 
PARAMETRIC_REPRESENTATION_CONTEXT() REPRESENTATION_CONTEXT('2D SPACE',''
  ) );
#4593 = FACE_BOUND('',#4594,.T.);
#4594 = EDGE_LOOP('',(#4595,#4596,#4615,#4616));
#4595 = ORIENTED_EDGE('',*,*,#2411,.F.);
#4596 = ORIENTED_EDGE('',*,*,#4597,.T.);
#4597 = EDGE_CURVE('',#2412,#3301,#4598,.T.);
#4598 = SURFACE_CURVE('',#4599,(#4603,#4609),.PCURVE_S1.);
#4599 = LINE('',#4600,#4601);
#4600 = CARTESIAN_POINT('',(-13.57984750182,13.999541165278,0.));
#4601 = VECTOR('',#4602,1.);
#4602 = DIRECTION('',(0.,0.,1.));
#4603 = PCURVE('',#2428,#4604);
#4604 = DEFINITIONAL_REPRESENTATION('',(#4605),#4608);
#4605 = B_SPLINE_CURVE_WITH_KNOTS('',1,(#4606,#4607),.UNSPECIFIED.,.F.,
  .F.,(2,2),(1.9999994,3.6000006),.PIECEWISE_BEZIER_KNOTS.);
#4606 = CARTESIAN_POINT('',(5.508386207783,1.9999994));
#4607 = CARTESIAN_POINT('',(5.508386207783,3.6000006));
#4608 = ( GEOMETRIC_REPRESENTATION_CONTEXT(2) 
PARAMETRIC_REPRESENTATION_CONTEXT() REPRESENTATION_CONTEXT('2D SPACE',''
  ) );
#4609 = PCURVE('',#2457,#4610);
#4610 = DEFINITIONAL_REPRESENTATION('',(#4611),#4614);
#4611 = B_SPLINE_CURVE_WITH_KNOTS('',1,(#4612,#4613),.UNSPECIFIED.,.F.,
  .F.,(2,2),(2.,3.6),.PIECEWISE_BEZIER_KNOTS.);
#4612 = CARTESIAN_POINT('',(-8.440220322323,-3.));
#4613 = CARTESIAN_POINT('',(-8.440220322323,-4.6));
#4614 = ( GEOMETRIC_REPRESENTATION_CONTEXT(2) 
PARAMETRIC_REPRESENTATION_CONTEXT() REPRESENTATION_CONTEXT('2D SPACE',''
  ) );
#4615 = ORIENTED_EDGE('',*,*,#3300,.T.);
#4616 = ORIENTED_EDGE('',*,*,#4450,.F.);
#4617 = ADVANCED_FACE('',(#4618),#2457,.F.);
#4618 = FACE_BOUND('',#4619,.T.);
#4619 = EDGE_LOOP('',(#4620,#4621,#4622,#4623));
#4620 = ORIENTED_EDGE('',*,*,#3324,.F.);
#4621 = ORIENTED_EDGE('',*,*,#4597,.F.);
#4622 = ORIENTED_EDGE('',*,*,#2440,.F.);
#4623 = ORIENTED_EDGE('',*,*,#4575,.T.);
#4624 = ADVANCED_FACE('',(#4625),#2509,.T.);
#4625 = FACE_BOUND('',#4626,.T.);
#4626 = EDGE_LOOP('',(#4627,#4628,#4647,#4648));
#4627 = ORIENTED_EDGE('',*,*,#2493,.F.);
#4628 = ORIENTED_EDGE('',*,*,#4629,.T.);
#4629 = EDGE_CURVE('',#2494,#3377,#4630,.T.);
#4630 = SURFACE_CURVE('',#4631,(#4635,#4641),.PCURVE_S1.);
#4631 = LINE('',#4632,#4633);
#4632 = CARTESIAN_POINT('',(-14.86370330515,12.03527618041,2.));
#4633 = VECTOR('',#4634,1.);
#4634 = DIRECTION('',(0.,0.,1.));
#4635 = PCURVE('',#2509,#4636);
#4636 = DEFINITIONAL_REPRESENTATION('',(#4637),#4640);
#4637 = B_SPLINE_CURVE_WITH_KNOTS('',1,(#4638,#4639),.UNSPECIFIED.,.F.,
  .F.,(2,2),(-5.999999999062E-07,1.6000006),.PIECEWISE_BEZIER_KNOTS.);
#4638 = CARTESIAN_POINT('',(-5.999999999062E-07,19.020450801242));
#4639 = CARTESIAN_POINT('',(1.6000006,19.020450801242));
#4640 = ( GEOMETRIC_REPRESENTATION_CONTEXT(2) 
PARAMETRIC_REPRESENTATION_CONTEXT() REPRESENTATION_CONTEXT('2D SPACE',''
  ) );
#4641 = PCURVE('',#2538,#4642);
#4642 = DEFINITIONAL_REPRESENTATION('',(#4643),#4646);
#4643 = B_SPLINE_CURVE_WITH_KNOTS('',1,(#4644,#4645),.UNSPECIFIED.,.F.,
  .F.,(2,2),(-5.999999999062E-07,1.6000006),.PIECEWISE_BEZIER_KNOTS.);
#4644 = CARTESIAN_POINT('',(1.308996938996,-5.999999999062E-07));
#4645 = CARTESIAN_POINT('',(1.308996938996,1.6000006));
#4646 = ( GEOMETRIC_REPRESENTATION_CONTEXT(2) 
PARAMETRIC_REPRESENTATION_CONTEXT() REPRESENTATION_CONTEXT('2D SPACE',''
  ) );
#4647 = ORIENTED_EDGE('',*,*,#3376,.T.);
#4648 = ORIENTED_EDGE('',*,*,#4555,.F.);
#4649 = ADVANCED_FACE('',(#4650),#2538,.T.);
#4650 = FACE_BOUND('',#4651,.T.);
#4651 = EDGE_LOOP('',(#4652,#4653,#4654,#4675));
#4652 = ORIENTED_EDGE('',*,*,#4629,.F.);
#4653 = ORIENTED_EDGE('',*,*,#2521,.T.);
#4654 = ORIENTED_EDGE('',*,*,#4655,.T.);
#4655 = EDGE_CURVE('',#2522,#3400,#4656,.T.);
#4656 = SURFACE_CURVE('',#4657,(#4661,#4668),.PCURVE_S1.);
#4657 = LINE('',#4658,#4659);
#4658 = CARTESIAN_POINT('',(-15.,11.,2.));
#4659 = VECTOR('',#4660,1.);
#4660 = DIRECTION('',(0.,0.,1.));
#4661 = PCURVE('',#2538,#4662);
#4662 = DEFINITIONAL_REPRESENTATION('',(#4663),#4667);
#4663 = LINE('',#4664,#4665);
#4664 = CARTESIAN_POINT('',(1.570796326795,0.));
#4665 = VECTOR('',#4666,1.);
#4666 = DIRECTION('',(0.,1.));
#4667 = ( GEOMETRIC_REPRESENTATION_CONTEXT(2) 
PARAMETRIC_REPRESENTATION_CONTEXT() REPRESENTATION_CONTEXT('2D SPACE',''
  ) );
#4668 = PCURVE('',#2566,#4669);
#4669 = DEFINITIONAL_REPRESENTATION('',(#4670),#4674);
#4670 = LINE('',#4671,#4672);
#4671 = CARTESIAN_POINT('',(4.,0.));
#4672 = VECTOR('',#4673,1.);
#4673 = DIRECTION('',(0.,-1.));
#4674 = ( GEOMETRIC_REPRESENTATION_CONTEXT(2) 
PARAMETRIC_REPRESENTATION_CONTEXT() REPRESENTATION_CONTEXT('2D SPACE',''
  ) );
#4675 = ORIENTED_EDGE('',*,*,#3399,.F.);
#4676 = ADVANCED_FACE('',(#4677),#2566,.F.);
#4677 = FACE_BOUND('',#4678,.F.);
#4678 = EDGE_LOOP('',(#4679,#4680,#4681,#4682));
#4679 = ORIENTED_EDGE('',*,*,#2550,.F.);
#4680 = ORIENTED_EDGE('',*,*,#4655,.T.);
#4681 = ORIENTED_EDGE('',*,*,#3423,.T.);
#4682 = ORIENTED_EDGE('',*,*,#4683,.F.);
#4683 = EDGE_CURVE('',#2551,#3424,#4684,.T.);
#4684 = SURFACE_CURVE('',#4685,(#4689,#4696),.PCURVE_S1.);
#4685 = LINE('',#4686,#4687);
#4686 = CARTESIAN_POINT('',(-15.,-11.,2.));
#4687 = VECTOR('',#4688,1.);
#4688 = DIRECTION('',(0.,0.,1.));
#4689 = PCURVE('',#2566,#4690);
#4690 = DEFINITIONAL_REPRESENTATION('',(#4691),#4695);
#4691 = LINE('',#4692,#4693);
#4692 = CARTESIAN_POINT('',(26.,0.));
#4693 = VECTOR('',#4694,1.);
#4694 = DIRECTION('',(0.,-1.));
#4695 = ( GEOMETRIC_REPRESENTATION_CONTEXT(2) 
PARAMETRIC_REPRESENTATION_CONTEXT() REPRESENTATION_CONTEXT('2D SPACE',''
  ) );
#4696 = PCURVE('',#2599,#4697);
#4697 = DEFINITIONAL_REPRESENTATION('',(#4698),#4702);
#4698 = LINE('',#4699,#4700);
#4699 = CARTESIAN_POINT('',(-1.570796326795,0.));
#4700 = VECTOR('',#4701,1.);
#4701 = DIRECTION('',(-0.,1.));
#4702 = ( GEOMETRIC_REPRESENTATION_CONTEXT(2) 
PARAMETRIC_REPRESENTATION_CONTEXT() REPRESENTATION_CONTEXT('2D SPACE',''
  ) );
#4703 = ADVANCED_FACE('',(#4704),#2599,.T.);
#4704 = FACE_BOUND('',#4705,.F.);
#4705 = EDGE_LOOP('',(#4706,#4707,#4708,#4709));
#4706 = ORIENTED_EDGE('',*,*,#3634,.F.);
#4707 = ORIENTED_EDGE('',*,*,#2578,.T.);
#4708 = ORIENTED_EDGE('',*,*,#4683,.T.);
#4709 = ORIENTED_EDGE('',*,*,#3446,.F.);
#4710 = ADVANCED_FACE('',(#4711),#2696,.T.);
#4711 = FACE_BOUND('',#4712,.T.);
#4712 = EDGE_LOOP('',(#4713,#4714,#4735,#4736));
#4713 = ORIENTED_EDGE('',*,*,#2679,.T.);
#4714 = ORIENTED_EDGE('',*,*,#4715,.T.);
#4715 = EDGE_CURVE('',#2682,#3524,#4716,.T.);
#4716 = SURFACE_CURVE('',#4717,(#4721,#4728),.PCURVE_S1.);
#4717 = LINE('',#4718,#4719);
#4718 = CARTESIAN_POINT('',(6.,-5.,-1.));
#4719 = VECTOR('',#4720,1.);
#4720 = DIRECTION('',(0.,0.,1.));
#4721 = PCURVE('',#2696,#4722);
#4722 = DEFINITIONAL_REPRESENTATION('',(#4723),#4727);
#4723 = LINE('',#4724,#4725);
#4724 = CARTESIAN_POINT('',(0.,0.));
#4725 = VECTOR('',#4726,1.);
#4726 = DIRECTION('',(0.,-1.));
#4727 = ( GEOMETRIC_REPRESENTATION_CONTEXT(2) 
PARAMETRIC_REPRESENTATION_CONTEXT() REPRESENTATION_CONTEXT('2D SPACE',''
  ) );
#4728 = PCURVE('',#2722,#4729);
#4729 = DEFINITIONAL_REPRESENTATION('',(#4730),#4734);
#4730 = LINE('',#4731,#4732);
#4731 = CARTESIAN_POINT('',(12.,0.));
#4732 = VECTOR('',#4733,1.);
#4733 = DIRECTION('',(0.,-1.));
#4734 = ( GEOMETRIC_REPRESENTATION_CONTEXT(2) 
PARAMETRIC_REPRESENTATION_CONTEXT() REPRESENTATION_CONTEXT('2D SPACE',''
  ) );
#4735 = ORIENTED_EDGE('',*,*,#3521,.F.);
#4736 = ORIENTED_EDGE('',*,*,#4737,.F.);
#4737 = EDGE_CURVE('',#2680,#3522,#4738,.T.);
#4738 = SURFACE_CURVE('',#4739,(#4743,#4750),.PCURVE_S1.);
#4739 = LINE('',#4740,#4741);
#4740 = CARTESIAN_POINT('',(6.,5.,-1.));
#4741 = VECTOR('',#4742,1.);
#4742 = DIRECTION('',(0.,0.,1.));
#4743 = PCURVE('',#2696,#4744);
#4744 = DEFINITIONAL_REPRESENTATION('',(#4745),#4749);
#4745 = LINE('',#4746,#4747);
#4746 = CARTESIAN_POINT('',(10.,0.));
#4747 = VECTOR('',#4748,1.);
#4748 = DIRECTION('',(0.,-1.));
#4749 = ( GEOMETRIC_REPRESENTATION_CONTEXT(2) 
PARAMETRIC_REPRESENTATION_CONTEXT() REPRESENTATION_CONTEXT('2D SPACE',''
  ) );
#4750 = PCURVE('',#2772,#4751);
#4751 = DEFINITIONAL_REPRESENTATION('',(#4752),#4756);
#4752 = LINE('',#4753,#4754);
#4753 = CARTESIAN_POINT('',(0.,-0.));
#4754 = VECTOR('',#4755,1.);
#4755 = DIRECTION('',(0.,-1.));
#4756 = ( GEOMETRIC_REPRESENTATION_CONTEXT(2) 
PARAMETRIC_REPRESENTATION_CONTEXT() REPRESENTATION_CONTEXT('2D SPACE',''
  ) );
#4757 = ADVANCED_FACE('',(#4758),#2722,.T.);
#4758 = FACE_BOUND('',#4759,.T.);
#4759 = EDGE_LOOP('',(#4760,#4761,#4782,#4783));
#4760 = ORIENTED_EDGE('',*,*,#2707,.T.);
#4761 = ORIENTED_EDGE('',*,*,#4762,.T.);
#4762 = EDGE_CURVE('',#2708,#3545,#4763,.T.);
#4763 = SURFACE_CURVE('',#4764,(#4768,#4775),.PCURVE_S1.);
#4764 = LINE('',#4765,#4766);
#4765 = CARTESIAN_POINT('',(-6.,-5.,-1.));
#4766 = VECTOR('',#4767,1.);
#4767 = DIRECTION('',(0.,0.,1.));
#4768 = PCURVE('',#2722,#4769);
#4769 = DEFINITIONAL_REPRESENTATION('',(#4770),#4774);
#4770 = LINE('',#4771,#4772);
#4771 = CARTESIAN_POINT('',(0.,0.));
#4772 = VECTOR('',#4773,1.);
#4773 = DIRECTION('',(0.,-1.));
#4774 = ( GEOMETRIC_REPRESENTATION_CONTEXT(2) 
PARAMETRIC_REPRESENTATION_CONTEXT() REPRESENTATION_CONTEXT('2D SPACE',''
  ) );
#4775 = PCURVE('',#2748,#4776);
#4776 = DEFINITIONAL_REPRESENTATION('',(#4777),#4781);
#4777 = LINE('',#4778,#4779);
#4778 = CARTESIAN_POINT('',(10.,0.));
#4779 = VECTOR('',#4780,1.);
#4780 = DIRECTION('',(0.,-1.));
#4781 = ( GEOMETRIC_REPRESENTATION_CONTEXT(2) 
PARAMETRIC_REPRESENTATION_CONTEXT() REPRESENTATION_CONTEXT('2D SPACE',''
  ) );
#4782 = ORIENTED_EDGE('',*,*,#3544,.F.);
#4783 = ORIENTED_EDGE('',*,*,#4715,.F.);
#4784 = ADVANCED_FACE('',(#4785),#2748,.T.);
#4785 = FACE_BOUND('',#4786,.T.);
#4786 = EDGE_LOOP('',(#4787,#4788,#4809,#4810));
#4787 = ORIENTED_EDGE('',*,*,#2733,.T.);
#4788 = ORIENTED_EDGE('',*,*,#4789,.T.);
#4789 = EDGE_CURVE('',#2734,#3566,#4790,.T.);
#4790 = SURFACE_CURVE('',#4791,(#4795,#4802),.PCURVE_S1.);
#4791 = LINE('',#4792,#4793);
#4792 = CARTESIAN_POINT('',(-6.,5.,-1.));
#4793 = VECTOR('',#4794,1.);
#4794 = DIRECTION('',(0.,0.,1.));
#4795 = PCURVE('',#2748,#4796);
#4796 = DEFINITIONAL_REPRESENTATION('',(#4797),#4801);
#4797 = LINE('',#4798,#4799);
#4798 = CARTESIAN_POINT('',(0.,0.));
#4799 = VECTOR('',#4800,1.);
#4800 = DIRECTION('',(0.,-1.));
#4801 = ( GEOMETRIC_REPRESENTATION_CONTEXT(2) 
PARAMETRIC_REPRESENTATION_CONTEXT() REPRESENTATION_CONTEXT('2D SPACE',''
  ) );
#4802 = PCURVE('',#2772,#4803);
#4803 = DEFINITIONAL_REPRESENTATION('',(#4804),#4808);
#4804 = LINE('',#4805,#4806);
#4805 = CARTESIAN_POINT('',(12.,0.));
#4806 = VECTOR('',#4807,1.);
#4807 = DIRECTION('',(0.,-1.));
#4808 = ( GEOMETRIC_REPRESENTATION_CONTEXT(2) 
PARAMETRIC_REPRESENTATION_CONTEXT() REPRESENTATION_CONTEXT('2D SPACE',''
  ) );
#4809 = ORIENTED_EDGE('',*,*,#3565,.F.);
#4810 = ORIENTED_EDGE('',*,*,#4762,.F.);
#4811 = ADVANCED_FACE('',(#4812),#2772,.T.);
#4812 = FACE_BOUND('',#4813,.T.);
#4813 = EDGE_LOOP('',(#4814,#4815,#4816,#4817));
#4814 = ORIENTED_EDGE('',*,*,#2759,.T.);
#4815 = ORIENTED_EDGE('',*,*,#4737,.T.);
#4816 = ORIENTED_EDGE('',*,*,#3586,.F.);
#4817 = ORIENTED_EDGE('',*,*,#4789,.F.);
#4818 = ADVANCED_FACE('',(#4819),#3705,.F.);
#4819 = FACE_BOUND('',#4820,.T.);
#4820 = EDGE_LOOP('',(#4821,#4845,#4866,#4867));
#4821 = ORIENTED_EDGE('',*,*,#4822,.T.);
#4822 = EDGE_CURVE('',#4823,#4823,#4825,.T.);
#4823 = VERTEX_POINT('',#4824);
#4824 = CARTESIAN_POINT('',(-4.487572106361,-33.58757210636,11.));
#4825 = SURFACE_CURVE('',#4826,(#4831,#4838),.PCURVE_S1.);
#4826 = CIRCLE('',#4827,29.1);
#4827 = AXIS2_PLACEMENT_3D('',#4828,#4829,#4830);
#4828 = CARTESIAN_POINT('',(-33.58757210636,-33.58757210636,11.));
#4829 = DIRECTION('',(0.,0.,1.));
#4830 = DIRECTION('',(1.,0.,-0.));
#4831 = PCURVE('',#3705,#4832);
#4832 = DEFINITIONAL_REPRESENTATION('',(#4833),#4837);
#4833 = LINE('',#4834,#4835);
#4834 = CARTESIAN_POINT('',(0.,-0.));
#4835 = VECTOR('',#4836,1.);
#4836 = DIRECTION('',(1.,-0.));
#4837 = ( GEOMETRIC_REPRESENTATION_CONTEXT(2) 
PARAMETRIC_REPRESENTATION_CONTEXT() REPRESENTATION_CONTEXT('2D SPACE',''
  ) );
#4838 = PCURVE('',#3782,#4839);
#4839 = DEFINITIONAL_REPRESENTATION('',(#4840),#4844);
#4840 = CIRCLE('',#4841,29.1);
#4841 = AXIS2_PLACEMENT_2D('',#4842,#4843);
#4842 = CARTESIAN_POINT('',(0.,0.));
#4843 = DIRECTION('',(1.,0.));
#4844 = ( GEOMETRIC_REPRESENTATION_CONTEXT(2) 
PARAMETRIC_REPRESENTATION_CONTEXT() REPRESENTATION_CONTEXT('2D SPACE',''
  ) );
#4845 = ORIENTED_EDGE('',*,*,#4846,.T.);
#4846 = EDGE_CURVE('',#4823,#3689,#4847,.T.);
#4847 = SEAM_CURVE('',#4848,(#4852,#4859),.PCURVE_S1.);
#4848 = LINE('',#4849,#4850);
#4849 = CARTESIAN_POINT('',(-4.487572106361,-33.58757210636,11.));
#4850 = VECTOR('',#4851,1.);
#4851 = DIRECTION('',(-0.739940073396,0.,-0.672672793996));
#4852 = PCURVE('',#3705,#4853);
#4853 = DEFINITIONAL_REPRESENTATION('',(#4854),#4858);
#4854 = LINE('',#4855,#4856);
#4855 = CARTESIAN_POINT('',(0.,-0.));
#4856 = VECTOR('',#4857,1.);
#4857 = DIRECTION('',(0.,-1.));
#4858 = ( GEOMETRIC_REPRESENTATION_CONTEXT(2) 
PARAMETRIC_REPRESENTATION_CONTEXT() REPRESENTATION_CONTEXT('2D SPACE',''
  ) );
#4859 = PCURVE('',#3705,#4860);
#4860 = DEFINITIONAL_REPRESENTATION('',(#4861),#4865);
#4861 = LINE('',#4862,#4863);
#4862 = CARTESIAN_POINT('',(6.28318530718,-0.));
#4863 = VECTOR('',#4864,1.);
#4864 = DIRECTION('',(0.,-1.));
#4865 = ( GEOMETRIC_REPRESENTATION_CONTEXT(2) 
PARAMETRIC_REPRESENTATION_CONTEXT() REPRESENTATION_CONTEXT('2D SPACE',''
  ) );
#4866 = ORIENTED_EDGE('',*,*,#3688,.F.);
#4867 = ORIENTED_EDGE('',*,*,#4846,.F.);
#4868 = ADVANCED_FACE('',(#4869,#4872),#3782,.T.);
#4869 = FACE_BOUND('',#4870,.T.);
#4870 = EDGE_LOOP('',(#4871));
#4871 = ORIENTED_EDGE('',*,*,#3767,.T.);
#4872 = FACE_BOUND('',#4873,.T.);
#4873 = EDGE_LOOP('',(#4874));
#4874 = ORIENTED_EDGE('',*,*,#4822,.F.);
#4875 = ADVANCED_FACE('',(#4876),#3970,.T.);
#4876 = FACE_BOUND('',#4877,.T.);
#4877 = EDGE_LOOP('',(#4878,#4879,#4902,#4929));
#4878 = ORIENTED_EDGE('',*,*,#3955,.T.);
#4879 = ORIENTED_EDGE('',*,*,#4880,.T.);
#4880 = EDGE_CURVE('',#3905,#4881,#4883,.T.);
#4881 = VERTEX_POINT('',#4882);
#4882 = CARTESIAN_POINT('',(62.987572106361,-33.58757210636,10.4));
#4883 = SEAM_CURVE('',#4884,(#4888,#4895),.PCURVE_S1.);
#4884 = LINE('',#4885,#4886);
#4885 = CARTESIAN_POINT('',(61.587572106361,-33.58757210636,8.5));
#4886 = VECTOR('',#4887,1.);
#4887 = DIRECTION('',(0.59319903805,0.,0.805055837353));
#4888 = PCURVE('',#3970,#4889);
#4889 = DEFINITIONAL_REPRESENTATION('',(#4890),#4894);
#4890 = LINE('',#4891,#4892);
#4891 = CARTESIAN_POINT('',(0.,0.));
#4892 = VECTOR('',#4893,1.);
#4893 = DIRECTION('',(0.,1.));
#4894 = ( GEOMETRIC_REPRESENTATION_CONTEXT(2) 
PARAMETRIC_REPRESENTATION_CONTEXT() REPRESENTATION_CONTEXT('2D SPACE',''
  ) );
#4895 = PCURVE('',#3970,#4896);
#4896 = DEFINITIONAL_REPRESENTATION('',(#4897),#4901);
#4897 = LINE('',#4898,#4899);
#4898 = CARTESIAN_POINT('',(6.28318530718,0.));
#4899 = VECTOR('',#4900,1.);
#4900 = DIRECTION('',(0.,1.));
#4901 = ( GEOMETRIC_REPRESENTATION_CONTEXT(2) 
PARAMETRIC_REPRESENTATION_CONTEXT() REPRESENTATION_CONTEXT('2D SPACE',''
  ) );
#4902 = ORIENTED_EDGE('',*,*,#4903,.F.);
#4903 = EDGE_CURVE('',#4881,#4881,#4904,.T.);
#4904 = SURFACE_CURVE('',#4905,(#4910,#4917),.PCURVE_S1.);
#4905 = CIRCLE('',#4906,29.4);
#4906 = AXIS2_PLACEMENT_3D('',#4907,#4908,#4909);
#4907 = CARTESIAN_POINT('',(33.587572106361,-33.58757210636,10.4));
#4908 = DIRECTION('',(0.,0.,1.));
#4909 = DIRECTION('',(1.,0.,-0.));
#4910 = PCURVE('',#3970,#4911);
#4911 = DEFINITIONAL_REPRESENTATION('',(#4912),#4916);
#4912 = LINE('',#4913,#4914);
#4913 = CARTESIAN_POINT('',(0.,1.9));
#4914 = VECTOR('',#4915,1.);
#4915 = DIRECTION('',(1.,0.));
#4916 = ( GEOMETRIC_REPRESENTATION_CONTEXT(2) 
PARAMETRIC_REPRESENTATION_CONTEXT() REPRESENTATION_CONTEXT('2D SPACE',''
  ) );
#4917 = PCURVE('',#4918,#4923);
#4918 = CONICAL_SURFACE('',#4919,29.4,0.785398163397);
#4919 = AXIS2_PLACEMENT_3D('',#4920,#4921,#4922);
#4920 = CARTESIAN_POINT('',(33.587572106361,-33.58757210636,10.4));
#4921 = DIRECTION('',(0.,0.,1.));
#4922 = DIRECTION('',(1.,0.,-0.));
#4923 = DEFINITIONAL_REPRESENTATION('',(#4924),#4928);
#4924 = LINE('',#4925,#4926);
#4925 = CARTESIAN_POINT('',(0.,0.));
#4926 = VECTOR('',#4927,1.);
#4927 = DIRECTION('',(1.,0.));
#4928 = ( GEOMETRIC_REPRESENTATION_CONTEXT(2) 
PARAMETRIC_REPRESENTATION_CONTEXT() REPRESENTATION_CONTEXT('2D SPACE',''
  ) );
#4929 = ORIENTED_EDGE('',*,*,#4880,.F.);
#4930 = ADVANCED_FACE('',(#4931,#4934,#5050,#5161,#5296,#5327,#5362,
    #5393,#5424),#3942,.F.);
#4931 = FACE_BOUND('',#4932,.T.);
#4932 = EDGE_LOOP('',(#4933));
#4933 = ORIENTED_EDGE('',*,*,#3927,.F.);
#4934 = FACE_BOUND('',#4935,.T.);
#4935 = EDGE_LOOP('',(#4936,#4967,#4995,#5024));
#4936 = ORIENTED_EDGE('',*,*,#4937,.T.);
#4937 = EDGE_CURVE('',#4938,#4940,#4942,.T.);
#4938 = VERTEX_POINT('',#4939);
#4939 = CARTESIAN_POINT('',(13.527800382877,-15.36627801396,0.));
#4940 = VERTEX_POINT('',#4941);
#4941 = CARTESIAN_POINT('',(25.325947245907,-59.39756154194,0.));
#4942 = SURFACE_CURVE('',#4943,(#4948,#4955),.PCURVE_S1.);
#4943 = CIRCLE('',#4944,27.1);
#4944 = AXIS2_PLACEMENT_3D('',#4945,#4946,#4947);
#4945 = CARTESIAN_POINT('',(33.587572106361,-33.58757210636,0.));
#4946 = DIRECTION('',(0.,0.,1.));
#4947 = DIRECTION('',(1.,0.,-0.));
#4948 = PCURVE('',#3942,#4949);
#4949 = DEFINITIONAL_REPRESENTATION('',(#4950),#4954);
#4950 = CIRCLE('',#4951,27.1);
#4951 = AXIS2_PLACEMENT_2D('',#4952,#4953);
#4952 = CARTESIAN_POINT('',(0.,0.));
#4953 = DIRECTION('',(1.,-0.));
#4954 = ( GEOMETRIC_REPRESENTATION_CONTEXT(2) 
PARAMETRIC_REPRESENTATION_CONTEXT() REPRESENTATION_CONTEXT('2D SPACE',''
  ) );
#4955 = PCURVE('',#4956,#4961);
#4956 = CYLINDRICAL_SURFACE('',#4957,27.1);
#4957 = AXIS2_PLACEMENT_3D('',#4958,#4959,#4960);
#4958 = CARTESIAN_POINT('',(33.587572106361,-33.58757210636,8.4));
#4959 = DIRECTION('',(-0.,-0.,-1.));
#4960 = DIRECTION('',(1.,0.,0.));
#4961 = DEFINITIONAL_REPRESENTATION('',(#4962),#4966);
#4962 = LINE('',#4963,#4964);
#4963 = CARTESIAN_POINT('',(-0.,8.4));
#4964 = VECTOR('',#4965,1.);
#4965 = DIRECTION('',(-1.,0.));
#4966 = ( GEOMETRIC_REPRESENTATION_CONTEXT(2) 
PARAMETRIC_REPRESENTATION_CONTEXT() REPRESENTATION_CONTEXT('2D SPACE',''
  ) );
#4967 = ORIENTED_EDGE('',*,*,#4968,.F.);
#4968 = EDGE_CURVE('',#4969,#4940,#4971,.T.);
#4969 = VERTEX_POINT('',#4970);
#4970 = CARTESIAN_POINT('',(30.948699260564,-38.41316534488,0.));
#4971 = SURFACE_CURVE('',#4972,(#4976,#4983),.PCURVE_S1.);
#4972 = LINE('',#4973,#4974);
#4973 = CARTESIAN_POINT('',(30.986009497652,-38.27392164443,0.));
#4974 = VECTOR('',#4975,1.);
#4975 = DIRECTION('',(-0.258819045103,-0.965925826289,0.));
#4976 = PCURVE('',#3942,#4977);
#4977 = DEFINITIONAL_REPRESENTATION('',(#4978),#4982);
#4978 = LINE('',#4979,#4980);
#4979 = CARTESIAN_POINT('',(-2.601562608709,-4.68634953807));
#4980 = VECTOR('',#4981,1.);
#4981 = DIRECTION('',(-0.258819045103,-0.965925826289));
#4982 = ( GEOMETRIC_REPRESENTATION_CONTEXT(2) 
PARAMETRIC_REPRESENTATION_CONTEXT() REPRESENTATION_CONTEXT('2D SPACE',''
  ) );
#4983 = PCURVE('',#4984,#4989);
#4984 = PLANE('',#4985);
#4985 = AXIS2_PLACEMENT_3D('',#4986,#4987,#4988);
#4986 = CARTESIAN_POINT('',(30.986009497652,-38.27392164443,0.));
#4987 = DIRECTION('',(0.965925826289,-0.258819045103,0.));
#4988 = DIRECTION('',(0.,0.,1.));
#4989 = DEFINITIONAL_REPRESENTATION('',(#4990),#4994);
#4990 = LINE('',#4991,#4992);
#4991 = CARTESIAN_POINT('',(0.,0.));
#4992 = VECTOR('',#4993,1.);
#4993 = DIRECTION('',(0.,1.));
#4994 = ( GEOMETRIC_REPRESENTATION_CONTEXT(2) 
PARAMETRIC_REPRESENTATION_CONTEXT() REPRESENTATION_CONTEXT('2D SPACE',''
  ) );
#4995 = ORIENTED_EDGE('',*,*,#4996,.F.);
#4996 = EDGE_CURVE('',#4997,#4969,#4999,.T.);
#4997 = VERTEX_POINT('',#4998);
#4998 = CARTESIAN_POINT('',(28.88944456528,-30.72792219636,0.));
#4999 = SURFACE_CURVE('',#5000,(#5005,#5012),.PCURVE_S1.);
#5000 = CIRCLE('',#5001,5.5);
#5001 = AXIS2_PLACEMENT_3D('',#5002,#5003,#5004);
#5002 = CARTESIAN_POINT('',(33.587572106361,-33.58757210636,0.));
#5003 = DIRECTION('',(0.,0.,1.));
#5004 = DIRECTION('',(-0.854205007469,0.519936347272,0.));
#5005 = PCURVE('',#3942,#5006);
#5006 = DEFINITIONAL_REPRESENTATION('',(#5007),#5011);
#5007 = CIRCLE('',#5008,5.5);
#5008 = AXIS2_PLACEMENT_2D('',#5009,#5010);
#5009 = CARTESIAN_POINT('',(0.,0.));
#5010 = DIRECTION('',(-0.854205007469,0.519936347272));
#5011 = ( GEOMETRIC_REPRESENTATION_CONTEXT(2) 
PARAMETRIC_REPRESENTATION_CONTEXT() REPRESENTATION_CONTEXT('2D SPACE',''
  ) );
#5012 = PCURVE('',#5013,#5018);
#5013 = CYLINDRICAL_SURFACE('',#5014,5.5);
#5014 = AXIS2_PLACEMENT_3D('',#5015,#5016,#5017);
#5015 = CARTESIAN_POINT('',(33.587572106361,-33.58757210636,0.));
#5016 = DIRECTION('',(-0.,-0.,-1.));
#5017 = DIRECTION('',(1.,0.,0.));
#5018 = DEFINITIONAL_REPRESENTATION('',(#5019),#5023);
#5019 = LINE('',#5020,#5021);
#5020 = CARTESIAN_POINT('',(-2.594816221506,0.));
#5021 = VECTOR('',#5022,1.);
#5022 = DIRECTION('',(-1.,0.));
#5023 = ( GEOMETRIC_REPRESENTATION_CONTEXT(2) 
PARAMETRIC_REPRESENTATION_CONTEXT() REPRESENTATION_CONTEXT('2D SPACE',''
  ) );
#5024 = ORIENTED_EDGE('',*,*,#5025,.T.);
#5025 = EDGE_CURVE('',#4997,#4938,#5026,.T.);
#5026 = SURFACE_CURVE('',#5027,(#5031,#5038),.PCURVE_S1.);
#5027 = LINE('',#5028,#5029);
#5028 = CARTESIAN_POINT('',(28.991378028648,-30.82985565973,0.));
#5029 = VECTOR('',#5030,1.);
#5030 = DIRECTION('',(-0.707106781187,0.707106781187,0.));
#5031 = PCURVE('',#3942,#5032);
#5032 = DEFINITIONAL_REPRESENTATION('',(#5033),#5037);
#5033 = LINE('',#5034,#5035);
#5034 = CARTESIAN_POINT('',(-4.596194077713,2.757716446628));
#5035 = VECTOR('',#5036,1.);
#5036 = DIRECTION('',(-0.707106781187,0.707106781187));
#5037 = ( GEOMETRIC_REPRESENTATION_CONTEXT(2) 
PARAMETRIC_REPRESENTATION_CONTEXT() REPRESENTATION_CONTEXT('2D SPACE',''
  ) );
#5038 = PCURVE('',#5039,#5044);
#5039 = PLANE('',#5040);
#5040 = AXIS2_PLACEMENT_3D('',#5041,#5042,#5043);
#5041 = CARTESIAN_POINT('',(28.991378028648,-30.82985565973,0.));
#5042 = DIRECTION('',(-0.707106781187,-0.707106781187,0.));
#5043 = DIRECTION('',(0.,0.,1.));
#5044 = DEFINITIONAL_REPRESENTATION('',(#5045),#5049);
#5045 = LINE('',#5046,#5047);
#5046 = CARTESIAN_POINT('',(0.,0.));
#5047 = VECTOR('',#5048,1.);
#5048 = DIRECTION('',(0.,1.));
#5049 = ( GEOMETRIC_REPRESENTATION_CONTEXT(2) 
PARAMETRIC_REPRESENTATION_CONTEXT() REPRESENTATION_CONTEXT('2D SPACE',''
  ) );
#5050 = FACE_BOUND('',#5051,.T.);
#5051 = EDGE_LOOP('',(#5052,#5078,#5106,#5135));
#5052 = ORIENTED_EDGE('',*,*,#5053,.T.);
#5053 = EDGE_CURVE('',#5054,#5056,#5058,.T.);
#5054 = VERTEX_POINT('',#5055);
#5055 = CARTESIAN_POINT('',(59.397561541948,-25.3259472459,0.));
#5056 = VERTEX_POINT('',#5057);
#5057 = CARTESIAN_POINT('',(15.366278013962,-13.52780038287,0.));
#5058 = SURFACE_CURVE('',#5059,(#5064,#5071),.PCURVE_S1.);
#5059 = CIRCLE('',#5060,27.1);
#5060 = AXIS2_PLACEMENT_3D('',#5061,#5062,#5063);
#5061 = CARTESIAN_POINT('',(33.587572106361,-33.58757210636,0.));
#5062 = DIRECTION('',(0.,0.,1.));
#5063 = DIRECTION('',(1.,0.,-0.));
#5064 = PCURVE('',#3942,#5065);
#5065 = DEFINITIONAL_REPRESENTATION('',(#5066),#5070);
#5066 = CIRCLE('',#5067,27.1);
#5067 = AXIS2_PLACEMENT_2D('',#5068,#5069);
#5068 = CARTESIAN_POINT('',(0.,0.));
#5069 = DIRECTION('',(1.,-0.));
#5070 = ( GEOMETRIC_REPRESENTATION_CONTEXT(2) 
PARAMETRIC_REPRESENTATION_CONTEXT() REPRESENTATION_CONTEXT('2D SPACE',''
  ) );
#5071 = PCURVE('',#4956,#5072);
#5072 = DEFINITIONAL_REPRESENTATION('',(#5073),#5077);
#5073 = LINE('',#5074,#5075);
#5074 = CARTESIAN_POINT('',(-0.,8.4));
#5075 = VECTOR('',#5076,1.);
#5076 = DIRECTION('',(-1.,0.));
#5077 = ( GEOMETRIC_REPRESENTATION_CONTEXT(2) 
PARAMETRIC_REPRESENTATION_CONTEXT() REPRESENTATION_CONTEXT('2D SPACE',''
  ) );
#5078 = ORIENTED_EDGE('',*,*,#5079,.F.);
#5079 = EDGE_CURVE('',#5080,#5056,#5082,.T.);
#5080 = VERTEX_POINT('',#5081);
#5081 = CARTESIAN_POINT('',(30.727922196365,-28.88944456528,0.));
#5082 = SURFACE_CURVE('',#5083,(#5087,#5094),.PCURVE_S1.);
#5083 = LINE('',#5084,#5085);
#5084 = CARTESIAN_POINT('',(30.829855659733,-28.99137802864,0.));
#5085 = VECTOR('',#5086,1.);
#5086 = DIRECTION('',(-0.707106781187,0.707106781187,0.));
#5087 = PCURVE('',#3942,#5088);
#5088 = DEFINITIONAL_REPRESENTATION('',(#5089),#5093);
#5089 = LINE('',#5090,#5091);
#5090 = CARTESIAN_POINT('',(-2.757716446628,4.596194077713));
#5091 = VECTOR('',#5092,1.);
#5092 = DIRECTION('',(-0.707106781187,0.707106781187));
#5093 = ( GEOMETRIC_REPRESENTATION_CONTEXT(2) 
PARAMETRIC_REPRESENTATION_CONTEXT() REPRESENTATION_CONTEXT('2D SPACE',''
  ) );
#5094 = PCURVE('',#5095,#5100);
#5095 = PLANE('',#5096);
#5096 = AXIS2_PLACEMENT_3D('',#5097,#5098,#5099);
#5097 = CARTESIAN_POINT('',(30.829855659733,-28.99137802864,0.));
#5098 = DIRECTION('',(-0.707106781187,-0.707106781187,0.));
#5099 = DIRECTION('',(0.,0.,1.));
#5100 = DEFINITIONAL_REPRESENTATION('',(#5101),#5105);
#5101 = LINE('',#5102,#5103);
#5102 = CARTESIAN_POINT('',(0.,0.));
#5103 = VECTOR('',#5104,1.);
#5104 = DIRECTION('',(0.,1.));
#5105 = ( GEOMETRIC_REPRESENTATION_CONTEXT(2) 
PARAMETRIC_REPRESENTATION_CONTEXT() REPRESENTATION_CONTEXT('2D SPACE',''
  ) );
#5106 = ORIENTED_EDGE('',*,*,#5107,.F.);
#5107 = EDGE_CURVE('',#5108,#5080,#5110,.T.);
#5108 = VERTEX_POINT('',#5109);
#5109 = CARTESIAN_POINT('',(38.413165344887,-30.94869926056,0.));
#5110 = SURFACE_CURVE('',#5111,(#5116,#5123),.PCURVE_S1.);
#5111 = CIRCLE('',#5112,5.5);
#5112 = AXIS2_PLACEMENT_3D('',#5113,#5114,#5115);
#5113 = CARTESIAN_POINT('',(33.587572106361,-33.58757210636,0.));
#5114 = DIRECTION('',(0.,0.,1.));
#5115 = DIRECTION('',(-0.854205007469,0.519936347272,0.));
#5116 = PCURVE('',#3942,#5117);
#5117 = DEFINITIONAL_REPRESENTATION('',(#5118),#5122);
#5118 = CIRCLE('',#5119,5.5);
#5119 = AXIS2_PLACEMENT_2D('',#5120,#5121);
#5120 = CARTESIAN_POINT('',(0.,0.));
#5121 = DIRECTION('',(-0.854205007469,0.519936347272));
#5122 = ( GEOMETRIC_REPRESENTATION_CONTEXT(2) 
PARAMETRIC_REPRESENTATION_CONTEXT() REPRESENTATION_CONTEXT('2D SPACE',''
  ) );
#5123 = PCURVE('',#5124,#5129);
#5124 = CYLINDRICAL_SURFACE('',#5125,5.5);
#5125 = AXIS2_PLACEMENT_3D('',#5126,#5127,#5128);
#5126 = CARTESIAN_POINT('',(33.587572106361,-33.58757210636,0.));
#5127 = DIRECTION('',(-0.,-0.,-1.));
#5128 = DIRECTION('',(1.,0.,0.));
#5129 = DEFINITIONAL_REPRESENTATION('',(#5130),#5134);
#5130 = LINE('',#5131,#5132);
#5131 = CARTESIAN_POINT('',(-2.594816221506,0.));
#5132 = VECTOR('',#5133,1.);
#5133 = DIRECTION('',(-1.,0.));
#5134 = ( GEOMETRIC_REPRESENTATION_CONTEXT(2) 
PARAMETRIC_REPRESENTATION_CONTEXT() REPRESENTATION_CONTEXT('2D SPACE',''
  ) );
#5135 = ORIENTED_EDGE('',*,*,#5136,.T.);
#5136 = EDGE_CURVE('',#5108,#5054,#5137,.T.);
#5137 = SURFACE_CURVE('',#5138,(#5142,#5149),.PCURVE_S1.);
#5138 = LINE('',#5139,#5140);
#5139 = CARTESIAN_POINT('',(38.273921644431,-30.98600949765,0.));
#5140 = VECTOR('',#5141,1.);
#5141 = DIRECTION('',(0.965925826289,0.258819045103,0.));
#5142 = PCURVE('',#3942,#5143);
#5143 = DEFINITIONAL_REPRESENTATION('',(#5144),#5148);
#5144 = LINE('',#5145,#5146);
#5145 = CARTESIAN_POINT('',(4.68634953807,2.601562608709));
#5146 = VECTOR('',#5147,1.);
#5147 = DIRECTION('',(0.965925826289,0.258819045103));
#5148 = ( GEOMETRIC_REPRESENTATION_CONTEXT(2) 
PARAMETRIC_REPRESENTATION_CONTEXT() REPRESENTATION_CONTEXT('2D SPACE',''
  ) );
#5149 = PCURVE('',#5150,#5155);
#5150 = PLANE('',#5151);
#5151 = AXIS2_PLACEMENT_3D('',#5152,#5153,#5154);
#5152 = CARTESIAN_POINT('',(38.273921644431,-30.98600949765,0.));
#5153 = DIRECTION('',(-0.258819045103,0.965925826289,0.));
#5154 = DIRECTION('',(0.,0.,1.));
#5155 = DEFINITIONAL_REPRESENTATION('',(#5156),#5160);
#5156 = LINE('',#5157,#5158);
#5157 = CARTESIAN_POINT('',(0.,0.));
#5158 = VECTOR('',#5159,1.);
#5159 = DIRECTION('',(0.,1.));
#5160 = ( GEOMETRIC_REPRESENTATION_CONTEXT(2) 
PARAMETRIC_REPRESENTATION_CONTEXT() REPRESENTATION_CONTEXT('2D SPACE',''
  ) );
#5161 = FACE_BOUND('',#5162,.T.);
#5162 = EDGE_LOOP('',(#5163,#5189,#5217,#5246,#5274));
#5163 = ORIENTED_EDGE('',*,*,#5164,.T.);
#5164 = EDGE_CURVE('',#5165,#5167,#5169,.T.);
#5165 = VERTEX_POINT('',#5166);
#5166 = CARTESIAN_POINT('',(60.687572106361,-33.58757210636,0.));
#5167 = VERTEX_POINT('',#5168);
#5168 = CARTESIAN_POINT('',(60.070491059215,-27.83735439425,0.));
#5169 = SURFACE_CURVE('',#5170,(#5175,#5182),.PCURVE_S1.);
#5170 = CIRCLE('',#5171,27.1);
#5171 = AXIS2_PLACEMENT_3D('',#5172,#5173,#5174);
#5172 = CARTESIAN_POINT('',(33.587572106361,-33.58757210636,0.));
#5173 = DIRECTION('',(0.,0.,1.));
#5174 = DIRECTION('',(1.,0.,-0.));
#5175 = PCURVE('',#3942,#5176);
#5176 = DEFINITIONAL_REPRESENTATION('',(#5177),#5181);
#5177 = CIRCLE('',#5178,27.1);
#5178 = AXIS2_PLACEMENT_2D('',#5179,#5180);
#5179 = CARTESIAN_POINT('',(0.,0.));
#5180 = DIRECTION('',(1.,-0.));
#5181 = ( GEOMETRIC_REPRESENTATION_CONTEXT(2) 
PARAMETRIC_REPRESENTATION_CONTEXT() REPRESENTATION_CONTEXT('2D SPACE',''
  ) );
#5182 = PCURVE('',#4956,#5183);
#5183 = DEFINITIONAL_REPRESENTATION('',(#5184),#5188);
#5184 = LINE('',#5185,#5186);
#5185 = CARTESIAN_POINT('',(-0.,8.4));
#5186 = VECTOR('',#5187,1.);
#5187 = DIRECTION('',(-1.,0.));
#5188 = ( GEOMETRIC_REPRESENTATION_CONTEXT(2) 
PARAMETRIC_REPRESENTATION_CONTEXT() REPRESENTATION_CONTEXT('2D SPACE',''
  ) );
#5189 = ORIENTED_EDGE('',*,*,#5190,.F.);
#5190 = EDGE_CURVE('',#5191,#5167,#5193,.T.);
#5191 = VERTEX_POINT('',#5192);
#5192 = CARTESIAN_POINT('',(39.086094862154,-33.46010640891,0.));
#5193 = SURFACE_CURVE('',#5194,(#5198,#5205),.PCURVE_S1.);
#5194 = LINE('',#5195,#5196);
#5195 = CARTESIAN_POINT('',(38.946851161697,-33.497416646,0.));
#5196 = VECTOR('',#5197,1.);
#5197 = DIRECTION('',(0.965925826289,0.258819045103,0.));
#5198 = PCURVE('',#3942,#5199);
#5199 = DEFINITIONAL_REPRESENTATION('',(#5200),#5204);
#5200 = LINE('',#5201,#5202);
#5201 = CARTESIAN_POINT('',(5.359279055336,9.015546035732E-02));
#5202 = VECTOR('',#5203,1.);
#5203 = DIRECTION('',(0.965925826289,0.258819045103));
#5204 = ( GEOMETRIC_REPRESENTATION_CONTEXT(2) 
PARAMETRIC_REPRESENTATION_CONTEXT() REPRESENTATION_CONTEXT('2D SPACE',''
  ) );
#5205 = PCURVE('',#5206,#5211);
#5206 = PLANE('',#5207);
#5207 = AXIS2_PLACEMENT_3D('',#5208,#5209,#5210);
#5208 = CARTESIAN_POINT('',(38.946851161697,-33.497416646,0.));
#5209 = DIRECTION('',(-0.258819045103,0.965925826289,0.));
#5210 = DIRECTION('',(0.,0.,1.));
#5211 = DEFINITIONAL_REPRESENTATION('',(#5212),#5216);
#5212 = LINE('',#5213,#5214);
#5213 = CARTESIAN_POINT('',(0.,0.));
#5214 = VECTOR('',#5215,1.);
#5215 = DIRECTION('',(0.,1.));
#5216 = ( GEOMETRIC_REPRESENTATION_CONTEXT(2) 
PARAMETRIC_REPRESENTATION_CONTEXT() REPRESENTATION_CONTEXT('2D SPACE',''
  ) );
#5217 = ORIENTED_EDGE('',*,*,#5218,.F.);
#5218 = EDGE_CURVE('',#5219,#5191,#5221,.T.);
#5219 = VERTEX_POINT('',#5220);
#5220 = CARTESIAN_POINT('',(33.460106408915,-39.08609486215,0.));
#5221 = SURFACE_CURVE('',#5222,(#5227,#5234),.PCURVE_S1.);
#5222 = CIRCLE('',#5223,5.5);
#5223 = AXIS2_PLACEMENT_3D('',#5224,#5225,#5226);
#5224 = CARTESIAN_POINT('',(33.587572106361,-33.58757210636,0.));
#5225 = DIRECTION('',(0.,0.,1.));
#5226 = DIRECTION('',(-0.854205007469,0.519936347272,0.));
#5227 = PCURVE('',#3942,#5228);
#5228 = DEFINITIONAL_REPRESENTATION('',(#5229),#5233);
#5229 = CIRCLE('',#5230,5.5);
#5230 = AXIS2_PLACEMENT_2D('',#5231,#5232);
#5231 = CARTESIAN_POINT('',(0.,0.));
#5232 = DIRECTION('',(-0.854205007469,0.519936347272));
#5233 = ( GEOMETRIC_REPRESENTATION_CONTEXT(2) 
PARAMETRIC_REPRESENTATION_CONTEXT() REPRESENTATION_CONTEXT('2D SPACE',''
  ) );
#5234 = PCURVE('',#5235,#5240);
#5235 = CYLINDRICAL_SURFACE('',#5236,5.5);
#5236 = AXIS2_PLACEMENT_3D('',#5237,#5238,#5239);
#5237 = CARTESIAN_POINT('',(33.587572106361,-33.58757210636,0.));
#5238 = DIRECTION('',(-0.,-0.,-1.));
#5239 = DIRECTION('',(1.,0.,0.));
#5240 = DEFINITIONAL_REPRESENTATION('',(#5241),#5245);
#5241 = LINE('',#5242,#5243);
#5242 = CARTESIAN_POINT('',(-2.594816221506,0.));
#5243 = VECTOR('',#5244,1.);
#5244 = DIRECTION('',(-1.,0.));
#5245 = ( GEOMETRIC_REPRESENTATION_CONTEXT(2) 
PARAMETRIC_REPRESENTATION_CONTEXT() REPRESENTATION_CONTEXT('2D SPACE',''
  ) );
#5246 = ORIENTED_EDGE('',*,*,#5247,.T.);
#5247 = EDGE_CURVE('',#5219,#5248,#5250,.T.);
#5248 = VERTEX_POINT('',#5249);
#5249 = CARTESIAN_POINT('',(27.837354394258,-60.07049105921,0.));
#5250 = SURFACE_CURVE('',#5251,(#5255,#5262),.PCURVE_S1.);
#5251 = LINE('',#5252,#5253);
#5252 = CARTESIAN_POINT('',(33.497416646004,-38.94685116169,0.));
#5253 = VECTOR('',#5254,1.);
#5254 = DIRECTION('',(-0.258819045103,-0.965925826289,0.));
#5255 = PCURVE('',#3942,#5256);
#5256 = DEFINITIONAL_REPRESENTATION('',(#5257),#5261);
#5257 = LINE('',#5258,#5259);
#5258 = CARTESIAN_POINT('',(-9.015546035732E-02,-5.359279055336));
#5259 = VECTOR('',#5260,1.);
#5260 = DIRECTION('',(-0.258819045103,-0.965925826289));
#5261 = ( GEOMETRIC_REPRESENTATION_CONTEXT(2) 
PARAMETRIC_REPRESENTATION_CONTEXT() REPRESENTATION_CONTEXT('2D SPACE',''
  ) );
#5262 = PCURVE('',#5263,#5268);
#5263 = PLANE('',#5264);
#5264 = AXIS2_PLACEMENT_3D('',#5265,#5266,#5267);
#5265 = CARTESIAN_POINT('',(33.497416646004,-38.94685116169,0.));
#5266 = DIRECTION('',(0.965925826289,-0.258819045103,0.));
#5267 = DIRECTION('',(0.,0.,1.));
#5268 = DEFINITIONAL_REPRESENTATION('',(#5269),#5273);
#5269 = LINE('',#5270,#5271);
#5270 = CARTESIAN_POINT('',(0.,0.));
#5271 = VECTOR('',#5272,1.);
#5272 = DIRECTION('',(0.,1.));
#5273 = ( GEOMETRIC_REPRESENTATION_CONTEXT(2) 
PARAMETRIC_REPRESENTATION_CONTEXT() REPRESENTATION_CONTEXT('2D SPACE',''
  ) );
#5274 = ORIENTED_EDGE('',*,*,#5275,.T.);
#5275 = EDGE_CURVE('',#5248,#5165,#5276,.T.);
#5276 = SURFACE_CURVE('',#5277,(#5282,#5289),.PCURVE_S1.);
#5277 = CIRCLE('',#5278,27.1);
#5278 = AXIS2_PLACEMENT_3D('',#5279,#5280,#5281);
#5279 = CARTESIAN_POINT('',(33.587572106361,-33.58757210636,0.));
#5280 = DIRECTION('',(0.,0.,1.));
#5281 = DIRECTION('',(1.,0.,-0.));
#5282 = PCURVE('',#3942,#5283);
#5283 = DEFINITIONAL_REPRESENTATION('',(#5284),#5288);
#5284 = CIRCLE('',#5285,27.1);
#5285 = AXIS2_PLACEMENT_2D('',#5286,#5287);
#5286 = CARTESIAN_POINT('',(0.,0.));
#5287 = DIRECTION('',(1.,-0.));
#5288 = ( GEOMETRIC_REPRESENTATION_CONTEXT(2) 
PARAMETRIC_REPRESENTATION_CONTEXT() REPRESENTATION_CONTEXT('2D SPACE',''
  ) );
#5289 = PCURVE('',#4956,#5290);
#5290 = DEFINITIONAL_REPRESENTATION('',(#5291),#5295);
#5291 = LINE('',#5292,#5293);
#5292 = CARTESIAN_POINT('',(-0.,8.4));
#5293 = VECTOR('',#5294,1.);
#5294 = DIRECTION('',(-1.,0.));
#5295 = ( GEOMETRIC_REPRESENTATION_CONTEXT(2) 
PARAMETRIC_REPRESENTATION_CONTEXT() REPRESENTATION_CONTEXT('2D SPACE',''
  ) );
#5296 = FACE_BOUND('',#5297,.T.);
#5297 = EDGE_LOOP('',(#5298));
#5298 = ORIENTED_EDGE('',*,*,#5299,.T.);
#5299 = EDGE_CURVE('',#5300,#5300,#5302,.T.);
#5300 = VERTEX_POINT('',#5301);
#5301 = CARTESIAN_POINT('',(36.471024484277,-31.25411972844,0.));
#5302 = SURFACE_CURVE('',#5303,(#5308,#5315),.PCURVE_S1.);
#5303 = CIRCLE('',#5304,0.55);
#5304 = AXIS2_PLACEMENT_3D('',#5305,#5306,#5307);
#5305 = CARTESIAN_POINT('',(35.921024484277,-31.25411972844,0.));
#5306 = DIRECTION('',(0.,0.,1.));
#5307 = DIRECTION('',(1.,0.,0.));
#5308 = PCURVE('',#3942,#5309);
#5309 = DEFINITIONAL_REPRESENTATION('',(#5310),#5314);
#5310 = CIRCLE('',#5311,0.55);
#5311 = AXIS2_PLACEMENT_2D('',#5312,#5313);
#5312 = CARTESIAN_POINT('',(2.333452377916,2.333452377916));
#5313 = DIRECTION('',(1.,-0.));
#5314 = ( GEOMETRIC_REPRESENTATION_CONTEXT(2) 
PARAMETRIC_REPRESENTATION_CONTEXT() REPRESENTATION_CONTEXT('2D SPACE',''
  ) );
#5315 = PCURVE('',#5316,#5321);
#5316 = CYLINDRICAL_SURFACE('',#5317,0.55);
#5317 = AXIS2_PLACEMENT_3D('',#5318,#5319,#5320);
#5318 = CARTESIAN_POINT('',(35.921024484277,-31.25411972844,0.));
#5319 = DIRECTION('',(-0.,-0.,-1.));
#5320 = DIRECTION('',(1.,0.,0.));
#5321 = DEFINITIONAL_REPRESENTATION('',(#5322),#5326);
#5322 = LINE('',#5323,#5324);
#5323 = CARTESIAN_POINT('',(-0.,0.));
#5324 = VECTOR('',#5325,1.);
#5325 = DIRECTION('',(-1.,0.));
#5326 = ( GEOMETRIC_REPRESENTATION_CONTEXT(2) 
PARAMETRIC_REPRESENTATION_CONTEXT() REPRESENTATION_CONTEXT('2D SPACE',''
  ) );
#5327 = FACE_BOUND('',#5328,.T.);
#5328 = EDGE_LOOP('',(#5329));
#5329 = ORIENTED_EDGE('',*,*,#5330,.F.);
#5330 = EDGE_CURVE('',#5331,#5331,#5333,.T.);
#5331 = VERTEX_POINT('',#5332);
#5332 = CARTESIAN_POINT('',(32.787572106361,-33.58757210636,0.));
#5333 = SURFACE_CURVE('',#5334,(#5339,#5350),.PCURVE_S1.);
#5334 = CIRCLE('',#5335,0.8);
#5335 = AXIS2_PLACEMENT_3D('',#5336,#5337,#5338);
#5336 = CARTESIAN_POINT('',(33.587572106361,-33.58757210636,0.));
#5337 = DIRECTION('',(0.,0.,-1.));
#5338 = DIRECTION('',(-1.,0.,0.));
#5339 = PCURVE('',#3942,#5340);
#5340 = DEFINITIONAL_REPRESENTATION('',(#5341),#5349);
#5341 = ( BOUNDED_CURVE() B_SPLINE_CURVE(2,(#5342,#5343,#5344,#5345,
#5346,#5347,#5348),.UNSPECIFIED.,.T.,.F.) B_SPLINE_CURVE_WITH_KNOTS((1,2
    ,2,2,2,1),(-2.094395102393,0.,2.094395102393,4.188790204786,
6.28318530718,8.377580409573),.UNSPECIFIED.) CURVE() 
GEOMETRIC_REPRESENTATION_ITEM() RATIONAL_B_SPLINE_CURVE((1.,0.5,1.,0.5,
1.,0.5,1.)) REPRESENTATION_ITEM('') );
#5342 = CARTESIAN_POINT('',(-0.8,0.));
#5343 = CARTESIAN_POINT('',(-0.8,1.385640646055));
#5344 = CARTESIAN_POINT('',(0.4,0.692820323028));
#5345 = CARTESIAN_POINT('',(1.6,1.959434878636E-16));
#5346 = CARTESIAN_POINT('',(0.4,-0.692820323028));
#5347 = CARTESIAN_POINT('',(-0.8,-1.385640646055));
#5348 = CARTESIAN_POINT('',(-0.8,0.));
#5349 = ( GEOMETRIC_REPRESENTATION_CONTEXT(2) 
PARAMETRIC_REPRESENTATION_CONTEXT() REPRESENTATION_CONTEXT('2D SPACE',''
  ) );
#5350 = PCURVE('',#5351,#5356);
#5351 = CYLINDRICAL_SURFACE('',#5352,0.8);
#5352 = AXIS2_PLACEMENT_3D('',#5353,#5354,#5355);
#5353 = CARTESIAN_POINT('',(33.587572106361,-33.58757210636,1.8));
#5354 = DIRECTION('',(0.,0.,-1.));
#5355 = DIRECTION('',(-1.,0.,0.));
#5356 = DEFINITIONAL_REPRESENTATION('',(#5357),#5361);
#5357 = LINE('',#5358,#5359);
#5358 = CARTESIAN_POINT('',(0.,1.8));
#5359 = VECTOR('',#5360,1.);
#5360 = DIRECTION('',(1.,0.));
#5361 = ( GEOMETRIC_REPRESENTATION_CONTEXT(2) 
PARAMETRIC_REPRESENTATION_CONTEXT() REPRESENTATION_CONTEXT('2D SPACE',''
  ) );
#5362 = FACE_BOUND('',#5363,.T.);
#5363 = EDGE_LOOP('',(#5364));
#5364 = ORIENTED_EDGE('',*,*,#5365,.T.);
#5365 = EDGE_CURVE('',#5366,#5366,#5368,.T.);
#5366 = VERTEX_POINT('',#5367);
#5367 = CARTESIAN_POINT('',(31.804119728445,-31.25411972844,0.));
#5368 = SURFACE_CURVE('',#5369,(#5374,#5381),.PCURVE_S1.);
#5369 = CIRCLE('',#5370,0.55);
#5370 = AXIS2_PLACEMENT_3D('',#5371,#5372,#5373);
#5371 = CARTESIAN_POINT('',(31.254119728445,-31.25411972844,0.));
#5372 = DIRECTION('',(0.,0.,1.));
#5373 = DIRECTION('',(1.,0.,0.));
#5374 = PCURVE('',#3942,#5375);
#5375 = DEFINITIONAL_REPRESENTATION('',(#5376),#5380);
#5376 = CIRCLE('',#5377,0.55);
#5377 = AXIS2_PLACEMENT_2D('',#5378,#5379);
#5378 = CARTESIAN_POINT('',(-2.333452377916,2.333452377916));
#5379 = DIRECTION('',(1.,-0.));
#5380 = ( GEOMETRIC_REPRESENTATION_CONTEXT(2) 
PARAMETRIC_REPRESENTATION_CONTEXT() REPRESENTATION_CONTEXT('2D SPACE',''
  ) );
#5381 = PCURVE('',#5382,#5387);
#5382 = CYLINDRICAL_SURFACE('',#5383,0.55);
#5383 = AXIS2_PLACEMENT_3D('',#5384,#5385,#5386);
#5384 = CARTESIAN_POINT('',(31.254119728445,-31.25411972844,0.));
#5385 = DIRECTION('',(-0.,-0.,-1.));
#5386 = DIRECTION('',(1.,0.,0.));
#5387 = DEFINITIONAL_REPRESENTATION('',(#5388),#5392);
#5388 = LINE('',#5389,#5390);
#5389 = CARTESIAN_POINT('',(-0.,0.));
#5390 = VECTOR('',#5391,1.);
#5391 = DIRECTION('',(-1.,0.));
#5392 = ( GEOMETRIC_REPRESENTATION_CONTEXT(2) 
PARAMETRIC_REPRESENTATION_CONTEXT() REPRESENTATION_CONTEXT('2D SPACE',''
  ) );
#5393 = FACE_BOUND('',#5394,.T.);
#5394 = EDGE_LOOP('',(#5395));
#5395 = ORIENTED_EDGE('',*,*,#5396,.T.);
#5396 = EDGE_CURVE('',#5397,#5397,#5399,.T.);
#5397 = VERTEX_POINT('',#5398);
#5398 = CARTESIAN_POINT('',(36.471024484277,-35.92102448427,0.));
#5399 = SURFACE_CURVE('',#5400,(#5405,#5412),.PCURVE_S1.);
#5400 = CIRCLE('',#5401,0.55);
#5401 = AXIS2_PLACEMENT_3D('',#5402,#5403,#5404);
#5402 = CARTESIAN_POINT('',(35.921024484277,-35.92102448427,0.));
#5403 = DIRECTION('',(0.,0.,1.));
#5404 = DIRECTION('',(1.,0.,0.));
#5405 = PCURVE('',#3942,#5406);
#5406 = DEFINITIONAL_REPRESENTATION('',(#5407),#5411);
#5407 = CIRCLE('',#5408,0.55);
#5408 = AXIS2_PLACEMENT_2D('',#5409,#5410);
#5409 = CARTESIAN_POINT('',(2.333452377916,-2.333452377916));
#5410 = DIRECTION('',(1.,-0.));
#5411 = ( GEOMETRIC_REPRESENTATION_CONTEXT(2) 
PARAMETRIC_REPRESENTATION_CONTEXT() REPRESENTATION_CONTEXT('2D SPACE',''
  ) );
#5412 = PCURVE('',#5413,#5418);
#5413 = CYLINDRICAL_SURFACE('',#5414,0.55);
#5414 = AXIS2_PLACEMENT_3D('',#5415,#5416,#5417);
#5415 = CARTESIAN_POINT('',(35.921024484277,-35.92102448427,0.));
#5416 = DIRECTION('',(-0.,-0.,-1.));
#5417 = DIRECTION('',(1.,0.,0.));
#5418 = DEFINITIONAL_REPRESENTATION('',(#5419),#5423);
#5419 = LINE('',#5420,#5421);
#5420 = CARTESIAN_POINT('',(-0.,0.));
#5421 = VECTOR('',#5422,1.);
#5422 = DIRECTION('',(-1.,0.));
#5423 = ( GEOMETRIC_REPRESENTATION_CONTEXT(2) 
PARAMETRIC_REPRESENTATION_CONTEXT() REPRESENTATION_CONTEXT('2D SPACE',''
  ) );
#5424 = FACE_BOUND('',#5425,.T.);
#5425 = EDGE_LOOP('',(#5426));
#5426 = ORIENTED_EDGE('',*,*,#5427,.T.);
#5427 = EDGE_CURVE('',#5428,#5428,#5430,.T.);
#5428 = VERTEX_POINT('',#5429);
#5429 = CARTESIAN_POINT('',(31.804119728445,-35.92102448427,0.));
#5430 = SURFACE_CURVE('',#5431,(#5436,#5443),.PCURVE_S1.);
#5431 = CIRCLE('',#5432,0.55);
#5432 = AXIS2_PLACEMENT_3D('',#5433,#5434,#5435);
#5433 = CARTESIAN_POINT('',(31.254119728445,-35.92102448427,0.));
#5434 = DIRECTION('',(0.,0.,1.));
#5435 = DIRECTION('',(1.,0.,0.));
#5436 = PCURVE('',#3942,#5437);
#5437 = DEFINITIONAL_REPRESENTATION('',(#5438),#5442);
#5438 = CIRCLE('',#5439,0.55);
#5439 = AXIS2_PLACEMENT_2D('',#5440,#5441);
#5440 = CARTESIAN_POINT('',(-2.333452377916,-2.333452377916));
#5441 = DIRECTION('',(1.,-0.));
#5442 = ( GEOMETRIC_REPRESENTATION_CONTEXT(2) 
PARAMETRIC_REPRESENTATION_CONTEXT() REPRESENTATION_CONTEXT('2D SPACE',''
  ) );
#5443 = PCURVE('',#5444,#5449);
#5444 = CYLINDRICAL_SURFACE('',#5445,0.55);
#5445 = AXIS2_PLACEMENT_3D('',#5446,#5447,#5448);
#5446 = CARTESIAN_POINT('',(31.254119728445,-35.92102448427,0.));
#5447 = DIRECTION('',(-0.,-0.,-1.));
#5448 = DIRECTION('',(1.,0.,0.));
#5449 = DEFINITIONAL_REPRESENTATION('',(#5450),#5454);
#5450 = LINE('',#5451,#5452);
#5451 = CARTESIAN_POINT('',(-0.,0.));
#5452 = VECTOR('',#5453,1.);
#5453 = DIRECTION('',(-1.,0.));
#5454 = ( GEOMETRIC_REPRESENTATION_CONTEXT(2) 
PARAMETRIC_REPRESENTATION_CONTEXT() REPRESENTATION_CONTEXT('2D SPACE',''
  ) );
#5455 = ADVANCED_FACE('',(#5456),#4255,.T.);
#5456 = FACE_BOUND('',#5457,.T.);
#5457 = EDGE_LOOP('',(#5458,#5459,#5482,#5509));
#5458 = ORIENTED_EDGE('',*,*,#4240,.T.);
#5459 = ORIENTED_EDGE('',*,*,#5460,.T.);
#5460 = EDGE_CURVE('',#4190,#5461,#5463,.T.);
#5461 = VERTEX_POINT('',#5462);
#5462 = CARTESIAN_POINT('',(62.987572106361,33.587572106361,10.4));
#5463 = SEAM_CURVE('',#5464,(#5468,#5475),.PCURVE_S1.);
#5464 = LINE('',#5465,#5466);
#5465 = CARTESIAN_POINT('',(61.587572106361,33.587572106361,8.5));
#5466 = VECTOR('',#5467,1.);
#5467 = DIRECTION('',(0.59319903805,0.,0.805055837353));
#5468 = PCURVE('',#4255,#5469);
#5469 = DEFINITIONAL_REPRESENTATION('',(#5470),#5474);
#5470 = LINE('',#5471,#5472);
#5471 = CARTESIAN_POINT('',(0.,0.));
#5472 = VECTOR('',#5473,1.);
#5473 = DIRECTION('',(0.,1.));
#5474 = ( GEOMETRIC_REPRESENTATION_CONTEXT(2) 
PARAMETRIC_REPRESENTATION_CONTEXT() REPRESENTATION_CONTEXT('2D SPACE',''
  ) );
#5475 = PCURVE('',#4255,#5476);
#5476 = DEFINITIONAL_REPRESENTATION('',(#5477),#5481);
#5477 = LINE('',#5478,#5479);
#5478 = CARTESIAN_POINT('',(6.28318530718,0.));
#5479 = VECTOR('',#5480,1.);
#5480 = DIRECTION('',(0.,1.));
#5481 = ( GEOMETRIC_REPRESENTATION_CONTEXT(2) 
PARAMETRIC_REPRESENTATION_CONTEXT() REPRESENTATION_CONTEXT('2D SPACE',''
  ) );
#5482 = ORIENTED_EDGE('',*,*,#5483,.F.);
#5483 = EDGE_CURVE('',#5461,#5461,#5484,.T.);
#5484 = SURFACE_CURVE('',#5485,(#5490,#5497),.PCURVE_S1.);
#5485 = CIRCLE('',#5486,29.4);
#5486 = AXIS2_PLACEMENT_3D('',#5487,#5488,#5489);
#5487 = CARTESIAN_POINT('',(33.587572106361,33.587572106361,10.4));
#5488 = DIRECTION('',(0.,0.,1.));
#5489 = DIRECTION('',(1.,0.,-0.));
#5490 = PCURVE('',#4255,#5491);
#5491 = DEFINITIONAL_REPRESENTATION('',(#5492),#5496);
#5492 = LINE('',#5493,#5494);
#5493 = CARTESIAN_POINT('',(0.,1.9));
#5494 = VECTOR('',#5495,1.);
#5495 = DIRECTION('',(1.,0.));
#5496 = ( GEOMETRIC_REPRESENTATION_CONTEXT(2) 
PARAMETRIC_REPRESENTATION_CONTEXT() REPRESENTATION_CONTEXT('2D SPACE',''
  ) );
#5497 = PCURVE('',#5498,#5503);
#5498 = CONICAL_SURFACE('',#5499,29.4,0.785398163397);
#5499 = AXIS2_PLACEMENT_3D('',#5500,#5501,#5502);
#5500 = CARTESIAN_POINT('',(33.587572106361,33.587572106361,10.4));
#5501 = DIRECTION('',(0.,0.,1.));
#5502 = DIRECTION('',(1.,0.,-0.));
#5503 = DEFINITIONAL_REPRESENTATION('',(#5504),#5508);
#5504 = LINE('',#5505,#5506);
#5505 = CARTESIAN_POINT('',(0.,0.));
#5506 = VECTOR('',#5507,1.);
#5507 = DIRECTION('',(1.,0.));
#5508 = ( GEOMETRIC_REPRESENTATION_CONTEXT(2) 
PARAMETRIC_REPRESENTATION_CONTEXT() REPRESENTATION_CONTEXT('2D SPACE',''
  ) );
#5509 = ORIENTED_EDGE('',*,*,#5460,.F.);
#5510 = ADVANCED_FACE('',(#5511,#5514,#5630,#5741,#5876,#5907,#5942,
    #5973,#6004),#4227,.F.);
#5511 = FACE_BOUND('',#5512,.T.);
#5512 = EDGE_LOOP('',(#5513));
#5513 = ORIENTED_EDGE('',*,*,#4212,.F.);
#5514 = FACE_BOUND('',#5515,.T.);
#5515 = EDGE_LOOP('',(#5516,#5547,#5575,#5604));
#5516 = ORIENTED_EDGE('',*,*,#5517,.T.);
#5517 = EDGE_CURVE('',#5518,#5520,#5522,.T.);
#5518 = VERTEX_POINT('',#5519);
#5519 = CARTESIAN_POINT('',(15.366278013962,13.527800382877,0.));
#5520 = VERTEX_POINT('',#5521);
#5521 = CARTESIAN_POINT('',(59.397561541948,25.325947245907,0.));
#5522 = SURFACE_CURVE('',#5523,(#5528,#5535),.PCURVE_S1.);
#5523 = CIRCLE('',#5524,27.1);
#5524 = AXIS2_PLACEMENT_3D('',#5525,#5526,#5527);
#5525 = CARTESIAN_POINT('',(33.587572106361,33.587572106361,0.));
#5526 = DIRECTION('',(0.,0.,1.));
#5527 = DIRECTION('',(1.,0.,-0.));
#5528 = PCURVE('',#4227,#5529);
#5529 = DEFINITIONAL_REPRESENTATION('',(#5530),#5534);
#5530 = CIRCLE('',#5531,27.1);
#5531 = AXIS2_PLACEMENT_2D('',#5532,#5533);
#5532 = CARTESIAN_POINT('',(0.,0.));
#5533 = DIRECTION('',(1.,-0.));
#5534 = ( GEOMETRIC_REPRESENTATION_CONTEXT(2) 
PARAMETRIC_REPRESENTATION_CONTEXT() REPRESENTATION_CONTEXT('2D SPACE',''
  ) );
#5535 = PCURVE('',#5536,#5541);
#5536 = CYLINDRICAL_SURFACE('',#5537,27.1);
#5537 = AXIS2_PLACEMENT_3D('',#5538,#5539,#5540);
#5538 = CARTESIAN_POINT('',(33.587572106361,33.587572106361,8.4));
#5539 = DIRECTION('',(-0.,-0.,-1.));
#5540 = DIRECTION('',(1.,0.,0.));
#5541 = DEFINITIONAL_REPRESENTATION('',(#5542),#5546);
#5542 = LINE('',#5543,#5544);
#5543 = CARTESIAN_POINT('',(-0.,8.4));
#5544 = VECTOR('',#5545,1.);
#5545 = DIRECTION('',(-1.,0.));
#5546 = ( GEOMETRIC_REPRESENTATION_CONTEXT(2) 
PARAMETRIC_REPRESENTATION_CONTEXT() REPRESENTATION_CONTEXT('2D SPACE',''
  ) );
#5547 = ORIENTED_EDGE('',*,*,#5548,.F.);
#5548 = EDGE_CURVE('',#5549,#5520,#5551,.T.);
#5549 = VERTEX_POINT('',#5550);
#5550 = CARTESIAN_POINT('',(38.413165344887,30.948699260564,0.));
#5551 = SURFACE_CURVE('',#5552,(#5556,#5563),.PCURVE_S1.);
#5552 = LINE('',#5553,#5554);
#5553 = CARTESIAN_POINT('',(38.273921644431,30.986009497652,0.));
#5554 = VECTOR('',#5555,1.);
#5555 = DIRECTION('',(0.965925826289,-0.258819045103,0.));
#5556 = PCURVE('',#4227,#5557);
#5557 = DEFINITIONAL_REPRESENTATION('',(#5558),#5562);
#5558 = LINE('',#5559,#5560);
#5559 = CARTESIAN_POINT('',(4.68634953807,-2.601562608709));
#5560 = VECTOR('',#5561,1.);
#5561 = DIRECTION('',(0.965925826289,-0.258819045103));
#5562 = ( GEOMETRIC_REPRESENTATION_CONTEXT(2) 
PARAMETRIC_REPRESENTATION_CONTEXT() REPRESENTATION_CONTEXT('2D SPACE',''
  ) );
#5563 = PCURVE('',#5564,#5569);
#5564 = PLANE('',#5565);
#5565 = AXIS2_PLACEMENT_3D('',#5566,#5567,#5568);
#5566 = CARTESIAN_POINT('',(38.273921644431,30.986009497652,0.));
#5567 = DIRECTION('',(0.258819045103,0.965925826289,0.));
#5568 = DIRECTION('',(0.,0.,1.));
#5569 = DEFINITIONAL_REPRESENTATION('',(#5570),#5574);
#5570 = LINE('',#5571,#5572);
#5571 = CARTESIAN_POINT('',(0.,0.));
#5572 = VECTOR('',#5573,1.);
#5573 = DIRECTION('',(0.,1.));
#5574 = ( GEOMETRIC_REPRESENTATION_CONTEXT(2) 
PARAMETRIC_REPRESENTATION_CONTEXT() REPRESENTATION_CONTEXT('2D SPACE',''
  ) );
#5575 = ORIENTED_EDGE('',*,*,#5576,.F.);
#5576 = EDGE_CURVE('',#5577,#5549,#5579,.T.);
#5577 = VERTEX_POINT('',#5578);
#5578 = CARTESIAN_POINT('',(30.727922196365,28.88944456528,0.));
#5579 = SURFACE_CURVE('',#5580,(#5585,#5592),.PCURVE_S1.);
#5580 = CIRCLE('',#5581,5.5);
#5581 = AXIS2_PLACEMENT_3D('',#5582,#5583,#5584);
#5582 = CARTESIAN_POINT('',(33.587572106361,33.587572106361,0.));
#5583 = DIRECTION('',(0.,0.,1.));
#5584 = DIRECTION('',(-0.519936347272,-0.854205007469,0.));
#5585 = PCURVE('',#4227,#5586);
#5586 = DEFINITIONAL_REPRESENTATION('',(#5587),#5591);
#5587 = CIRCLE('',#5588,5.5);
#5588 = AXIS2_PLACEMENT_2D('',#5589,#5590);
#5589 = CARTESIAN_POINT('',(0.,0.));
#5590 = DIRECTION('',(-0.519936347272,-0.854205007469));
#5591 = ( GEOMETRIC_REPRESENTATION_CONTEXT(2) 
PARAMETRIC_REPRESENTATION_CONTEXT() REPRESENTATION_CONTEXT('2D SPACE',''
  ) );
#5592 = PCURVE('',#5593,#5598);
#5593 = CYLINDRICAL_SURFACE('',#5594,5.5);
#5594 = AXIS2_PLACEMENT_3D('',#5595,#5596,#5597);
#5595 = CARTESIAN_POINT('',(33.587572106361,33.587572106361,0.));
#5596 = DIRECTION('',(-0.,-0.,-1.));
#5597 = DIRECTION('',(1.,0.,0.));
#5598 = DEFINITIONAL_REPRESENTATION('',(#5599),#5603);
#5599 = LINE('',#5600,#5601);
#5600 = CARTESIAN_POINT('',(-4.165612548301,0.));
#5601 = VECTOR('',#5602,1.);
#5602 = DIRECTION('',(-1.,0.));
#5603 = ( GEOMETRIC_REPRESENTATION_CONTEXT(2) 
PARAMETRIC_REPRESENTATION_CONTEXT() REPRESENTATION_CONTEXT('2D SPACE',''
  ) );
#5604 = ORIENTED_EDGE('',*,*,#5605,.T.);
#5605 = EDGE_CURVE('',#5577,#5518,#5606,.T.);
#5606 = SURFACE_CURVE('',#5607,(#5611,#5618),.PCURVE_S1.);
#5607 = LINE('',#5608,#5609);
#5608 = CARTESIAN_POINT('',(30.829855659733,28.991378028648,0.));
#5609 = VECTOR('',#5610,1.);
#5610 = DIRECTION('',(-0.707106781187,-0.707106781187,0.));
#5611 = PCURVE('',#4227,#5612);
#5612 = DEFINITIONAL_REPRESENTATION('',(#5613),#5617);
#5613 = LINE('',#5614,#5615);
#5614 = CARTESIAN_POINT('',(-2.757716446628,-4.596194077713));
#5615 = VECTOR('',#5616,1.);
#5616 = DIRECTION('',(-0.707106781187,-0.707106781187));
#5617 = ( GEOMETRIC_REPRESENTATION_CONTEXT(2) 
PARAMETRIC_REPRESENTATION_CONTEXT() REPRESENTATION_CONTEXT('2D SPACE',''
  ) );
#5618 = PCURVE('',#5619,#5624);
#5619 = PLANE('',#5620);
#5620 = AXIS2_PLACEMENT_3D('',#5621,#5622,#5623);
#5621 = CARTESIAN_POINT('',(30.829855659733,28.991378028648,0.));
#5622 = DIRECTION('',(0.707106781187,-0.707106781187,0.));
#5623 = DIRECTION('',(0.,0.,1.));
#5624 = DEFINITIONAL_REPRESENTATION('',(#5625),#5629);
#5625 = LINE('',#5626,#5627);
#5626 = CARTESIAN_POINT('',(0.,0.));
#5627 = VECTOR('',#5628,1.);
#5628 = DIRECTION('',(0.,1.));
#5629 = ( GEOMETRIC_REPRESENTATION_CONTEXT(2) 
PARAMETRIC_REPRESENTATION_CONTEXT() REPRESENTATION_CONTEXT('2D SPACE',''
  ) );
#5630 = FACE_BOUND('',#5631,.T.);
#5631 = EDGE_LOOP('',(#5632,#5658,#5686,#5715));
#5632 = ORIENTED_EDGE('',*,*,#5633,.T.);
#5633 = EDGE_CURVE('',#5634,#5636,#5638,.T.);
#5634 = VERTEX_POINT('',#5635);
#5635 = CARTESIAN_POINT('',(25.325947245907,59.397561541948,0.));
#5636 = VERTEX_POINT('',#5637);
#5637 = CARTESIAN_POINT('',(13.527800382877,15.366278013962,0.));
#5638 = SURFACE_CURVE('',#5639,(#5644,#5651),.PCURVE_S1.);
#5639 = CIRCLE('',#5640,27.1);
#5640 = AXIS2_PLACEMENT_3D('',#5641,#5642,#5643);
#5641 = CARTESIAN_POINT('',(33.587572106361,33.587572106361,0.));
#5642 = DIRECTION('',(0.,0.,1.));
#5643 = DIRECTION('',(1.,0.,-0.));
#5644 = PCURVE('',#4227,#5645);
#5645 = DEFINITIONAL_REPRESENTATION('',(#5646),#5650);
#5646 = CIRCLE('',#5647,27.1);
#5647 = AXIS2_PLACEMENT_2D('',#5648,#5649);
#5648 = CARTESIAN_POINT('',(0.,0.));
#5649 = DIRECTION('',(1.,-0.));
#5650 = ( GEOMETRIC_REPRESENTATION_CONTEXT(2) 
PARAMETRIC_REPRESENTATION_CONTEXT() REPRESENTATION_CONTEXT('2D SPACE',''
  ) );
#5651 = PCURVE('',#5536,#5652);
#5652 = DEFINITIONAL_REPRESENTATION('',(#5653),#5657);
#5653 = LINE('',#5654,#5655);
#5654 = CARTESIAN_POINT('',(-0.,8.4));
#5655 = VECTOR('',#5656,1.);
#5656 = DIRECTION('',(-1.,0.));
#5657 = ( GEOMETRIC_REPRESENTATION_CONTEXT(2) 
PARAMETRIC_REPRESENTATION_CONTEXT() REPRESENTATION_CONTEXT('2D SPACE',''
  ) );
#5658 = ORIENTED_EDGE('',*,*,#5659,.F.);
#5659 = EDGE_CURVE('',#5660,#5636,#5662,.T.);
#5660 = VERTEX_POINT('',#5661);
#5661 = CARTESIAN_POINT('',(28.88944456528,30.727922196365,0.));
#5662 = SURFACE_CURVE('',#5663,(#5667,#5674),.PCURVE_S1.);
#5663 = LINE('',#5664,#5665);
#5664 = CARTESIAN_POINT('',(28.991378028648,30.829855659733,0.));
#5665 = VECTOR('',#5666,1.);
#5666 = DIRECTION('',(-0.707106781187,-0.707106781187,0.));
#5667 = PCURVE('',#4227,#5668);
#5668 = DEFINITIONAL_REPRESENTATION('',(#5669),#5673);
#5669 = LINE('',#5670,#5671);
#5670 = CARTESIAN_POINT('',(-4.596194077713,-2.757716446628));
#5671 = VECTOR('',#5672,1.);
#5672 = DIRECTION('',(-0.707106781187,-0.707106781187));
#5673 = ( GEOMETRIC_REPRESENTATION_CONTEXT(2) 
PARAMETRIC_REPRESENTATION_CONTEXT() REPRESENTATION_CONTEXT('2D SPACE',''
  ) );
#5674 = PCURVE('',#5675,#5680);
#5675 = PLANE('',#5676);
#5676 = AXIS2_PLACEMENT_3D('',#5677,#5678,#5679);
#5677 = CARTESIAN_POINT('',(28.991378028648,30.829855659733,0.));
#5678 = DIRECTION('',(0.707106781187,-0.707106781187,0.));
#5679 = DIRECTION('',(0.,0.,1.));
#5680 = DEFINITIONAL_REPRESENTATION('',(#5681),#5685);
#5681 = LINE('',#5682,#5683);
#5682 = CARTESIAN_POINT('',(0.,0.));
#5683 = VECTOR('',#5684,1.);
#5684 = DIRECTION('',(0.,1.));
#5685 = ( GEOMETRIC_REPRESENTATION_CONTEXT(2) 
PARAMETRIC_REPRESENTATION_CONTEXT() REPRESENTATION_CONTEXT('2D SPACE',''
  ) );
#5686 = ORIENTED_EDGE('',*,*,#5687,.F.);
#5687 = EDGE_CURVE('',#5688,#5660,#5690,.T.);
#5688 = VERTEX_POINT('',#5689);
#5689 = CARTESIAN_POINT('',(30.948699260564,38.413165344887,0.));
#5690 = SURFACE_CURVE('',#5691,(#5696,#5703),.PCURVE_S1.);
#5691 = CIRCLE('',#5692,5.5);
#5692 = AXIS2_PLACEMENT_3D('',#5693,#5694,#5695);
#5693 = CARTESIAN_POINT('',(33.587572106361,33.587572106361,0.));
#5694 = DIRECTION('',(0.,0.,1.));
#5695 = DIRECTION('',(-0.519936347272,-0.854205007469,0.));
#5696 = PCURVE('',#4227,#5697);
#5697 = DEFINITIONAL_REPRESENTATION('',(#5698),#5702);
#5698 = CIRCLE('',#5699,5.5);
#5699 = AXIS2_PLACEMENT_2D('',#5700,#5701);
#5700 = CARTESIAN_POINT('',(0.,0.));
#5701 = DIRECTION('',(-0.519936347272,-0.854205007469));
#5702 = ( GEOMETRIC_REPRESENTATION_CONTEXT(2) 
PARAMETRIC_REPRESENTATION_CONTEXT() REPRESENTATION_CONTEXT('2D SPACE',''
  ) );
#5703 = PCURVE('',#5704,#5709);
#5704 = CYLINDRICAL_SURFACE('',#5705,5.5);
#5705 = AXIS2_PLACEMENT_3D('',#5706,#5707,#5708);
#5706 = CARTESIAN_POINT('',(33.587572106361,33.587572106361,0.));
#5707 = DIRECTION('',(-0.,-0.,-1.));
#5708 = DIRECTION('',(1.,0.,0.));
#5709 = DEFINITIONAL_REPRESENTATION('',(#5710),#5714);
#5710 = LINE('',#5711,#5712);
#5711 = CARTESIAN_POINT('',(-4.165612548301,0.));
#5712 = VECTOR('',#5713,1.);
#5713 = DIRECTION('',(-1.,0.));
#5714 = ( GEOMETRIC_REPRESENTATION_CONTEXT(2) 
PARAMETRIC_REPRESENTATION_CONTEXT() REPRESENTATION_CONTEXT('2D SPACE',''
  ) );
#5715 = ORIENTED_EDGE('',*,*,#5716,.T.);
#5716 = EDGE_CURVE('',#5688,#5634,#5717,.T.);
#5717 = SURFACE_CURVE('',#5718,(#5722,#5729),.PCURVE_S1.);
#5718 = LINE('',#5719,#5720);
#5719 = CARTESIAN_POINT('',(30.986009497652,38.273921644431,0.));
#5720 = VECTOR('',#5721,1.);
#5721 = DIRECTION('',(-0.258819045103,0.965925826289,0.));
#5722 = PCURVE('',#4227,#5723);
#5723 = DEFINITIONAL_REPRESENTATION('',(#5724),#5728);
#5724 = LINE('',#5725,#5726);
#5725 = CARTESIAN_POINT('',(-2.601562608709,4.68634953807));
#5726 = VECTOR('',#5727,1.);
#5727 = DIRECTION('',(-0.258819045103,0.965925826289));
#5728 = ( GEOMETRIC_REPRESENTATION_CONTEXT(2) 
PARAMETRIC_REPRESENTATION_CONTEXT() REPRESENTATION_CONTEXT('2D SPACE',''
  ) );
#5729 = PCURVE('',#5730,#5735);
#5730 = PLANE('',#5731);
#5731 = AXIS2_PLACEMENT_3D('',#5732,#5733,#5734);
#5732 = CARTESIAN_POINT('',(30.986009497652,38.273921644431,0.));
#5733 = DIRECTION('',(-0.965925826289,-0.258819045103,0.));
#5734 = DIRECTION('',(0.,0.,1.));
#5735 = DEFINITIONAL_REPRESENTATION('',(#5736),#5740);
#5736 = LINE('',#5737,#5738);
#5737 = CARTESIAN_POINT('',(0.,0.));
#5738 = VECTOR('',#5739,1.);
#5739 = DIRECTION('',(0.,1.));
#5740 = ( GEOMETRIC_REPRESENTATION_CONTEXT(2) 
PARAMETRIC_REPRESENTATION_CONTEXT() REPRESENTATION_CONTEXT('2D SPACE',''
  ) );
#5741 = FACE_BOUND('',#5742,.T.);
#5742 = EDGE_LOOP('',(#5743,#5769,#5797,#5826,#5854));
#5743 = ORIENTED_EDGE('',*,*,#5744,.T.);
#5744 = EDGE_CURVE('',#5745,#5747,#5749,.T.);
#5745 = VERTEX_POINT('',#5746);
#5746 = CARTESIAN_POINT('',(60.687572106361,33.587572106361,0.));
#5747 = VERTEX_POINT('',#5748);
#5748 = CARTESIAN_POINT('',(27.837354394258,60.070491059215,0.));
#5749 = SURFACE_CURVE('',#5750,(#5755,#5762),.PCURVE_S1.);
#5750 = CIRCLE('',#5751,27.1);
#5751 = AXIS2_PLACEMENT_3D('',#5752,#5753,#5754);
#5752 = CARTESIAN_POINT('',(33.587572106361,33.587572106361,0.));
#5753 = DIRECTION('',(0.,0.,1.));
#5754 = DIRECTION('',(1.,0.,-0.));
#5755 = PCURVE('',#4227,#5756);
#5756 = DEFINITIONAL_REPRESENTATION('',(#5757),#5761);
#5757 = CIRCLE('',#5758,27.1);
#5758 = AXIS2_PLACEMENT_2D('',#5759,#5760);
#5759 = CARTESIAN_POINT('',(0.,0.));
#5760 = DIRECTION('',(1.,-0.));
#5761 = ( GEOMETRIC_REPRESENTATION_CONTEXT(2) 
PARAMETRIC_REPRESENTATION_CONTEXT() REPRESENTATION_CONTEXT('2D SPACE',''
  ) );
#5762 = PCURVE('',#5536,#5763);
#5763 = DEFINITIONAL_REPRESENTATION('',(#5764),#5768);
#5764 = LINE('',#5765,#5766);
#5765 = CARTESIAN_POINT('',(-0.,8.4));
#5766 = VECTOR('',#5767,1.);
#5767 = DIRECTION('',(-1.,0.));
#5768 = ( GEOMETRIC_REPRESENTATION_CONTEXT(2) 
PARAMETRIC_REPRESENTATION_CONTEXT() REPRESENTATION_CONTEXT('2D SPACE',''
  ) );
#5769 = ORIENTED_EDGE('',*,*,#5770,.F.);
#5770 = EDGE_CURVE('',#5771,#5747,#5773,.T.);
#5771 = VERTEX_POINT('',#5772);
#5772 = CARTESIAN_POINT('',(33.460106408915,39.086094862154,0.));
#5773 = SURFACE_CURVE('',#5774,(#5778,#5785),.PCURVE_S1.);
#5774 = LINE('',#5775,#5776);
#5775 = CARTESIAN_POINT('',(33.497416646004,38.946851161697,0.));
#5776 = VECTOR('',#5777,1.);
#5777 = DIRECTION('',(-0.258819045103,0.965925826289,0.));
#5778 = PCURVE('',#4227,#5779);
#5779 = DEFINITIONAL_REPRESENTATION('',(#5780),#5784);
#5780 = LINE('',#5781,#5782);
#5781 = CARTESIAN_POINT('',(-9.015546035732E-02,5.359279055336));
#5782 = VECTOR('',#5783,1.);
#5783 = DIRECTION('',(-0.258819045103,0.965925826289));
#5784 = ( GEOMETRIC_REPRESENTATION_CONTEXT(2) 
PARAMETRIC_REPRESENTATION_CONTEXT() REPRESENTATION_CONTEXT('2D SPACE',''
  ) );
#5785 = PCURVE('',#5786,#5791);
#5786 = PLANE('',#5787);
#5787 = AXIS2_PLACEMENT_3D('',#5788,#5789,#5790);
#5788 = CARTESIAN_POINT('',(33.497416646004,38.946851161697,0.));
#5789 = DIRECTION('',(-0.965925826289,-0.258819045103,0.));
#5790 = DIRECTION('',(0.,0.,1.));
#5791 = DEFINITIONAL_REPRESENTATION('',(#5792),#5796);
#5792 = LINE('',#5793,#5794);
#5793 = CARTESIAN_POINT('',(0.,0.));
#5794 = VECTOR('',#5795,1.);
#5795 = DIRECTION('',(0.,1.));
#5796 = ( GEOMETRIC_REPRESENTATION_CONTEXT(2) 
PARAMETRIC_REPRESENTATION_CONTEXT() REPRESENTATION_CONTEXT('2D SPACE',''
  ) );
#5797 = ORIENTED_EDGE('',*,*,#5798,.F.);
#5798 = EDGE_CURVE('',#5799,#5771,#5801,.T.);
#5799 = VERTEX_POINT('',#5800);
#5800 = CARTESIAN_POINT('',(39.086094862154,33.460106408915,0.));
#5801 = SURFACE_CURVE('',#5802,(#5807,#5814),.PCURVE_S1.);
#5802 = CIRCLE('',#5803,5.5);
#5803 = AXIS2_PLACEMENT_3D('',#5804,#5805,#5806);
#5804 = CARTESIAN_POINT('',(33.587572106361,33.587572106361,0.));
#5805 = DIRECTION('',(0.,0.,1.));
#5806 = DIRECTION('',(-0.519936347272,-0.854205007469,0.));
#5807 = PCURVE('',#4227,#5808);
#5808 = DEFINITIONAL_REPRESENTATION('',(#5809),#5813);
#5809 = CIRCLE('',#5810,5.5);
#5810 = AXIS2_PLACEMENT_2D('',#5811,#5812);
#5811 = CARTESIAN_POINT('',(0.,0.));
#5812 = DIRECTION('',(-0.519936347272,-0.854205007469));
#5813 = ( GEOMETRIC_REPRESENTATION_CONTEXT(2) 
PARAMETRIC_REPRESENTATION_CONTEXT() REPRESENTATION_CONTEXT('2D SPACE',''
  ) );
#5814 = PCURVE('',#5815,#5820);
#5815 = CYLINDRICAL_SURFACE('',#5816,5.5);
#5816 = AXIS2_PLACEMENT_3D('',#5817,#5818,#5819);
#5817 = CARTESIAN_POINT('',(33.587572106361,33.587572106361,0.));
#5818 = DIRECTION('',(-0.,-0.,-1.));
#5819 = DIRECTION('',(1.,0.,0.));
#5820 = DEFINITIONAL_REPRESENTATION('',(#5821),#5825);
#5821 = LINE('',#5822,#5823);
#5822 = CARTESIAN_POINT('',(-4.165612548301,0.));
#5823 = VECTOR('',#5824,1.);
#5824 = DIRECTION('',(-1.,0.));
#5825 = ( GEOMETRIC_REPRESENTATION_CONTEXT(2) 
PARAMETRIC_REPRESENTATION_CONTEXT() REPRESENTATION_CONTEXT('2D SPACE',''
  ) );
#5826 = ORIENTED_EDGE('',*,*,#5827,.T.);
#5827 = EDGE_CURVE('',#5799,#5828,#5830,.T.);
#5828 = VERTEX_POINT('',#5829);
#5829 = CARTESIAN_POINT('',(60.070491059215,27.837354394258,0.));
#5830 = SURFACE_CURVE('',#5831,(#5835,#5842),.PCURVE_S1.);
#5831 = LINE('',#5832,#5833);
#5832 = CARTESIAN_POINT('',(38.946851161697,33.497416646004,0.));
#5833 = VECTOR('',#5834,1.);
#5834 = DIRECTION('',(0.965925826289,-0.258819045103,0.));
#5835 = PCURVE('',#4227,#5836);
#5836 = DEFINITIONAL_REPRESENTATION('',(#5837),#5841);
#5837 = LINE('',#5838,#5839);
#5838 = CARTESIAN_POINT('',(5.359279055336,-9.015546035732E-02));
#5839 = VECTOR('',#5840,1.);
#5840 = DIRECTION('',(0.965925826289,-0.258819045103));
#5841 = ( GEOMETRIC_REPRESENTATION_CONTEXT(2) 
PARAMETRIC_REPRESENTATION_CONTEXT() REPRESENTATION_CONTEXT('2D SPACE',''
  ) );
#5842 = PCURVE('',#5843,#5848);
#5843 = PLANE('',#5844);
#5844 = AXIS2_PLACEMENT_3D('',#5845,#5846,#5847);
#5845 = CARTESIAN_POINT('',(38.946851161697,33.497416646004,0.));
#5846 = DIRECTION('',(0.258819045103,0.965925826289,0.));
#5847 = DIRECTION('',(0.,0.,1.));
#5848 = DEFINITIONAL_REPRESENTATION('',(#5849),#5853);
#5849 = LINE('',#5850,#5851);
#5850 = CARTESIAN_POINT('',(0.,0.));
#5851 = VECTOR('',#5852,1.);
#5852 = DIRECTION('',(0.,1.));
#5853 = ( GEOMETRIC_REPRESENTATION_CONTEXT(2) 
PARAMETRIC_REPRESENTATION_CONTEXT() REPRESENTATION_CONTEXT('2D SPACE',''
  ) );
#5854 = ORIENTED_EDGE('',*,*,#5855,.T.);
#5855 = EDGE_CURVE('',#5828,#5745,#5856,.T.);
#5856 = SURFACE_CURVE('',#5857,(#5862,#5869),.PCURVE_S1.);
#5857 = CIRCLE('',#5858,27.1);
#5858 = AXIS2_PLACEMENT_3D('',#5859,#5860,#5861);
#5859 = CARTESIAN_POINT('',(33.587572106361,33.587572106361,0.));
#5860 = DIRECTION('',(0.,0.,1.));
#5861 = DIRECTION('',(1.,0.,-0.));
#5862 = PCURVE('',#4227,#5863);
#5863 = DEFINITIONAL_REPRESENTATION('',(#5864),#5868);
#5864 = CIRCLE('',#5865,27.1);
#5865 = AXIS2_PLACEMENT_2D('',#5866,#5867);
#5866 = CARTESIAN_POINT('',(0.,0.));
#5867 = DIRECTION('',(1.,-0.));
#5868 = ( GEOMETRIC_REPRESENTATION_CONTEXT(2) 
PARAMETRIC_REPRESENTATION_CONTEXT() REPRESENTATION_CONTEXT('2D SPACE',''
  ) );
#5869 = PCURVE('',#5536,#5870);
#5870 = DEFINITIONAL_REPRESENTATION('',(#5871),#5875);
#5871 = LINE('',#5872,#5873);
#5872 = CARTESIAN_POINT('',(-0.,8.4));
#5873 = VECTOR('',#5874,1.);
#5874 = DIRECTION('',(-1.,0.));
#5875 = ( GEOMETRIC_REPRESENTATION_CONTEXT(2) 
PARAMETRIC_REPRESENTATION_CONTEXT() REPRESENTATION_CONTEXT('2D SPACE',''
  ) );
#5876 = FACE_BOUND('',#5877,.T.);
#5877 = EDGE_LOOP('',(#5878));
#5878 = ORIENTED_EDGE('',*,*,#5879,.T.);
#5879 = EDGE_CURVE('',#5880,#5880,#5882,.T.);
#5880 = VERTEX_POINT('',#5881);
#5881 = CARTESIAN_POINT('',(36.471024484277,35.921024484277,0.));
#5882 = SURFACE_CURVE('',#5883,(#5888,#5895),.PCURVE_S1.);
#5883 = CIRCLE('',#5884,0.55);
#5884 = AXIS2_PLACEMENT_3D('',#5885,#5886,#5887);
#5885 = CARTESIAN_POINT('',(35.921024484277,35.921024484277,0.));
#5886 = DIRECTION('',(0.,0.,1.));
#5887 = DIRECTION('',(1.,0.,0.));
#5888 = PCURVE('',#4227,#5889);
#5889 = DEFINITIONAL_REPRESENTATION('',(#5890),#5894);
#5890 = CIRCLE('',#5891,0.55);
#5891 = AXIS2_PLACEMENT_2D('',#5892,#5893);
#5892 = CARTESIAN_POINT('',(2.333452377916,2.333452377916));
#5893 = DIRECTION('',(1.,-0.));
#5894 = ( GEOMETRIC_REPRESENTATION_CONTEXT(2) 
PARAMETRIC_REPRESENTATION_CONTEXT() REPRESENTATION_CONTEXT('2D SPACE',''
  ) );
#5895 = PCURVE('',#5896,#5901);
#5896 = CYLINDRICAL_SURFACE('',#5897,0.55);
#5897 = AXIS2_PLACEMENT_3D('',#5898,#5899,#5900);
#5898 = CARTESIAN_POINT('',(35.921024484277,35.921024484277,0.));
#5899 = DIRECTION('',(-0.,-0.,-1.));
#5900 = DIRECTION('',(1.,0.,0.));
#5901 = DEFINITIONAL_REPRESENTATION('',(#5902),#5906);
#5902 = LINE('',#5903,#5904);
#5903 = CARTESIAN_POINT('',(-0.,0.));
#5904 = VECTOR('',#5905,1.);
#5905 = DIRECTION('',(-1.,0.));
#5906 = ( GEOMETRIC_REPRESENTATION_CONTEXT(2) 
PARAMETRIC_REPRESENTATION_CONTEXT() REPRESENTATION_CONTEXT('2D SPACE',''
  ) );
#5907 = FACE_BOUND('',#5908,.T.);
#5908 = EDGE_LOOP('',(#5909));
#5909 = ORIENTED_EDGE('',*,*,#5910,.F.);
#5910 = EDGE_CURVE('',#5911,#5911,#5913,.T.);
#5911 = VERTEX_POINT('',#5912);
#5912 = CARTESIAN_POINT('',(32.787572106361,33.587572106361,0.));
#5913 = SURFACE_CURVE('',#5914,(#5919,#5930),.PCURVE_S1.);
#5914 = CIRCLE('',#5915,0.8);
#5915 = AXIS2_PLACEMENT_3D('',#5916,#5917,#5918);
#5916 = CARTESIAN_POINT('',(33.587572106361,33.587572106361,0.));
#5917 = DIRECTION('',(0.,0.,-1.));
#5918 = DIRECTION('',(-1.,0.,0.));
#5919 = PCURVE('',#4227,#5920);
#5920 = DEFINITIONAL_REPRESENTATION('',(#5921),#5929);
#5921 = ( BOUNDED_CURVE() B_SPLINE_CURVE(2,(#5922,#5923,#5924,#5925,
#5926,#5927,#5928),.UNSPECIFIED.,.T.,.F.) B_SPLINE_CURVE_WITH_KNOTS((1,2
    ,2,2,2,1),(-2.094395102393,0.,2.094395102393,4.188790204786,
6.28318530718,8.377580409573),.UNSPECIFIED.) CURVE() 
GEOMETRIC_REPRESENTATION_ITEM() RATIONAL_B_SPLINE_CURVE((1.,0.5,1.,0.5,
1.,0.5,1.)) REPRESENTATION_ITEM('') );
#5922 = CARTESIAN_POINT('',(-0.8,0.));
#5923 = CARTESIAN_POINT('',(-0.8,1.385640646055));
#5924 = CARTESIAN_POINT('',(0.4,0.692820323028));
#5925 = CARTESIAN_POINT('',(1.6,1.959434878636E-16));
#5926 = CARTESIAN_POINT('',(0.4,-0.692820323028));
#5927 = CARTESIAN_POINT('',(-0.8,-1.385640646055));
#5928 = CARTESIAN_POINT('',(-0.8,0.));
#5929 = ( GEOMETRIC_REPRESENTATION_CONTEXT(2) 
PARAMETRIC_REPRESENTATION_CONTEXT() REPRESENTATION_CONTEXT('2D SPACE',''
  ) );
#5930 = PCURVE('',#5931,#5936);
#5931 = CYLINDRICAL_SURFACE('',#5932,0.8);
#5932 = AXIS2_PLACEMENT_3D('',#5933,#5934,#5935);
#5933 = CARTESIAN_POINT('',(33.587572106361,33.587572106361,1.8));
#5934 = DIRECTION('',(0.,0.,-1.));
#5935 = DIRECTION('',(-1.,0.,0.));
#5936 = DEFINITIONAL_REPRESENTATION('',(#5937),#5941);
#5937 = LINE('',#5938,#5939);
#5938 = CARTESIAN_POINT('',(0.,1.8));
#5939 = VECTOR('',#5940,1.);
#5940 = DIRECTION('',(1.,0.));
#5941 = ( GEOMETRIC_REPRESENTATION_CONTEXT(2) 
PARAMETRIC_REPRESENTATION_CONTEXT() REPRESENTATION_CONTEXT('2D SPACE',''
  ) );
#5942 = FACE_BOUND('',#5943,.T.);
#5943 = EDGE_LOOP('',(#5944));
#5944 = ORIENTED_EDGE('',*,*,#5945,.T.);
#5945 = EDGE_CURVE('',#5946,#5946,#5948,.T.);
#5946 = VERTEX_POINT('',#5947);
#5947 = CARTESIAN_POINT('',(31.804119728445,35.921024484277,0.));
#5948 = SURFACE_CURVE('',#5949,(#5954,#5961),.PCURVE_S1.);
#5949 = CIRCLE('',#5950,0.55);
#5950 = AXIS2_PLACEMENT_3D('',#5951,#5952,#5953);
#5951 = CARTESIAN_POINT('',(31.254119728445,35.921024484277,0.));
#5952 = DIRECTION('',(0.,0.,1.));
#5953 = DIRECTION('',(1.,0.,0.));
#5954 = PCURVE('',#4227,#5955);
#5955 = DEFINITIONAL_REPRESENTATION('',(#5956),#5960);
#5956 = CIRCLE('',#5957,0.55);
#5957 = AXIS2_PLACEMENT_2D('',#5958,#5959);
#5958 = CARTESIAN_POINT('',(-2.333452377916,2.333452377916));
#5959 = DIRECTION('',(1.,-0.));
#5960 = ( GEOMETRIC_REPRESENTATION_CONTEXT(2) 
PARAMETRIC_REPRESENTATION_CONTEXT() REPRESENTATION_CONTEXT('2D SPACE',''
  ) );
#5961 = PCURVE('',#5962,#5967);
#5962 = CYLINDRICAL_SURFACE('',#5963,0.55);
#5963 = AXIS2_PLACEMENT_3D('',#5964,#5965,#5966);
#5964 = CARTESIAN_POINT('',(31.254119728445,35.921024484277,0.));
#5965 = DIRECTION('',(-0.,-0.,-1.));
#5966 = DIRECTION('',(1.,0.,0.));
#5967 = DEFINITIONAL_REPRESENTATION('',(#5968),#5972);
#5968 = LINE('',#5969,#5970);
#5969 = CARTESIAN_POINT('',(-0.,0.));
#5970 = VECTOR('',#5971,1.);
#5971 = DIRECTION('',(-1.,0.));
#5972 = ( GEOMETRIC_REPRESENTATION_CONTEXT(2) 
PARAMETRIC_REPRESENTATION_CONTEXT() REPRESENTATION_CONTEXT('2D SPACE',''
  ) );
#5973 = FACE_BOUND('',#5974,.T.);
#5974 = EDGE_LOOP('',(#5975));
#5975 = ORIENTED_EDGE('',*,*,#5976,.T.);
#5976 = EDGE_CURVE('',#5977,#5977,#5979,.T.);
#5977 = VERTEX_POINT('',#5978);
#5978 = CARTESIAN_POINT('',(36.471024484277,31.254119728445,0.));
#5979 = SURFACE_CURVE('',#5980,(#5985,#5992),.PCURVE_S1.);
#5980 = CIRCLE('',#5981,0.55);
#5981 = AXIS2_PLACEMENT_3D('',#5982,#5983,#5984);
#5982 = CARTESIAN_POINT('',(35.921024484277,31.254119728445,0.));
#5983 = DIRECTION('',(0.,0.,1.));
#5984 = DIRECTION('',(1.,0.,0.));
#5985 = PCURVE('',#4227,#5986);
#5986 = DEFINITIONAL_REPRESENTATION('',(#5987),#5991);
#5987 = CIRCLE('',#5988,0.55);
#5988 = AXIS2_PLACEMENT_2D('',#5989,#5990);
#5989 = CARTESIAN_POINT('',(2.333452377916,-2.333452377916));
#5990 = DIRECTION('',(1.,-0.));
#5991 = ( GEOMETRIC_REPRESENTATION_CONTEXT(2) 
PARAMETRIC_REPRESENTATION_CONTEXT() REPRESENTATION_CONTEXT('2D SPACE',''
  ) );
#5992 = PCURVE('',#5993,#5998);
#5993 = CYLINDRICAL_SURFACE('',#5994,0.55);
#5994 = AXIS2_PLACEMENT_3D('',#5995,#5996,#5997);
#5995 = CARTESIAN_POINT('',(35.921024484277,31.254119728445,0.));
#5996 = DIRECTION('',(-0.,-0.,-1.));
#5997 = DIRECTION('',(1.,0.,0.));
#5998 = DEFINITIONAL_REPRESENTATION('',(#5999),#6003);
#5999 = LINE('',#6000,#6001);
#6000 = CARTESIAN_POINT('',(-0.,0.));
#6001 = VECTOR('',#6002,1.);
#6002 = DIRECTION('',(-1.,0.));
#6003 = ( GEOMETRIC_REPRESENTATION_CONTEXT(2) 
PARAMETRIC_REPRESENTATION_CONTEXT() REPRESENTATION_CONTEXT('2D SPACE',''
  ) );
#6004 = FACE_BOUND('',#6005,.T.);
#6005 = EDGE_LOOP('',(#6006));
#6006 = ORIENTED_EDGE('',*,*,#6007,.T.);
#6007 = EDGE_CURVE('',#6008,#6008,#6010,.T.);
#6008 = VERTEX_POINT('',#6009);
#6009 = CARTESIAN_POINT('',(31.804119728445,31.254119728445,0.));
#6010 = SURFACE_CURVE('',#6011,(#6016,#6023),.PCURVE_S1.);
#6011 = CIRCLE('',#6012,0.55);
#6012 = AXIS2_PLACEMENT_3D('',#6013,#6014,#6015);
#6013 = CARTESIAN_POINT('',(31.254119728445,31.254119728445,0.));
#6014 = DIRECTION('',(0.,0.,1.));
#6015 = DIRECTION('',(1.,0.,0.));
#6016 = PCURVE('',#4227,#6017);
#6017 = DEFINITIONAL_REPRESENTATION('',(#6018),#6022);
#6018 = CIRCLE('',#6019,0.55);
#6019 = AXIS2_PLACEMENT_2D('',#6020,#6021);
#6020 = CARTESIAN_POINT('',(-2.333452377916,-2.333452377916));
#6021 = DIRECTION('',(1.,-0.));
#6022 = ( GEOMETRIC_REPRESENTATION_CONTEXT(2) 
PARAMETRIC_REPRESENTATION_CONTEXT() REPRESENTATION_CONTEXT('2D SPACE',''
  ) );
#6023 = PCURVE('',#6024,#6029);
#6024 = CYLINDRICAL_SURFACE('',#6025,0.55);
#6025 = AXIS2_PLACEMENT_3D('',#6026,#6027,#6028);
#6026 = CARTESIAN_POINT('',(31.254119728445,31.254119728445,0.));
#6027 = DIRECTION('',(-0.,-0.,-1.));
#6028 = DIRECTION('',(1.,0.,0.));
#6029 = DEFINITIONAL_REPRESENTATION('',(#6030),#6034);
#6030 = LINE('',#6031,#6032);
#6031 = CARTESIAN_POINT('',(-0.,0.));
#6032 = VECTOR('',#6033,1.);
#6033 = DIRECTION('',(-1.,0.));
#6034 = ( GEOMETRIC_REPRESENTATION_CONTEXT(2) 
PARAMETRIC_REPRESENTATION_CONTEXT() REPRESENTATION_CONTEXT('2D SPACE',''
  ) );
#6035 = ADVANCED_FACE('',(#6036),#4540,.T.);
#6036 = FACE_BOUND('',#6037,.T.);
#6037 = EDGE_LOOP('',(#6038,#6039,#6062,#6089));
#6038 = ORIENTED_EDGE('',*,*,#4525,.T.);
#6039 = ORIENTED_EDGE('',*,*,#6040,.T.);
#6040 = EDGE_CURVE('',#4475,#6041,#6043,.T.);
#6041 = VERTEX_POINT('',#6042);
#6042 = CARTESIAN_POINT('',(-4.187572106361,33.587572106361,10.4));
#6043 = SEAM_CURVE('',#6044,(#6048,#6055),.PCURVE_S1.);
#6044 = LINE('',#6045,#6046);
#6045 = CARTESIAN_POINT('',(-5.587572106361,33.587572106361,8.5));
#6046 = VECTOR('',#6047,1.);
#6047 = DIRECTION('',(0.59319903805,0.,0.805055837353));
#6048 = PCURVE('',#4540,#6049);
#6049 = DEFINITIONAL_REPRESENTATION('',(#6050),#6054);
#6050 = LINE('',#6051,#6052);
#6051 = CARTESIAN_POINT('',(0.,0.));
#6052 = VECTOR('',#6053,1.);
#6053 = DIRECTION('',(0.,1.));
#6054 = ( GEOMETRIC_REPRESENTATION_CONTEXT(2) 
PARAMETRIC_REPRESENTATION_CONTEXT() REPRESENTATION_CONTEXT('2D SPACE',''
  ) );
#6055 = PCURVE('',#4540,#6056);
#6056 = DEFINITIONAL_REPRESENTATION('',(#6057),#6061);
#6057 = LINE('',#6058,#6059);
#6058 = CARTESIAN_POINT('',(6.28318530718,0.));
#6059 = VECTOR('',#6060,1.);
#6060 = DIRECTION('',(0.,1.));
#6061 = ( GEOMETRIC_REPRESENTATION_CONTEXT(2) 
PARAMETRIC_REPRESENTATION_CONTEXT() REPRESENTATION_CONTEXT('2D SPACE',''
  ) );
#6062 = ORIENTED_EDGE('',*,*,#6063,.F.);
#6063 = EDGE_CURVE('',#6041,#6041,#6064,.T.);
#6064 = SURFACE_CURVE('',#6065,(#6070,#6077),.PCURVE_S1.);
#6065 = CIRCLE('',#6066,29.4);
#6066 = AXIS2_PLACEMENT_3D('',#6067,#6068,#6069);
#6067 = CARTESIAN_POINT('',(-33.58757210636,33.587572106361,10.4));
#6068 = DIRECTION('',(0.,0.,1.));
#6069 = DIRECTION('',(1.,0.,-0.));
#6070 = PCURVE('',#4540,#6071);
#6071 = DEFINITIONAL_REPRESENTATION('',(#6072),#6076);
#6072 = LINE('',#6073,#6074);
#6073 = CARTESIAN_POINT('',(0.,1.9));
#6074 = VECTOR('',#6075,1.);
#6075 = DIRECTION('',(1.,0.));
#6076 = ( GEOMETRIC_REPRESENTATION_CONTEXT(2) 
PARAMETRIC_REPRESENTATION_CONTEXT() REPRESENTATION_CONTEXT('2D SPACE',''
  ) );
#6077 = PCURVE('',#6078,#6083);
#6078 = CONICAL_SURFACE('',#6079,29.4,0.785398163397);
#6079 = AXIS2_PLACEMENT_3D('',#6080,#6081,#6082);
#6080 = CARTESIAN_POINT('',(-33.58757210636,33.587572106361,10.4));
#6081 = DIRECTION('',(0.,0.,1.));
#6082 = DIRECTION('',(1.,0.,-0.));
#6083 = DEFINITIONAL_REPRESENTATION('',(#6084),#6088);
#6084 = LINE('',#6085,#6086);
#6085 = CARTESIAN_POINT('',(0.,0.));
#6086 = VECTOR('',#6087,1.);
#6087 = DIRECTION('',(1.,0.));
#6088 = ( GEOMETRIC_REPRESENTATION_CONTEXT(2) 
PARAMETRIC_REPRESENTATION_CONTEXT() REPRESENTATION_CONTEXT('2D SPACE',''
  ) );
#6089 = ORIENTED_EDGE('',*,*,#6040,.F.);
#6090 = ADVANCED_FACE('',(#6091,#6094,#6210,#6321,#6456,#6487,#6522,
    #6553,#6584),#4512,.F.);
#6091 = FACE_BOUND('',#6092,.T.);
#6092 = EDGE_LOOP('',(#6093));
#6093 = ORIENTED_EDGE('',*,*,#4497,.F.);
#6094 = FACE_BOUND('',#6095,.T.);
#6095 = EDGE_LOOP('',(#6096,#6127,#6155,#6184));
#6096 = ORIENTED_EDGE('',*,*,#6097,.T.);
#6097 = EDGE_CURVE('',#6098,#6100,#6102,.T.);
#6098 = VERTEX_POINT('',#6099);
#6099 = CARTESIAN_POINT('',(-59.39756154194,25.325947245907,0.));
#6100 = VERTEX_POINT('',#6101);
#6101 = CARTESIAN_POINT('',(-15.36627801396,13.527800382877,0.));
#6102 = SURFACE_CURVE('',#6103,(#6108,#6115),.PCURVE_S1.);
#6103 = CIRCLE('',#6104,27.1);
#6104 = AXIS2_PLACEMENT_3D('',#6105,#6106,#6107);
#6105 = CARTESIAN_POINT('',(-33.58757210636,33.587572106361,0.));
#6106 = DIRECTION('',(0.,0.,1.));
#6107 = DIRECTION('',(1.,0.,-0.));
#6108 = PCURVE('',#4512,#6109);
#6109 = DEFINITIONAL_REPRESENTATION('',(#6110),#6114);
#6110 = CIRCLE('',#6111,27.1);
#6111 = AXIS2_PLACEMENT_2D('',#6112,#6113);
#6112 = CARTESIAN_POINT('',(0.,0.));
#6113 = DIRECTION('',(1.,-0.));
#6114 = ( GEOMETRIC_REPRESENTATION_CONTEXT(2) 
PARAMETRIC_REPRESENTATION_CONTEXT() REPRESENTATION_CONTEXT('2D SPACE',''
  ) );
#6115 = PCURVE('',#6116,#6121);
#6116 = CYLINDRICAL_SURFACE('',#6117,27.1);
#6117 = AXIS2_PLACEMENT_3D('',#6118,#6119,#6120);
#6118 = CARTESIAN_POINT('',(-33.58757210636,33.587572106361,8.4));
#6119 = DIRECTION('',(-0.,-0.,-1.));
#6120 = DIRECTION('',(1.,0.,0.));
#6121 = DEFINITIONAL_REPRESENTATION('',(#6122),#6126);
#6122 = LINE('',#6123,#6124);
#6123 = CARTESIAN_POINT('',(-0.,8.4));
#6124 = VECTOR('',#6125,1.);
#6125 = DIRECTION('',(-1.,0.));
#6126 = ( GEOMETRIC_REPRESENTATION_CONTEXT(2) 
PARAMETRIC_REPRESENTATION_CONTEXT() REPRESENTATION_CONTEXT('2D SPACE',''
  ) );
#6127 = ORIENTED_EDGE('',*,*,#6128,.F.);
#6128 = EDGE_CURVE('',#6129,#6100,#6131,.T.);
#6129 = VERTEX_POINT('',#6130);
#6130 = CARTESIAN_POINT('',(-30.72792219636,28.88944456528,0.));
#6131 = SURFACE_CURVE('',#6132,(#6136,#6143),.PCURVE_S1.);
#6132 = LINE('',#6133,#6134);
#6133 = CARTESIAN_POINT('',(-30.82985565973,28.991378028648,0.));
#6134 = VECTOR('',#6135,1.);
#6135 = DIRECTION('',(0.707106781187,-0.707106781187,0.));
#6136 = PCURVE('',#4512,#6137);
#6137 = DEFINITIONAL_REPRESENTATION('',(#6138),#6142);
#6138 = LINE('',#6139,#6140);
#6139 = CARTESIAN_POINT('',(2.757716446628,-4.596194077713));
#6140 = VECTOR('',#6141,1.);
#6141 = DIRECTION('',(0.707106781187,-0.707106781187));
#6142 = ( GEOMETRIC_REPRESENTATION_CONTEXT(2) 
PARAMETRIC_REPRESENTATION_CONTEXT() REPRESENTATION_CONTEXT('2D SPACE',''
  ) );
#6143 = PCURVE('',#6144,#6149);
#6144 = PLANE('',#6145);
#6145 = AXIS2_PLACEMENT_3D('',#6146,#6147,#6148);
#6146 = CARTESIAN_POINT('',(-30.82985565973,28.991378028648,0.));
#6147 = DIRECTION('',(0.707106781187,0.707106781187,0.));
#6148 = DIRECTION('',(0.,0.,1.));
#6149 = DEFINITIONAL_REPRESENTATION('',(#6150),#6154);
#6150 = LINE('',#6151,#6152);
#6151 = CARTESIAN_POINT('',(0.,0.));
#6152 = VECTOR('',#6153,1.);
#6153 = DIRECTION('',(0.,1.));
#6154 = ( GEOMETRIC_REPRESENTATION_CONTEXT(2) 
PARAMETRIC_REPRESENTATION_CONTEXT() REPRESENTATION_CONTEXT('2D SPACE',''
  ) );
#6155 = ORIENTED_EDGE('',*,*,#6156,.F.);
#6156 = EDGE_CURVE('',#6157,#6129,#6159,.T.);
#6157 = VERTEX_POINT('',#6158);
#6158 = CARTESIAN_POINT('',(-38.41316534488,30.948699260564,0.));
#6159 = SURFACE_CURVE('',#6160,(#6165,#6172),.PCURVE_S1.);
#6160 = CIRCLE('',#6161,5.5);
#6161 = AXIS2_PLACEMENT_3D('',#6162,#6163,#6164);
#6162 = CARTESIAN_POINT('',(-33.58757210636,33.587572106361,0.));
#6163 = DIRECTION('',(0.,0.,1.));
#6164 = DIRECTION('',(0.854205007469,-0.519936347272,0.));
#6165 = PCURVE('',#4512,#6166);
#6166 = DEFINITIONAL_REPRESENTATION('',(#6167),#6171);
#6167 = CIRCLE('',#6168,5.5);
#6168 = AXIS2_PLACEMENT_2D('',#6169,#6170);
#6169 = CARTESIAN_POINT('',(0.,0.));
#6170 = DIRECTION('',(0.854205007469,-0.519936347272));
#6171 = ( GEOMETRIC_REPRESENTATION_CONTEXT(2) 
PARAMETRIC_REPRESENTATION_CONTEXT() REPRESENTATION_CONTEXT('2D SPACE',''
  ) );
#6172 = PCURVE('',#6173,#6178);
#6173 = CYLINDRICAL_SURFACE('',#6174,5.5);
#6174 = AXIS2_PLACEMENT_3D('',#6175,#6176,#6177);
#6175 = CARTESIAN_POINT('',(-33.58757210636,33.587572106361,0.));
#6176 = DIRECTION('',(-0.,-0.,-1.));
#6177 = DIRECTION('',(1.,0.,0.));
#6178 = DEFINITIONAL_REPRESENTATION('',(#6179),#6183);
#6179 = LINE('',#6180,#6181);
#6180 = CARTESIAN_POINT('',(-5.736408875096,0.));
#6181 = VECTOR('',#6182,1.);
#6182 = DIRECTION('',(-1.,0.));
#6183 = ( GEOMETRIC_REPRESENTATION_CONTEXT(2) 
PARAMETRIC_REPRESENTATION_CONTEXT() REPRESENTATION_CONTEXT('2D SPACE',''
  ) );
#6184 = ORIENTED_EDGE('',*,*,#6185,.T.);
#6185 = EDGE_CURVE('',#6157,#6098,#6186,.T.);
#6186 = SURFACE_CURVE('',#6187,(#6191,#6198),.PCURVE_S1.);
#6187 = LINE('',#6188,#6189);
#6188 = CARTESIAN_POINT('',(-38.27392164443,30.986009497652,0.));
#6189 = VECTOR('',#6190,1.);
#6190 = DIRECTION('',(-0.965925826289,-0.258819045103,0.));
#6191 = PCURVE('',#4512,#6192);
#6192 = DEFINITIONAL_REPRESENTATION('',(#6193),#6197);
#6193 = LINE('',#6194,#6195);
#6194 = CARTESIAN_POINT('',(-4.68634953807,-2.601562608709));
#6195 = VECTOR('',#6196,1.);
#6196 = DIRECTION('',(-0.965925826289,-0.258819045103));
#6197 = ( GEOMETRIC_REPRESENTATION_CONTEXT(2) 
PARAMETRIC_REPRESENTATION_CONTEXT() REPRESENTATION_CONTEXT('2D SPACE',''
  ) );
#6198 = PCURVE('',#6199,#6204);
#6199 = PLANE('',#6200);
#6200 = AXIS2_PLACEMENT_3D('',#6201,#6202,#6203);
#6201 = CARTESIAN_POINT('',(-38.27392164443,30.986009497652,0.));
#6202 = DIRECTION('',(0.258819045103,-0.965925826289,0.));
#6203 = DIRECTION('',(0.,0.,1.));
#6204 = DEFINITIONAL_REPRESENTATION('',(#6205),#6209);
#6205 = LINE('',#6206,#6207);
#6206 = CARTESIAN_POINT('',(0.,0.));
#6207 = VECTOR('',#6208,1.);
#6208 = DIRECTION('',(0.,1.));
#6209 = ( GEOMETRIC_REPRESENTATION_CONTEXT(2) 
PARAMETRIC_REPRESENTATION_CONTEXT() REPRESENTATION_CONTEXT('2D SPACE',''
  ) );
#6210 = FACE_BOUND('',#6211,.T.);
#6211 = EDGE_LOOP('',(#6212,#6238,#6266,#6295));
#6212 = ORIENTED_EDGE('',*,*,#6213,.T.);
#6213 = EDGE_CURVE('',#6214,#6216,#6218,.T.);
#6214 = VERTEX_POINT('',#6215);
#6215 = CARTESIAN_POINT('',(-27.83735439425,60.070491059215,0.));
#6216 = VERTEX_POINT('',#6217);
#6217 = CARTESIAN_POINT('',(-60.07049105921,27.837354394258,0.));
#6218 = SURFACE_CURVE('',#6219,(#6224,#6231),.PCURVE_S1.);
#6219 = CIRCLE('',#6220,27.1);
#6220 = AXIS2_PLACEMENT_3D('',#6221,#6222,#6223);
#6221 = CARTESIAN_POINT('',(-33.58757210636,33.587572106361,0.));
#6222 = DIRECTION('',(0.,0.,1.));
#6223 = DIRECTION('',(1.,0.,-0.));
#6224 = PCURVE('',#4512,#6225);
#6225 = DEFINITIONAL_REPRESENTATION('',(#6226),#6230);
#6226 = CIRCLE('',#6227,27.1);
#6227 = AXIS2_PLACEMENT_2D('',#6228,#6229);
#6228 = CARTESIAN_POINT('',(0.,0.));
#6229 = DIRECTION('',(1.,-0.));
#6230 = ( GEOMETRIC_REPRESENTATION_CONTEXT(2) 
PARAMETRIC_REPRESENTATION_CONTEXT() REPRESENTATION_CONTEXT('2D SPACE',''
  ) );
#6231 = PCURVE('',#6116,#6232);
#6232 = DEFINITIONAL_REPRESENTATION('',(#6233),#6237);
#6233 = LINE('',#6234,#6235);
#6234 = CARTESIAN_POINT('',(-0.,8.4));
#6235 = VECTOR('',#6236,1.);
#6236 = DIRECTION('',(-1.,0.));
#6237 = ( GEOMETRIC_REPRESENTATION_CONTEXT(2) 
PARAMETRIC_REPRESENTATION_CONTEXT() REPRESENTATION_CONTEXT('2D SPACE',''
  ) );
#6238 = ORIENTED_EDGE('',*,*,#6239,.F.);
#6239 = EDGE_CURVE('',#6240,#6216,#6242,.T.);
#6240 = VERTEX_POINT('',#6241);
#6241 = CARTESIAN_POINT('',(-39.08609486215,33.460106408915,0.));
#6242 = SURFACE_CURVE('',#6243,(#6247,#6254),.PCURVE_S1.);
#6243 = LINE('',#6244,#6245);
#6244 = CARTESIAN_POINT('',(-38.94685116169,33.497416646004,0.));
#6245 = VECTOR('',#6246,1.);
#6246 = DIRECTION('',(-0.965925826289,-0.258819045103,0.));
#6247 = PCURVE('',#4512,#6248);
#6248 = DEFINITIONAL_REPRESENTATION('',(#6249),#6253);
#6249 = LINE('',#6250,#6251);
#6250 = CARTESIAN_POINT('',(-5.359279055336,-9.015546035732E-02));
#6251 = VECTOR('',#6252,1.);
#6252 = DIRECTION('',(-0.965925826289,-0.258819045103));
#6253 = ( GEOMETRIC_REPRESENTATION_CONTEXT(2) 
PARAMETRIC_REPRESENTATION_CONTEXT() REPRESENTATION_CONTEXT('2D SPACE',''
  ) );
#6254 = PCURVE('',#6255,#6260);
#6255 = PLANE('',#6256);
#6256 = AXIS2_PLACEMENT_3D('',#6257,#6258,#6259);
#6257 = CARTESIAN_POINT('',(-38.94685116169,33.497416646004,0.));
#6258 = DIRECTION('',(0.258819045103,-0.965925826289,0.));
#6259 = DIRECTION('',(0.,0.,1.));
#6260 = DEFINITIONAL_REPRESENTATION('',(#6261),#6265);
#6261 = LINE('',#6262,#6263);
#6262 = CARTESIAN_POINT('',(0.,0.));
#6263 = VECTOR('',#6264,1.);
#6264 = DIRECTION('',(0.,1.));
#6265 = ( GEOMETRIC_REPRESENTATION_CONTEXT(2) 
PARAMETRIC_REPRESENTATION_CONTEXT() REPRESENTATION_CONTEXT('2D SPACE',''
  ) );
#6266 = ORIENTED_EDGE('',*,*,#6267,.F.);
#6267 = EDGE_CURVE('',#6268,#6240,#6270,.T.);
#6268 = VERTEX_POINT('',#6269);
#6269 = CARTESIAN_POINT('',(-33.46010640891,39.086094862154,0.));
#6270 = SURFACE_CURVE('',#6271,(#6276,#6283),.PCURVE_S1.);
#6271 = CIRCLE('',#6272,5.5);
#6272 = AXIS2_PLACEMENT_3D('',#6273,#6274,#6275);
#6273 = CARTESIAN_POINT('',(-33.58757210636,33.587572106361,0.));
#6274 = DIRECTION('',(0.,0.,1.));
#6275 = DIRECTION('',(0.854205007469,-0.519936347272,0.));
#6276 = PCURVE('',#4512,#6277);
#6277 = DEFINITIONAL_REPRESENTATION('',(#6278),#6282);
#6278 = CIRCLE('',#6279,5.5);
#6279 = AXIS2_PLACEMENT_2D('',#6280,#6281);
#6280 = CARTESIAN_POINT('',(0.,0.));
#6281 = DIRECTION('',(0.854205007469,-0.519936347272));
#6282 = ( GEOMETRIC_REPRESENTATION_CONTEXT(2) 
PARAMETRIC_REPRESENTATION_CONTEXT() REPRESENTATION_CONTEXT('2D SPACE',''
  ) );
#6283 = PCURVE('',#6284,#6289);
#6284 = CYLINDRICAL_SURFACE('',#6285,5.5);
#6285 = AXIS2_PLACEMENT_3D('',#6286,#6287,#6288);
#6286 = CARTESIAN_POINT('',(-33.58757210636,33.587572106361,0.));
#6287 = DIRECTION('',(-0.,-0.,-1.));
#6288 = DIRECTION('',(1.,0.,0.));
#6289 = DEFINITIONAL_REPRESENTATION('',(#6290),#6294);
#6290 = LINE('',#6291,#6292);
#6291 = CARTESIAN_POINT('',(-5.736408875096,0.));
#6292 = VECTOR('',#6293,1.);
#6293 = DIRECTION('',(-1.,0.));
#6294 = ( GEOMETRIC_REPRESENTATION_CONTEXT(2) 
PARAMETRIC_REPRESENTATION_CONTEXT() REPRESENTATION_CONTEXT('2D SPACE',''
  ) );
#6295 = ORIENTED_EDGE('',*,*,#6296,.T.);
#6296 = EDGE_CURVE('',#6268,#6214,#6297,.T.);
#6297 = SURFACE_CURVE('',#6298,(#6302,#6309),.PCURVE_S1.);
#6298 = LINE('',#6299,#6300);
#6299 = CARTESIAN_POINT('',(-33.497416646,38.946851161697,0.));
#6300 = VECTOR('',#6301,1.);
#6301 = DIRECTION('',(0.258819045103,0.965925826289,0.));
#6302 = PCURVE('',#4512,#6303);
#6303 = DEFINITIONAL_REPRESENTATION('',(#6304),#6308);
#6304 = LINE('',#6305,#6306);
#6305 = CARTESIAN_POINT('',(9.015546035732E-02,5.359279055336));
#6306 = VECTOR('',#6307,1.);
#6307 = DIRECTION('',(0.258819045103,0.965925826289));
#6308 = ( GEOMETRIC_REPRESENTATION_CONTEXT(2) 
PARAMETRIC_REPRESENTATION_CONTEXT() REPRESENTATION_CONTEXT('2D SPACE',''
  ) );
#6309 = PCURVE('',#6310,#6315);
#6310 = PLANE('',#6311);
#6311 = AXIS2_PLACEMENT_3D('',#6312,#6313,#6314);
#6312 = CARTESIAN_POINT('',(-33.497416646,38.946851161697,0.));
#6313 = DIRECTION('',(-0.965925826289,0.258819045103,0.));
#6314 = DIRECTION('',(0.,0.,1.));
#6315 = DEFINITIONAL_REPRESENTATION('',(#6316),#6320);
#6316 = LINE('',#6317,#6318);
#6317 = CARTESIAN_POINT('',(0.,0.));
#6318 = VECTOR('',#6319,1.);
#6319 = DIRECTION('',(0.,1.));
#6320 = ( GEOMETRIC_REPRESENTATION_CONTEXT(2) 
PARAMETRIC_REPRESENTATION_CONTEXT() REPRESENTATION_CONTEXT('2D SPACE',''
  ) );
#6321 = FACE_BOUND('',#6322,.T.);
#6322 = EDGE_LOOP('',(#6323,#6349,#6377,#6406,#6434));
#6323 = ORIENTED_EDGE('',*,*,#6324,.T.);
#6324 = EDGE_CURVE('',#6325,#6327,#6329,.T.);
#6325 = VERTEX_POINT('',#6326);
#6326 = CARTESIAN_POINT('',(-6.487572106361,33.587572106361,0.));
#6327 = VERTEX_POINT('',#6328);
#6328 = CARTESIAN_POINT('',(-25.3259472459,59.397561541948,0.));
#6329 = SURFACE_CURVE('',#6330,(#6335,#6342),.PCURVE_S1.);
#6330 = CIRCLE('',#6331,27.1);
#6331 = AXIS2_PLACEMENT_3D('',#6332,#6333,#6334);
#6332 = CARTESIAN_POINT('',(-33.58757210636,33.587572106361,0.));
#6333 = DIRECTION('',(0.,0.,1.));
#6334 = DIRECTION('',(1.,0.,-0.));
#6335 = PCURVE('',#4512,#6336);
#6336 = DEFINITIONAL_REPRESENTATION('',(#6337),#6341);
#6337 = CIRCLE('',#6338,27.1);
#6338 = AXIS2_PLACEMENT_2D('',#6339,#6340);
#6339 = CARTESIAN_POINT('',(0.,0.));
#6340 = DIRECTION('',(1.,-0.));
#6341 = ( GEOMETRIC_REPRESENTATION_CONTEXT(2) 
PARAMETRIC_REPRESENTATION_CONTEXT() REPRESENTATION_CONTEXT('2D SPACE',''
  ) );
#6342 = PCURVE('',#6116,#6343);
#6343 = DEFINITIONAL_REPRESENTATION('',(#6344),#6348);
#6344 = LINE('',#6345,#6346);
#6345 = CARTESIAN_POINT('',(-0.,8.4));
#6346 = VECTOR('',#6347,1.);
#6347 = DIRECTION('',(-1.,0.));
#6348 = ( GEOMETRIC_REPRESENTATION_CONTEXT(2) 
PARAMETRIC_REPRESENTATION_CONTEXT() REPRESENTATION_CONTEXT('2D SPACE',''
  ) );
#6349 = ORIENTED_EDGE('',*,*,#6350,.F.);
#6350 = EDGE_CURVE('',#6351,#6327,#6353,.T.);
#6351 = VERTEX_POINT('',#6352);
#6352 = CARTESIAN_POINT('',(-30.94869926056,38.413165344887,0.));
#6353 = SURFACE_CURVE('',#6354,(#6358,#6365),.PCURVE_S1.);
#6354 = LINE('',#6355,#6356);
#6355 = CARTESIAN_POINT('',(-30.98600949765,38.273921644431,0.));
#6356 = VECTOR('',#6357,1.);
#6357 = DIRECTION('',(0.258819045103,0.965925826289,0.));
#6358 = PCURVE('',#4512,#6359);
#6359 = DEFINITIONAL_REPRESENTATION('',(#6360),#6364);
#6360 = LINE('',#6361,#6362);
#6361 = CARTESIAN_POINT('',(2.601562608709,4.68634953807));
#6362 = VECTOR('',#6363,1.);
#6363 = DIRECTION('',(0.258819045103,0.965925826289));
#6364 = ( GEOMETRIC_REPRESENTATION_CONTEXT(2) 
PARAMETRIC_REPRESENTATION_CONTEXT() REPRESENTATION_CONTEXT('2D SPACE',''
  ) );
#6365 = PCURVE('',#6366,#6371);
#6366 = PLANE('',#6367);
#6367 = AXIS2_PLACEMENT_3D('',#6368,#6369,#6370);
#6368 = CARTESIAN_POINT('',(-30.98600949765,38.273921644431,0.));
#6369 = DIRECTION('',(-0.965925826289,0.258819045103,0.));
#6370 = DIRECTION('',(0.,0.,1.));
#6371 = DEFINITIONAL_REPRESENTATION('',(#6372),#6376);
#6372 = LINE('',#6373,#6374);
#6373 = CARTESIAN_POINT('',(0.,0.));
#6374 = VECTOR('',#6375,1.);
#6375 = DIRECTION('',(0.,1.));
#6376 = ( GEOMETRIC_REPRESENTATION_CONTEXT(2) 
PARAMETRIC_REPRESENTATION_CONTEXT() REPRESENTATION_CONTEXT('2D SPACE',''
  ) );
#6377 = ORIENTED_EDGE('',*,*,#6378,.F.);
#6378 = EDGE_CURVE('',#6379,#6351,#6381,.T.);
#6379 = VERTEX_POINT('',#6380);
#6380 = CARTESIAN_POINT('',(-28.88944456528,30.727922196365,0.));
#6381 = SURFACE_CURVE('',#6382,(#6387,#6394),.PCURVE_S1.);
#6382 = CIRCLE('',#6383,5.5);
#6383 = AXIS2_PLACEMENT_3D('',#6384,#6385,#6386);
#6384 = CARTESIAN_POINT('',(-33.58757210636,33.587572106361,0.));
#6385 = DIRECTION('',(0.,0.,1.));
#6386 = DIRECTION('',(0.854205007469,-0.519936347272,0.));
#6387 = PCURVE('',#4512,#6388);
#6388 = DEFINITIONAL_REPRESENTATION('',(#6389),#6393);
#6389 = CIRCLE('',#6390,5.5);
#6390 = AXIS2_PLACEMENT_2D('',#6391,#6392);
#6391 = CARTESIAN_POINT('',(0.,0.));
#6392 = DIRECTION('',(0.854205007469,-0.519936347272));
#6393 = ( GEOMETRIC_REPRESENTATION_CONTEXT(2) 
PARAMETRIC_REPRESENTATION_CONTEXT() REPRESENTATION_CONTEXT('2D SPACE',''
  ) );
#6394 = PCURVE('',#6395,#6400);
#6395 = CYLINDRICAL_SURFACE('',#6396,5.5);
#6396 = AXIS2_PLACEMENT_3D('',#6397,#6398,#6399);
#6397 = CARTESIAN_POINT('',(-33.58757210636,33.587572106361,0.));
#6398 = DIRECTION('',(-0.,-0.,-1.));
#6399 = DIRECTION('',(1.,0.,0.));
#6400 = DEFINITIONAL_REPRESENTATION('',(#6401),#6405);
#6401 = LINE('',#6402,#6403);
#6402 = CARTESIAN_POINT('',(-5.736408875096,0.));
#6403 = VECTOR('',#6404,1.);
#6404 = DIRECTION('',(-1.,0.));
#6405 = ( GEOMETRIC_REPRESENTATION_CONTEXT(2) 
PARAMETRIC_REPRESENTATION_CONTEXT() REPRESENTATION_CONTEXT('2D SPACE',''
  ) );
#6406 = ORIENTED_EDGE('',*,*,#6407,.T.);
#6407 = EDGE_CURVE('',#6379,#6408,#6410,.T.);
#6408 = VERTEX_POINT('',#6409);
#6409 = CARTESIAN_POINT('',(-13.52780038287,15.366278013962,0.));
#6410 = SURFACE_CURVE('',#6411,(#6415,#6422),.PCURVE_S1.);
#6411 = LINE('',#6412,#6413);
#6412 = CARTESIAN_POINT('',(-28.99137802864,30.829855659733,0.));
#6413 = VECTOR('',#6414,1.);
#6414 = DIRECTION('',(0.707106781187,-0.707106781187,0.));
#6415 = PCURVE('',#4512,#6416);
#6416 = DEFINITIONAL_REPRESENTATION('',(#6417),#6421);
#6417 = LINE('',#6418,#6419);
#6418 = CARTESIAN_POINT('',(4.596194077713,-2.757716446628));
#6419 = VECTOR('',#6420,1.);
#6420 = DIRECTION('',(0.707106781187,-0.707106781187));
#6421 = ( GEOMETRIC_REPRESENTATION_CONTEXT(2) 
PARAMETRIC_REPRESENTATION_CONTEXT() REPRESENTATION_CONTEXT('2D SPACE',''
  ) );
#6422 = PCURVE('',#6423,#6428);
#6423 = PLANE('',#6424);
#6424 = AXIS2_PLACEMENT_3D('',#6425,#6426,#6427);
#6425 = CARTESIAN_POINT('',(-28.99137802864,30.829855659733,0.));
#6426 = DIRECTION('',(0.707106781187,0.707106781187,0.));
#6427 = DIRECTION('',(0.,0.,1.));
#6428 = DEFINITIONAL_REPRESENTATION('',(#6429),#6433);
#6429 = LINE('',#6430,#6431);
#6430 = CARTESIAN_POINT('',(0.,0.));
#6431 = VECTOR('',#6432,1.);
#6432 = DIRECTION('',(0.,1.));
#6433 = ( GEOMETRIC_REPRESENTATION_CONTEXT(2) 
PARAMETRIC_REPRESENTATION_CONTEXT() REPRESENTATION_CONTEXT('2D SPACE',''
  ) );
#6434 = ORIENTED_EDGE('',*,*,#6435,.T.);
#6435 = EDGE_CURVE('',#6408,#6325,#6436,.T.);
#6436 = SURFACE_CURVE('',#6437,(#6442,#6449),.PCURVE_S1.);
#6437 = CIRCLE('',#6438,27.1);
#6438 = AXIS2_PLACEMENT_3D('',#6439,#6440,#6441);
#6439 = CARTESIAN_POINT('',(-33.58757210636,33.587572106361,0.));
#6440 = DIRECTION('',(0.,0.,1.));
#6441 = DIRECTION('',(1.,0.,-0.));
#6442 = PCURVE('',#4512,#6443);
#6443 = DEFINITIONAL_REPRESENTATION('',(#6444),#6448);
#6444 = CIRCLE('',#6445,27.1);
#6445 = AXIS2_PLACEMENT_2D('',#6446,#6447);
#6446 = CARTESIAN_POINT('',(0.,0.));
#6447 = DIRECTION('',(1.,-0.));
#6448 = ( GEOMETRIC_REPRESENTATION_CONTEXT(2) 
PARAMETRIC_REPRESENTATION_CONTEXT() REPRESENTATION_CONTEXT('2D SPACE',''
  ) );
#6449 = PCURVE('',#6116,#6450);
#6450 = DEFINITIONAL_REPRESENTATION('',(#6451),#6455);
#6451 = LINE('',#6452,#6453);
#6452 = CARTESIAN_POINT('',(-0.,8.4));
#6453 = VECTOR('',#6454,1.);
#6454 = DIRECTION('',(-1.,0.));
#6455 = ( GEOMETRIC_REPRESENTATION_CONTEXT(2) 
PARAMETRIC_REPRESENTATION_CONTEXT() REPRESENTATION_CONTEXT('2D SPACE',''
  ) );
#6456 = FACE_BOUND('',#6457,.T.);
#6457 = EDGE_LOOP('',(#6458));
#6458 = ORIENTED_EDGE('',*,*,#6459,.T.);
#6459 = EDGE_CURVE('',#6460,#6460,#6462,.T.);
#6460 = VERTEX_POINT('',#6461);
#6461 = CARTESIAN_POINT('',(-30.70411972844,35.921024484277,0.));
#6462 = SURFACE_CURVE('',#6463,(#6468,#6475),.PCURVE_S1.);
#6463 = CIRCLE('',#6464,0.55);
#6464 = AXIS2_PLACEMENT_3D('',#6465,#6466,#6467);
#6465 = CARTESIAN_POINT('',(-31.25411972844,35.921024484277,0.));
#6466 = DIRECTION('',(0.,0.,1.));
#6467 = DIRECTION('',(1.,0.,0.));
#6468 = PCURVE('',#4512,#6469);
#6469 = DEFINITIONAL_REPRESENTATION('',(#6470),#6474);
#6470 = CIRCLE('',#6471,0.55);
#6471 = AXIS2_PLACEMENT_2D('',#6472,#6473);
#6472 = CARTESIAN_POINT('',(2.333452377916,2.333452377916));
#6473 = DIRECTION('',(1.,-0.));
#6474 = ( GEOMETRIC_REPRESENTATION_CONTEXT(2) 
PARAMETRIC_REPRESENTATION_CONTEXT() REPRESENTATION_CONTEXT('2D SPACE',''
  ) );
#6475 = PCURVE('',#6476,#6481);
#6476 = CYLINDRICAL_SURFACE('',#6477,0.55);
#6477 = AXIS2_PLACEMENT_3D('',#6478,#6479,#6480);
#6478 = CARTESIAN_POINT('',(-31.25411972844,35.921024484277,0.));
#6479 = DIRECTION('',(-0.,-0.,-1.));
#6480 = DIRECTION('',(1.,0.,0.));
#6481 = DEFINITIONAL_REPRESENTATION('',(#6482),#6486);
#6482 = LINE('',#6483,#6484);
#6483 = CARTESIAN_POINT('',(-0.,0.));
#6484 = VECTOR('',#6485,1.);
#6485 = DIRECTION('',(-1.,0.));
#6486 = ( GEOMETRIC_REPRESENTATION_CONTEXT(2) 
PARAMETRIC_REPRESENTATION_CONTEXT() REPRESENTATION_CONTEXT('2D SPACE',''
  ) );
#6487 = FACE_BOUND('',#6488,.T.);
#6488 = EDGE_LOOP('',(#6489));
#6489 = ORIENTED_EDGE('',*,*,#6490,.F.);
#6490 = EDGE_CURVE('',#6491,#6491,#6493,.T.);
#6491 = VERTEX_POINT('',#6492);
#6492 = CARTESIAN_POINT('',(-34.38757210636,33.587572106361,0.));
#6493 = SURFACE_CURVE('',#6494,(#6499,#6510),.PCURVE_S1.);
#6494 = CIRCLE('',#6495,0.8);
#6495 = AXIS2_PLACEMENT_3D('',#6496,#6497,#6498);
#6496 = CARTESIAN_POINT('',(-33.58757210636,33.587572106361,0.));
#6497 = DIRECTION('',(0.,0.,-1.));
#6498 = DIRECTION('',(-1.,0.,0.));
#6499 = PCURVE('',#4512,#6500);
#6500 = DEFINITIONAL_REPRESENTATION('',(#6501),#6509);
#6501 = ( BOUNDED_CURVE() B_SPLINE_CURVE(2,(#6502,#6503,#6504,#6505,
#6506,#6507,#6508),.UNSPECIFIED.,.T.,.F.) B_SPLINE_CURVE_WITH_KNOTS((1,2
    ,2,2,2,1),(-2.094395102393,0.,2.094395102393,4.188790204786,
6.28318530718,8.377580409573),.UNSPECIFIED.) CURVE() 
GEOMETRIC_REPRESENTATION_ITEM() RATIONAL_B_SPLINE_CURVE((1.,0.5,1.,0.5,
1.,0.5,1.)) REPRESENTATION_ITEM('') );
#6502 = CARTESIAN_POINT('',(-0.8,0.));
#6503 = CARTESIAN_POINT('',(-0.8,1.385640646055));
#6504 = CARTESIAN_POINT('',(0.4,0.692820323028));
#6505 = CARTESIAN_POINT('',(1.6,1.959434878636E-16));
#6506 = CARTESIAN_POINT('',(0.4,-0.692820323028));
#6507 = CARTESIAN_POINT('',(-0.8,-1.385640646055));
#6508 = CARTESIAN_POINT('',(-0.8,0.));
#6509 = ( GEOMETRIC_REPRESENTATION_CONTEXT(2) 
PARAMETRIC_REPRESENTATION_CONTEXT() REPRESENTATION_CONTEXT('2D SPACE',''
  ) );
#6510 = PCURVE('',#6511,#6516);
#6511 = CYLINDRICAL_SURFACE('',#6512,0.8);
#6512 = AXIS2_PLACEMENT_3D('',#6513,#6514,#6515);
#6513 = CARTESIAN_POINT('',(-33.58757210636,33.587572106361,1.8));
#6514 = DIRECTION('',(0.,0.,-1.));
#6515 = DIRECTION('',(-1.,0.,0.));
#6516 = DEFINITIONAL_REPRESENTATION('',(#6517),#6521);
#6517 = LINE('',#6518,#6519);
#6518 = CARTESIAN_POINT('',(0.,1.8));
#6519 = VECTOR('',#6520,1.);
#6520 = DIRECTION('',(1.,0.));
#6521 = ( GEOMETRIC_REPRESENTATION_CONTEXT(2) 
PARAMETRIC_REPRESENTATION_CONTEXT() REPRESENTATION_CONTEXT('2D SPACE',''
  ) );
#6522 = FACE_BOUND('',#6523,.T.);
#6523 = EDGE_LOOP('',(#6524));
#6524 = ORIENTED_EDGE('',*,*,#6525,.T.);
#6525 = EDGE_CURVE('',#6526,#6526,#6528,.T.);
#6526 = VERTEX_POINT('',#6527);
#6527 = CARTESIAN_POINT('',(-35.37102448427,35.921024484277,0.));
#6528 = SURFACE_CURVE('',#6529,(#6534,#6541),.PCURVE_S1.);
#6529 = CIRCLE('',#6530,0.55);
#6530 = AXIS2_PLACEMENT_3D('',#6531,#6532,#6533);
#6531 = CARTESIAN_POINT('',(-35.92102448427,35.921024484277,0.));
#6532 = DIRECTION('',(0.,0.,1.));
#6533 = DIRECTION('',(1.,0.,0.));
#6534 = PCURVE('',#4512,#6535);
#6535 = DEFINITIONAL_REPRESENTATION('',(#6536),#6540);
#6536 = CIRCLE('',#6537,0.55);
#6537 = AXIS2_PLACEMENT_2D('',#6538,#6539);
#6538 = CARTESIAN_POINT('',(-2.333452377916,2.333452377916));
#6539 = DIRECTION('',(1.,-0.));
#6540 = ( GEOMETRIC_REPRESENTATION_CONTEXT(2) 
PARAMETRIC_REPRESENTATION_CONTEXT() REPRESENTATION_CONTEXT('2D SPACE',''
  ) );
#6541 = PCURVE('',#6542,#6547);
#6542 = CYLINDRICAL_SURFACE('',#6543,0.55);
#6543 = AXIS2_PLACEMENT_3D('',#6544,#6545,#6546);
#6544 = CARTESIAN_POINT('',(-35.92102448427,35.921024484277,0.));
#6545 = DIRECTION('',(-0.,-0.,-1.));
#6546 = DIRECTION('',(1.,0.,0.));
#6547 = DEFINITIONAL_REPRESENTATION('',(#6548),#6552);
#6548 = LINE('',#6549,#6550);
#6549 = CARTESIAN_POINT('',(-0.,0.));
#6550 = VECTOR('',#6551,1.);
#6551 = DIRECTION('',(-1.,0.));
#6552 = ( GEOMETRIC_REPRESENTATION_CONTEXT(2) 
PARAMETRIC_REPRESENTATION_CONTEXT() REPRESENTATION_CONTEXT('2D SPACE',''
  ) );
#6553 = FACE_BOUND('',#6554,.T.);
#6554 = EDGE_LOOP('',(#6555));
#6555 = ORIENTED_EDGE('',*,*,#6556,.T.);
#6556 = EDGE_CURVE('',#6557,#6557,#6559,.T.);
#6557 = VERTEX_POINT('',#6558);
#6558 = CARTESIAN_POINT('',(-30.70411972844,31.254119728445,0.));
#6559 = SURFACE_CURVE('',#6560,(#6565,#6572),.PCURVE_S1.);
#6560 = CIRCLE('',#6561,0.55);
#6561 = AXIS2_PLACEMENT_3D('',#6562,#6563,#6564);
#6562 = CARTESIAN_POINT('',(-31.25411972844,31.254119728445,0.));
#6563 = DIRECTION('',(0.,0.,1.));
#6564 = DIRECTION('',(1.,0.,0.));
#6565 = PCURVE('',#4512,#6566);
#6566 = DEFINITIONAL_REPRESENTATION('',(#6567),#6571);
#6567 = CIRCLE('',#6568,0.55);
#6568 = AXIS2_PLACEMENT_2D('',#6569,#6570);
#6569 = CARTESIAN_POINT('',(2.333452377916,-2.333452377916));
#6570 = DIRECTION('',(1.,-0.));
#6571 = ( GEOMETRIC_REPRESENTATION_CONTEXT(2) 
PARAMETRIC_REPRESENTATION_CONTEXT() REPRESENTATION_CONTEXT('2D SPACE',''
  ) );
#6572 = PCURVE('',#6573,#6578);
#6573 = CYLINDRICAL_SURFACE('',#6574,0.55);
#6574 = AXIS2_PLACEMENT_3D('',#6575,#6576,#6577);
#6575 = CARTESIAN_POINT('',(-31.25411972844,31.254119728445,0.));
#6576 = DIRECTION('',(-0.,-0.,-1.));
#6577 = DIRECTION('',(1.,0.,0.));
#6578 = DEFINITIONAL_REPRESENTATION('',(#6579),#6583);
#6579 = LINE('',#6580,#6581);
#6580 = CARTESIAN_POINT('',(-0.,0.));
#6581 = VECTOR('',#6582,1.);
#6582 = DIRECTION('',(-1.,0.));
#6583 = ( GEOMETRIC_REPRESENTATION_CONTEXT(2) 
PARAMETRIC_REPRESENTATION_CONTEXT() REPRESENTATION_CONTEXT('2D SPACE',''
  ) );
#6584 = FACE_BOUND('',#6585,.T.);
#6585 = EDGE_LOOP('',(#6586));
#6586 = ORIENTED_EDGE('',*,*,#6587,.T.);
#6587 = EDGE_CURVE('',#6588,#6588,#6590,.T.);
#6588 = VERTEX_POINT('',#6589);
#6589 = CARTESIAN_POINT('',(-35.37102448427,31.254119728445,0.));
#6590 = SURFACE_CURVE('',#6591,(#6596,#6603),.PCURVE_S1.);
#6591 = CIRCLE('',#6592,0.55);
#6592 = AXIS2_PLACEMENT_3D('',#6593,#6594,#6595);
#6593 = CARTESIAN_POINT('',(-35.92102448427,31.254119728445,0.));
#6594 = DIRECTION('',(0.,0.,1.));
#6595 = DIRECTION('',(1.,0.,0.));
#6596 = PCURVE('',#4512,#6597);
#6597 = DEFINITIONAL_REPRESENTATION('',(#6598),#6602);
#6598 = CIRCLE('',#6599,0.55);
#6599 = AXIS2_PLACEMENT_2D('',#6600,#6601);
#6600 = CARTESIAN_POINT('',(-2.333452377916,-2.333452377916));
#6601 = DIRECTION('',(1.,-0.));
#6602 = ( GEOMETRIC_REPRESENTATION_CONTEXT(2) 
PARAMETRIC_REPRESENTATION_CONTEXT() REPRESENTATION_CONTEXT('2D SPACE',''
  ) );
#6603 = PCURVE('',#6604,#6609);
#6604 = CYLINDRICAL_SURFACE('',#6605,0.55);
#6605 = AXIS2_PLACEMENT_3D('',#6606,#6607,#6608);
#6606 = CARTESIAN_POINT('',(-35.92102448427,31.254119728445,0.));
#6607 = DIRECTION('',(-0.,-0.,-1.));
#6608 = DIRECTION('',(1.,0.,0.));
#6609 = DEFINITIONAL_REPRESENTATION('',(#6610),#6614);
#6610 = LINE('',#6611,#6612);
#6611 = CARTESIAN_POINT('',(-0.,0.));
#6612 = VECTOR('',#6613,1.);
#6613 = DIRECTION('',(-1.,0.));
#6614 = ( GEOMETRIC_REPRESENTATION_CONTEXT(2) 
PARAMETRIC_REPRESENTATION_CONTEXT() REPRESENTATION_CONTEXT('2D SPACE',''
  ) );
#6615 = ADVANCED_FACE('',(#6616),#4918,.T.);
#6616 = FACE_BOUND('',#6617,.T.);
#6617 = EDGE_LOOP('',(#6618,#6619,#6642,#6669));
#6618 = ORIENTED_EDGE('',*,*,#4903,.T.);
#6619 = ORIENTED_EDGE('',*,*,#6620,.T.);
#6620 = EDGE_CURVE('',#4881,#6621,#6623,.T.);
#6621 = VERTEX_POINT('',#6622);
#6622 = CARTESIAN_POINT('',(63.587572106361,-33.58757210636,11.));
#6623 = SEAM_CURVE('',#6624,(#6628,#6635),.PCURVE_S1.);
#6624 = LINE('',#6625,#6626);
#6625 = CARTESIAN_POINT('',(62.987572106361,-33.58757210636,10.4));
#6626 = VECTOR('',#6627,1.);
#6627 = DIRECTION('',(0.707106781187,0.,0.707106781187));
#6628 = PCURVE('',#4918,#6629);
#6629 = DEFINITIONAL_REPRESENTATION('',(#6630),#6634);
#6630 = LINE('',#6631,#6632);
#6631 = CARTESIAN_POINT('',(0.,0.));
#6632 = VECTOR('',#6633,1.);
#6633 = DIRECTION('',(0.,1.));
#6634 = ( GEOMETRIC_REPRESENTATION_CONTEXT(2) 
PARAMETRIC_REPRESENTATION_CONTEXT() REPRESENTATION_CONTEXT('2D SPACE',''
  ) );
#6635 = PCURVE('',#4918,#6636);
#6636 = DEFINITIONAL_REPRESENTATION('',(#6637),#6641);
#6637 = LINE('',#6638,#6639);
#6638 = CARTESIAN_POINT('',(6.28318530718,0.));
#6639 = VECTOR('',#6640,1.);
#6640 = DIRECTION('',(0.,1.));
#6641 = ( GEOMETRIC_REPRESENTATION_CONTEXT(2) 
PARAMETRIC_REPRESENTATION_CONTEXT() REPRESENTATION_CONTEXT('2D SPACE',''
  ) );
#6642 = ORIENTED_EDGE('',*,*,#6643,.F.);
#6643 = EDGE_CURVE('',#6621,#6621,#6644,.T.);
#6644 = SURFACE_CURVE('',#6645,(#6650,#6657),.PCURVE_S1.);
#6645 = CIRCLE('',#6646,30.);
#6646 = AXIS2_PLACEMENT_3D('',#6647,#6648,#6649);
#6647 = CARTESIAN_POINT('',(33.587572106361,-33.58757210636,11.));
#6648 = DIRECTION('',(0.,0.,1.));
#6649 = DIRECTION('',(1.,0.,-0.));
#6650 = PCURVE('',#4918,#6651);
#6651 = DEFINITIONAL_REPRESENTATION('',(#6652),#6656);
#6652 = LINE('',#6653,#6654);
#6653 = CARTESIAN_POINT('',(0.,0.6));
#6654 = VECTOR('',#6655,1.);
#6655 = DIRECTION('',(1.,0.));
#6656 = ( GEOMETRIC_REPRESENTATION_CONTEXT(2) 
PARAMETRIC_REPRESENTATION_CONTEXT() REPRESENTATION_CONTEXT('2D SPACE',''
  ) );
#6657 = PCURVE('',#6658,#6663);
#6658 = PLANE('',#6659);
#6659 = AXIS2_PLACEMENT_3D('',#6660,#6661,#6662);
#6660 = CARTESIAN_POINT('',(33.587572106361,-33.58757210636,11.));
#6661 = DIRECTION('',(0.,0.,1.));
#6662 = DIRECTION('',(1.,0.,-0.));
#6663 = DEFINITIONAL_REPRESENTATION('',(#6664),#6668);
#6664 = CIRCLE('',#6665,30.);
#6665 = AXIS2_PLACEMENT_2D('',#6666,#6667);
#6666 = CARTESIAN_POINT('',(0.,0.));
#6667 = DIRECTION('',(1.,0.));
#6668 = ( GEOMETRIC_REPRESENTATION_CONTEXT(2) 
PARAMETRIC_REPRESENTATION_CONTEXT() REPRESENTATION_CONTEXT('2D SPACE',''
  ) );
#6669 = ORIENTED_EDGE('',*,*,#6620,.F.);
#6670 = ADVANCED_FACE('',(#6671),#4956,.F.);
#6671 = FACE_BOUND('',#6672,.T.);
#6672 = EDGE_LOOP('',(#6673,#6694,#6727,#6746,#6747,#6768,#6796,#6815,
    #6816,#6837,#6865,#6884,#6885,#6908,#6935,#6936));
#6673 = ORIENTED_EDGE('',*,*,#6674,.F.);
#6674 = EDGE_CURVE('',#6675,#5248,#6677,.T.);
#6675 = VERTEX_POINT('',#6676);
#6676 = CARTESIAN_POINT('',(27.837354394258,-60.07049105921,1.8));
#6677 = SURFACE_CURVE('',#6678,(#6682,#6688),.PCURVE_S1.);
#6678 = LINE('',#6679,#6680);
#6679 = CARTESIAN_POINT('',(27.837354394258,-60.07049105921,8.4));
#6680 = VECTOR('',#6681,1.);
#6681 = DIRECTION('',(-0.,-0.,-1.));
#6682 = PCURVE('',#4956,#6683);
#6683 = DEFINITIONAL_REPRESENTATION('',(#6684),#6687);
#6684 = B_SPLINE_CURVE_WITH_KNOTS('',1,(#6685,#6686),.UNSPECIFIED.,.F.,
  .F.,(2,2),(6.42,8.4000006),.PIECEWISE_BEZIER_KNOTS.);
#6685 = CARTESIAN_POINT('',(-4.498578489382,6.42));
#6686 = CARTESIAN_POINT('',(-4.498578489382,8.4000006));
#6687 = ( GEOMETRIC_REPRESENTATION_CONTEXT(2) 
PARAMETRIC_REPRESENTATION_CONTEXT() REPRESENTATION_CONTEXT('2D SPACE',''
  ) );
#6688 = PCURVE('',#5263,#6689);
#6689 = DEFINITIONAL_REPRESENTATION('',(#6690),#6693);
#6690 = B_SPLINE_CURVE_WITH_KNOTS('',1,(#6691,#6692),.UNSPECIFIED.,.F.,
  .F.,(2,2),(6.42,8.4000006),.PIECEWISE_BEZIER_KNOTS.);
#6691 = CARTESIAN_POINT('',(1.98,21.86880122946));
#6692 = CARTESIAN_POINT('',(-5.999999999062E-07,21.86880122946));
#6693 = ( GEOMETRIC_REPRESENTATION_CONTEXT(2) 
PARAMETRIC_REPRESENTATION_CONTEXT() REPRESENTATION_CONTEXT('2D SPACE',''
  ) );
#6694 = ORIENTED_EDGE('',*,*,#6695,.T.);
#6695 = EDGE_CURVE('',#6675,#6696,#6698,.T.);
#6696 = VERTEX_POINT('',#6697);
#6697 = CARTESIAN_POINT('',(25.325947245907,-59.39756154194,1.8));
#6698 = SURFACE_CURVE('',#6699,(#6704,#6711),.PCURVE_S1.);
#6699 = CIRCLE('',#6700,27.1);
#6700 = AXIS2_PLACEMENT_3D('',#6701,#6702,#6703);
#6701 = CARTESIAN_POINT('',(33.587572106361,-33.58757210636,1.8));
#6702 = DIRECTION('',(0.,0.,-1.));
#6703 = DIRECTION('',(1.,0.,0.));
#6704 = PCURVE('',#4956,#6705);
#6705 = DEFINITIONAL_REPRESENTATION('',(#6706),#6710);
#6706 = LINE('',#6707,#6708);
#6707 = CARTESIAN_POINT('',(-6.28318530718,6.6));
#6708 = VECTOR('',#6709,1.);
#6709 = DIRECTION('',(1.,-0.));
#6710 = ( GEOMETRIC_REPRESENTATION_CONTEXT(2) 
PARAMETRIC_REPRESENTATION_CONTEXT() REPRESENTATION_CONTEXT('2D SPACE',''
  ) );
#6711 = PCURVE('',#6712,#6717);
#6712 = PLANE('',#6713);
#6713 = AXIS2_PLACEMENT_3D('',#6714,#6715,#6716);
#6714 = CARTESIAN_POINT('',(33.587572106361,-33.58757210636,1.8));
#6715 = DIRECTION('',(0.,0.,1.));
#6716 = DIRECTION('',(1.,0.,-0.));
#6717 = DEFINITIONAL_REPRESENTATION('',(#6718),#6726);
#6718 = ( BOUNDED_CURVE() B_SPLINE_CURVE(2,(#6719,#6720,#6721,#6722,
#6723,#6724,#6725),.UNSPECIFIED.,.T.,.F.) B_SPLINE_CURVE_WITH_KNOTS((1,2
    ,2,2,2,1),(-2.094395102393,0.,2.094395102393,4.188790204786,
6.28318530718,8.377580409573),.UNSPECIFIED.) CURVE() 
GEOMETRIC_REPRESENTATION_ITEM() RATIONAL_B_SPLINE_CURVE((1.,0.5,1.,0.5,
1.,0.5,1.)) REPRESENTATION_ITEM('') );
#6719 = CARTESIAN_POINT('',(27.1,0.));
#6720 = CARTESIAN_POINT('',(27.1,-46.93857688511));
#6721 = CARTESIAN_POINT('',(-13.55,-23.46928844255));
#6722 = CARTESIAN_POINT('',(-54.2,-6.637585651379E-15));
#6723 = CARTESIAN_POINT('',(-13.55,23.469288442558));
#6724 = CARTESIAN_POINT('',(27.1,46.938576885117));
#6725 = CARTESIAN_POINT('',(27.1,0.));
#6726 = ( GEOMETRIC_REPRESENTATION_CONTEXT(2) 
PARAMETRIC_REPRESENTATION_CONTEXT() REPRESENTATION_CONTEXT('2D SPACE',''
  ) );
#6727 = ORIENTED_EDGE('',*,*,#6728,.T.);
#6728 = EDGE_CURVE('',#6696,#4940,#6729,.T.);
#6729 = SURFACE_CURVE('',#6730,(#6734,#6740),.PCURVE_S1.);
#6730 = LINE('',#6731,#6732);
#6731 = CARTESIAN_POINT('',(25.325947245907,-59.39756154194,8.4));
#6732 = VECTOR('',#6733,1.);
#6733 = DIRECTION('',(-0.,-0.,-1.));
#6734 = PCURVE('',#4956,#6735);
#6735 = DEFINITIONAL_REPRESENTATION('',(#6736),#6739);
#6736 = B_SPLINE_CURVE_WITH_KNOTS('',1,(#6737,#6738),.UNSPECIFIED.,.F.,
  .F.,(2,2),(6.42,8.4000006),.PIECEWISE_BEZIER_KNOTS.);
#6737 = CARTESIAN_POINT('',(-4.402600695789,6.42));
#6738 = CARTESIAN_POINT('',(-4.402600695789,8.4000006));
#6739 = ( GEOMETRIC_REPRESENTATION_CONTEXT(2) 
PARAMETRIC_REPRESENTATION_CONTEXT() REPRESENTATION_CONTEXT('2D SPACE',''
  ) );
#6740 = PCURVE('',#4984,#6741);
#6741 = DEFINITIONAL_REPRESENTATION('',(#6742),#6745);
#6742 = B_SPLINE_CURVE_WITH_KNOTS('',1,(#6743,#6744),.UNSPECIFIED.,.F.,
  .F.,(2,2),(6.42,8.4000006),.PIECEWISE_BEZIER_KNOTS.);
#6743 = CARTESIAN_POINT('',(1.98,21.86880122946));
#6744 = CARTESIAN_POINT('',(-5.999999999062E-07,21.86880122946));
#6745 = ( GEOMETRIC_REPRESENTATION_CONTEXT(2) 
PARAMETRIC_REPRESENTATION_CONTEXT() REPRESENTATION_CONTEXT('2D SPACE',''
  ) );
#6746 = ORIENTED_EDGE('',*,*,#4937,.F.);
#6747 = ORIENTED_EDGE('',*,*,#6748,.F.);
#6748 = EDGE_CURVE('',#6749,#4938,#6751,.T.);
#6749 = VERTEX_POINT('',#6750);
#6750 = CARTESIAN_POINT('',(13.527800382877,-15.36627801396,1.8));
#6751 = SURFACE_CURVE('',#6752,(#6756,#6762),.PCURVE_S1.);
#6752 = LINE('',#6753,#6754);
#6753 = CARTESIAN_POINT('',(13.527800382877,-15.36627801396,8.4));
#6754 = VECTOR('',#6755,1.);
#6755 = DIRECTION('',(-0.,-0.,-1.));
#6756 = PCURVE('',#4956,#6757);
#6757 = DEFINITIONAL_REPRESENTATION('',(#6758),#6761);
#6758 = B_SPLINE_CURVE_WITH_KNOTS('',1,(#6759,#6760),.UNSPECIFIED.,.F.,
  .F.,(2,2),(6.42,8.4000006),.PIECEWISE_BEZIER_KNOTS.);
#6759 = CARTESIAN_POINT('',(-2.404183386988,6.42));
#6760 = CARTESIAN_POINT('',(-2.404183386988,8.4000006));
#6761 = ( GEOMETRIC_REPRESENTATION_CONTEXT(2) 
PARAMETRIC_REPRESENTATION_CONTEXT() REPRESENTATION_CONTEXT('2D SPACE',''
  ) );
#6762 = PCURVE('',#5039,#6763);
#6763 = DEFINITIONAL_REPRESENTATION('',(#6764),#6767);
#6764 = B_SPLINE_CURVE_WITH_KNOTS('',1,(#6765,#6766),.UNSPECIFIED.,.F.,
  .F.,(2,2),(6.42,8.4000006),.PIECEWISE_BEZIER_KNOTS.);
#6765 = CARTESIAN_POINT('',(1.98,21.86880122946));
#6766 = CARTESIAN_POINT('',(-5.999999999062E-07,21.86880122946));
#6767 = ( GEOMETRIC_REPRESENTATION_CONTEXT(2) 
PARAMETRIC_REPRESENTATION_CONTEXT() REPRESENTATION_CONTEXT('2D SPACE',''
  ) );
#6768 = ORIENTED_EDGE('',*,*,#6769,.T.);
#6769 = EDGE_CURVE('',#6749,#6770,#6772,.T.);
#6770 = VERTEX_POINT('',#6771);
#6771 = CARTESIAN_POINT('',(15.366278013962,-13.52780038287,1.8));
#6772 = SURFACE_CURVE('',#6773,(#6778,#6785),.PCURVE_S1.);
#6773 = CIRCLE('',#6774,27.1);
#6774 = AXIS2_PLACEMENT_3D('',#6775,#6776,#6777);
#6775 = CARTESIAN_POINT('',(33.587572106361,-33.58757210636,1.8));
#6776 = DIRECTION('',(0.,0.,-1.));
#6777 = DIRECTION('',(1.,0.,0.));
#6778 = PCURVE('',#4956,#6779);
#6779 = DEFINITIONAL_REPRESENTATION('',(#6780),#6784);
#6780 = LINE('',#6781,#6782);
#6781 = CARTESIAN_POINT('',(-6.28318530718,6.6));
#6782 = VECTOR('',#6783,1.);
#6783 = DIRECTION('',(1.,-0.));
#6784 = ( GEOMETRIC_REPRESENTATION_CONTEXT(2) 
PARAMETRIC_REPRESENTATION_CONTEXT() REPRESENTATION_CONTEXT('2D SPACE',''
  ) );
#6785 = PCURVE('',#6712,#6786);
#6786 = DEFINITIONAL_REPRESENTATION('',(#6787),#6795);
#6787 = ( BOUNDED_CURVE() B_SPLINE_CURVE(2,(#6788,#6789,#6790,#6791,
#6792,#6793,#6794),.UNSPECIFIED.,.T.,.F.) B_SPLINE_CURVE_WITH_KNOTS((1,2
    ,2,2,2,1),(-2.094395102393,0.,2.094395102393,4.188790204786,
6.28318530718,8.377580409573),.UNSPECIFIED.) CURVE() 
GEOMETRIC_REPRESENTATION_ITEM() RATIONAL_B_SPLINE_CURVE((1.,0.5,1.,0.5,
1.,0.5,1.)) REPRESENTATION_ITEM('') );
#6788 = CARTESIAN_POINT('',(27.1,0.));
#6789 = CARTESIAN_POINT('',(27.1,-46.93857688511));
#6790 = CARTESIAN_POINT('',(-13.55,-23.46928844255));
#6791 = CARTESIAN_POINT('',(-54.2,-6.637585651379E-15));
#6792 = CARTESIAN_POINT('',(-13.55,23.469288442558));
#6793 = CARTESIAN_POINT('',(27.1,46.938576885117));
#6794 = CARTESIAN_POINT('',(27.1,0.));
#6795 = ( GEOMETRIC_REPRESENTATION_CONTEXT(2) 
PARAMETRIC_REPRESENTATION_CONTEXT() REPRESENTATION_CONTEXT('2D SPACE',''
  ) );
#6796 = ORIENTED_EDGE('',*,*,#6797,.T.);
#6797 = EDGE_CURVE('',#6770,#5056,#6798,.T.);
#6798 = SURFACE_CURVE('',#6799,(#6803,#6809),.PCURVE_S1.);
#6799 = LINE('',#6800,#6801);
#6800 = CARTESIAN_POINT('',(15.366278013962,-13.52780038287,8.4));
#6801 = VECTOR('',#6802,1.);
#6802 = DIRECTION('',(-0.,-0.,-1.));
#6803 = PCURVE('',#4956,#6804);
#6804 = DEFINITIONAL_REPRESENTATION('',(#6805),#6808);
#6805 = B_SPLINE_CURVE_WITH_KNOTS('',1,(#6806,#6807),.UNSPECIFIED.,.F.,
  .F.,(2,2),(6.42,8.4000006),.PIECEWISE_BEZIER_KNOTS.);
#6806 = CARTESIAN_POINT('',(-2.308205593396,6.42));
#6807 = CARTESIAN_POINT('',(-2.308205593396,8.4000006));
#6808 = ( GEOMETRIC_REPRESENTATION_CONTEXT(2) 
PARAMETRIC_REPRESENTATION_CONTEXT() REPRESENTATION_CONTEXT('2D SPACE',''
  ) );
#6809 = PCURVE('',#5095,#6810);
#6810 = DEFINITIONAL_REPRESENTATION('',(#6811),#6814);
#6811 = B_SPLINE_CURVE_WITH_KNOTS('',1,(#6812,#6813),.UNSPECIFIED.,.F.,
  .F.,(2,2),(6.42,8.4000006),.PIECEWISE_BEZIER_KNOTS.);
#6812 = CARTESIAN_POINT('',(1.98,21.86880122946));
#6813 = CARTESIAN_POINT('',(-5.999999999062E-07,21.86880122946));
#6814 = ( GEOMETRIC_REPRESENTATION_CONTEXT(2) 
PARAMETRIC_REPRESENTATION_CONTEXT() REPRESENTATION_CONTEXT('2D SPACE',''
  ) );
#6815 = ORIENTED_EDGE('',*,*,#5053,.F.);
#6816 = ORIENTED_EDGE('',*,*,#6817,.F.);
#6817 = EDGE_CURVE('',#6818,#5054,#6820,.T.);
#6818 = VERTEX_POINT('',#6819);
#6819 = CARTESIAN_POINT('',(59.397561541948,-25.3259472459,1.8));
#6820 = SURFACE_CURVE('',#6821,(#6825,#6831),.PCURVE_S1.);
#6821 = LINE('',#6822,#6823);
#6822 = CARTESIAN_POINT('',(59.397561541948,-25.3259472459,8.4));
#6823 = VECTOR('',#6824,1.);
#6824 = DIRECTION('',(-0.,-0.,-1.));
#6825 = PCURVE('',#4956,#6826);
#6826 = DEFINITIONAL_REPRESENTATION('',(#6827),#6830);
#6827 = B_SPLINE_CURVE_WITH_KNOTS('',1,(#6828,#6829),.UNSPECIFIED.,.F.,
  .F.,(2,2),(6.42,8.4000006),.PIECEWISE_BEZIER_KNOTS.);
#6828 = CARTESIAN_POINT('',(-0.309788284595,6.42));
#6829 = CARTESIAN_POINT('',(-0.309788284595,8.4000006));
#6830 = ( GEOMETRIC_REPRESENTATION_CONTEXT(2) 
PARAMETRIC_REPRESENTATION_CONTEXT() REPRESENTATION_CONTEXT('2D SPACE',''
  ) );
#6831 = PCURVE('',#5150,#6832);
#6832 = DEFINITIONAL_REPRESENTATION('',(#6833),#6836);
#6833 = B_SPLINE_CURVE_WITH_KNOTS('',1,(#6834,#6835),.UNSPECIFIED.,.F.,
  .F.,(2,2),(6.42,8.4000006),.PIECEWISE_BEZIER_KNOTS.);
#6834 = CARTESIAN_POINT('',(1.98,21.86880122946));
#6835 = CARTESIAN_POINT('',(-5.999999999062E-07,21.86880122946));
#6836 = ( GEOMETRIC_REPRESENTATION_CONTEXT(2) 
PARAMETRIC_REPRESENTATION_CONTEXT() REPRESENTATION_CONTEXT('2D SPACE',''
  ) );
#6837 = ORIENTED_EDGE('',*,*,#6838,.T.);
#6838 = EDGE_CURVE('',#6818,#6839,#6841,.T.);
#6839 = VERTEX_POINT('',#6840);
#6840 = CARTESIAN_POINT('',(60.070491059215,-27.83735439425,1.8));
#6841 = SURFACE_CURVE('',#6842,(#6847,#6854),.PCURVE_S1.);
#6842 = CIRCLE('',#6843,27.1);
#6843 = AXIS2_PLACEMENT_3D('',#6844,#6845,#6846);
#6844 = CARTESIAN_POINT('',(33.587572106361,-33.58757210636,1.8));
#6845 = DIRECTION('',(0.,0.,-1.));
#6846 = DIRECTION('',(1.,0.,0.));
#6847 = PCURVE('',#4956,#6848);
#6848 = DEFINITIONAL_REPRESENTATION('',(#6849),#6853);
#6849 = LINE('',#6850,#6851);
#6850 = CARTESIAN_POINT('',(-6.28318530718,6.6));
#6851 = VECTOR('',#6852,1.);
#6852 = DIRECTION('',(1.,-0.));
#6853 = ( GEOMETRIC_REPRESENTATION_CONTEXT(2) 
PARAMETRIC_REPRESENTATION_CONTEXT() REPRESENTATION_CONTEXT('2D SPACE',''
  ) );
#6854 = PCURVE('',#6712,#6855);
#6855 = DEFINITIONAL_REPRESENTATION('',(#6856),#6864);
#6856 = ( BOUNDED_CURVE() B_SPLINE_CURVE(2,(#6857,#6858,#6859,#6860,
#6861,#6862,#6863),.UNSPECIFIED.,.T.,.F.) B_SPLINE_CURVE_WITH_KNOTS((1,2
    ,2,2,2,1),(-2.094395102393,0.,2.094395102393,4.188790204786,
6.28318530718,8.377580409573),.UNSPECIFIED.) CURVE() 
GEOMETRIC_REPRESENTATION_ITEM() RATIONAL_B_SPLINE_CURVE((1.,0.5,1.,0.5,
1.,0.5,1.)) REPRESENTATION_ITEM('') );
#6857 = CARTESIAN_POINT('',(27.1,0.));
#6858 = CARTESIAN_POINT('',(27.1,-46.93857688511));
#6859 = CARTESIAN_POINT('',(-13.55,-23.46928844255));
#6860 = CARTESIAN_POINT('',(-54.2,-6.637585651379E-15));
#6861 = CARTESIAN_POINT('',(-13.55,23.469288442558));
#6862 = CARTESIAN_POINT('',(27.1,46.938576885117));
#6863 = CARTESIAN_POINT('',(27.1,0.));
#6864 = ( GEOMETRIC_REPRESENTATION_CONTEXT(2) 
PARAMETRIC_REPRESENTATION_CONTEXT() REPRESENTATION_CONTEXT('2D SPACE',''
  ) );
#6865 = ORIENTED_EDGE('',*,*,#6866,.T.);
#6866 = EDGE_CURVE('',#6839,#5167,#6867,.T.);
#6867 = SURFACE_CURVE('',#6868,(#6872,#6878),.PCURVE_S1.);
#6868 = LINE('',#6869,#6870);
#6869 = CARTESIAN_POINT('',(60.070491059215,-27.83735439425,8.4));
#6870 = VECTOR('',#6871,1.);
#6871 = DIRECTION('',(-0.,-0.,-1.));
#6872 = PCURVE('',#4956,#6873);
#6873 = DEFINITIONAL_REPRESENTATION('',(#6874),#6877);
#6874 = B_SPLINE_CURVE_WITH_KNOTS('',1,(#6875,#6876),.UNSPECIFIED.,.F.,
  .F.,(2,2),(6.42,8.4000006),.PIECEWISE_BEZIER_KNOTS.);
#6875 = CARTESIAN_POINT('',(-0.213810491003,6.42));
#6876 = CARTESIAN_POINT('',(-0.213810491003,8.4000006));
#6877 = ( GEOMETRIC_REPRESENTATION_CONTEXT(2) 
PARAMETRIC_REPRESENTATION_CONTEXT() REPRESENTATION_CONTEXT('2D SPACE',''
  ) );
#6878 = PCURVE('',#5206,#6879);
#6879 = DEFINITIONAL_REPRESENTATION('',(#6880),#6883);
#6880 = B_SPLINE_CURVE_WITH_KNOTS('',1,(#6881,#6882),.UNSPECIFIED.,.F.,
  .F.,(2,2),(6.42,8.4000006),.PIECEWISE_BEZIER_KNOTS.);
#6881 = CARTESIAN_POINT('',(1.98,21.86880122946));
#6882 = CARTESIAN_POINT('',(-5.999999999062E-07,21.86880122946));
#6883 = ( GEOMETRIC_REPRESENTATION_CONTEXT(2) 
PARAMETRIC_REPRESENTATION_CONTEXT() REPRESENTATION_CONTEXT('2D SPACE',''
  ) );
#6884 = ORIENTED_EDGE('',*,*,#5164,.F.);
#6885 = ORIENTED_EDGE('',*,*,#6886,.T.);
#6886 = EDGE_CURVE('',#5165,#6887,#6889,.T.);
#6887 = VERTEX_POINT('',#6888);
#6888 = CARTESIAN_POINT('',(60.687572106361,-33.58757210636,8.4));
#6889 = SEAM_CURVE('',#6890,(#6894,#6901),.PCURVE_S1.);
#6890 = LINE('',#6891,#6892);
#6891 = CARTESIAN_POINT('',(60.687572106361,-33.58757210636,0.));
#6892 = VECTOR('',#6893,1.);
#6893 = DIRECTION('',(0.,0.,1.));
#6894 = PCURVE('',#4956,#6895);
#6895 = DEFINITIONAL_REPRESENTATION('',(#6896),#6900);
#6896 = LINE('',#6897,#6898);
#6897 = CARTESIAN_POINT('',(-0.,8.4));
#6898 = VECTOR('',#6899,1.);
#6899 = DIRECTION('',(-0.,-1.));
#6900 = ( GEOMETRIC_REPRESENTATION_CONTEXT(2) 
PARAMETRIC_REPRESENTATION_CONTEXT() REPRESENTATION_CONTEXT('2D SPACE',''
  ) );
#6901 = PCURVE('',#4956,#6902);
#6902 = DEFINITIONAL_REPRESENTATION('',(#6903),#6907);
#6903 = LINE('',#6904,#6905);
#6904 = CARTESIAN_POINT('',(-6.28318530718,8.4));
#6905 = VECTOR('',#6906,1.);
#6906 = DIRECTION('',(-0.,-1.));
#6907 = ( GEOMETRIC_REPRESENTATION_CONTEXT(2) 
PARAMETRIC_REPRESENTATION_CONTEXT() REPRESENTATION_CONTEXT('2D SPACE',''
  ) );
#6908 = ORIENTED_EDGE('',*,*,#6909,.T.);
#6909 = EDGE_CURVE('',#6887,#6887,#6910,.T.);
#6910 = SURFACE_CURVE('',#6911,(#6916,#6923),.PCURVE_S1.);
#6911 = CIRCLE('',#6912,27.1);
#6912 = AXIS2_PLACEMENT_3D('',#6913,#6914,#6915);
#6913 = CARTESIAN_POINT('',(33.587572106361,-33.58757210636,8.4));
#6914 = DIRECTION('',(0.,0.,1.));
#6915 = DIRECTION('',(1.,0.,-0.));
#6916 = PCURVE('',#4956,#6917);
#6917 = DEFINITIONAL_REPRESENTATION('',(#6918),#6922);
#6918 = LINE('',#6919,#6920);
#6919 = CARTESIAN_POINT('',(-0.,0.));
#6920 = VECTOR('',#6921,1.);
#6921 = DIRECTION('',(-1.,0.));
#6922 = ( GEOMETRIC_REPRESENTATION_CONTEXT(2) 
PARAMETRIC_REPRESENTATION_CONTEXT() REPRESENTATION_CONTEXT('2D SPACE',''
  ) );
#6923 = PCURVE('',#6924,#6929);
#6924 = CONICAL_SURFACE('',#6925,28.,0.512389460311);
#6925 = AXIS2_PLACEMENT_3D('',#6926,#6927,#6928);
#6926 = CARTESIAN_POINT('',(33.587572106361,-33.58757210636,10.));
#6927 = DIRECTION('',(0.,0.,1.));
#6928 = DIRECTION('',(1.,0.,0.));
#6929 = DEFINITIONAL_REPRESENTATION('',(#6930),#6934);
#6930 = LINE('',#6931,#6932);
#6931 = CARTESIAN_POINT('',(0.,-1.6));
#6932 = VECTOR('',#6933,1.);
#6933 = DIRECTION('',(1.,-0.));
#6934 = ( GEOMETRIC_REPRESENTATION_CONTEXT(2) 
PARAMETRIC_REPRESENTATION_CONTEXT() REPRESENTATION_CONTEXT('2D SPACE',''
  ) );
#6935 = ORIENTED_EDGE('',*,*,#6886,.F.);
#6936 = ORIENTED_EDGE('',*,*,#5275,.F.);
#6937 = ADVANCED_FACE('',(#6938),#4984,.F.);
#6938 = FACE_BOUND('',#6939,.F.);
#6939 = EDGE_LOOP('',(#6940,#6941,#6964,#6985));
#6940 = ORIENTED_EDGE('',*,*,#4968,.F.);
#6941 = ORIENTED_EDGE('',*,*,#6942,.F.);
#6942 = EDGE_CURVE('',#6943,#4969,#6945,.T.);
#6943 = VERTEX_POINT('',#6944);
#6944 = CARTESIAN_POINT('',(30.948699260564,-38.41316534488,1.8));
#6945 = SURFACE_CURVE('',#6946,(#6950,#6957),.PCURVE_S1.);
#6946 = LINE('',#6947,#6948);
#6947 = CARTESIAN_POINT('',(30.948699260564,-38.41316534488,0.));
#6948 = VECTOR('',#6949,1.);
#6949 = DIRECTION('',(-0.,-0.,-1.));
#6950 = PCURVE('',#4984,#6951);
#6951 = DEFINITIONAL_REPRESENTATION('',(#6952),#6956);
#6952 = LINE('',#6953,#6954);
#6953 = CARTESIAN_POINT('',(0.,0.144155686355));
#6954 = VECTOR('',#6955,1.);
#6955 = DIRECTION('',(-1.,-0.));
#6956 = ( GEOMETRIC_REPRESENTATION_CONTEXT(2) 
PARAMETRIC_REPRESENTATION_CONTEXT() REPRESENTATION_CONTEXT('2D SPACE',''
  ) );
#6957 = PCURVE('',#5013,#6958);
#6958 = DEFINITIONAL_REPRESENTATION('',(#6959),#6963);
#6959 = LINE('',#6960,#6961);
#6960 = CARTESIAN_POINT('',(-4.211967861272,0.));
#6961 = VECTOR('',#6962,1.);
#6962 = DIRECTION('',(-0.,1.));
#6963 = ( GEOMETRIC_REPRESENTATION_CONTEXT(2) 
PARAMETRIC_REPRESENTATION_CONTEXT() REPRESENTATION_CONTEXT('2D SPACE',''
  ) );
#6964 = ORIENTED_EDGE('',*,*,#6965,.T.);
#6965 = EDGE_CURVE('',#6943,#6696,#6966,.T.);
#6966 = SURFACE_CURVE('',#6967,(#6971,#6978),.PCURVE_S1.);
#6967 = LINE('',#6968,#6969);
#6968 = CARTESIAN_POINT('',(30.986009497652,-38.27392164443,1.8));
#6969 = VECTOR('',#6970,1.);
#6970 = DIRECTION('',(-0.258819045103,-0.965925826289,0.));
#6971 = PCURVE('',#4984,#6972);
#6972 = DEFINITIONAL_REPRESENTATION('',(#6973),#6977);
#6973 = LINE('',#6974,#6975);
#6974 = CARTESIAN_POINT('',(1.8,0.));
#6975 = VECTOR('',#6976,1.);
#6976 = DIRECTION('',(0.,1.));
#6977 = ( GEOMETRIC_REPRESENTATION_CONTEXT(2) 
PARAMETRIC_REPRESENTATION_CONTEXT() REPRESENTATION_CONTEXT('2D SPACE',''
  ) );
#6978 = PCURVE('',#6712,#6979);
#6979 = DEFINITIONAL_REPRESENTATION('',(#6980),#6984);
#6980 = LINE('',#6981,#6982);
#6981 = CARTESIAN_POINT('',(-2.601562608709,-4.68634953807));
#6982 = VECTOR('',#6983,1.);
#6983 = DIRECTION('',(-0.258819045103,-0.965925826289));
#6984 = ( GEOMETRIC_REPRESENTATION_CONTEXT(2) 
PARAMETRIC_REPRESENTATION_CONTEXT() REPRESENTATION_CONTEXT('2D SPACE',''
  ) );
#6985 = ORIENTED_EDGE('',*,*,#6728,.T.);
#6986 = ADVANCED_FACE('',(#6987),#5013,.T.);
#6987 = FACE_BOUND('',#6988,.F.);
#6988 = EDGE_LOOP('',(#6989,#6990,#7013,#7039));
#6989 = ORIENTED_EDGE('',*,*,#4996,.F.);
#6990 = ORIENTED_EDGE('',*,*,#6991,.F.);
#6991 = EDGE_CURVE('',#6992,#4997,#6994,.T.);
#6992 = VERTEX_POINT('',#6993);
#6993 = CARTESIAN_POINT('',(28.88944456528,-30.72792219636,1.8));
#6994 = SURFACE_CURVE('',#6995,(#6999,#7006),.PCURVE_S1.);
#6995 = LINE('',#6996,#6997);
#6996 = CARTESIAN_POINT('',(28.88944456528,-30.72792219636,0.));
#6997 = VECTOR('',#6998,1.);
#6998 = DIRECTION('',(-0.,-0.,-1.));
#6999 = PCURVE('',#5013,#7000);
#7000 = DEFINITIONAL_REPRESENTATION('',(#7001),#7005);
#7001 = LINE('',#7002,#7003);
#7002 = CARTESIAN_POINT('',(-2.594816221506,0.));
#7003 = VECTOR('',#7004,1.);
#7004 = DIRECTION('',(-0.,1.));
#7005 = ( GEOMETRIC_REPRESENTATION_CONTEXT(2) 
PARAMETRIC_REPRESENTATION_CONTEXT() REPRESENTATION_CONTEXT('2D SPACE',''
  ) );
#7006 = PCURVE('',#5039,#7007);
#7007 = DEFINITIONAL_REPRESENTATION('',(#7008),#7012);
#7008 = LINE('',#7009,#7010);
#7009 = CARTESIAN_POINT('',(0.,0.144155686355));
#7010 = VECTOR('',#7011,1.);
#7011 = DIRECTION('',(-1.,0.));
#7012 = ( GEOMETRIC_REPRESENTATION_CONTEXT(2) 
PARAMETRIC_REPRESENTATION_CONTEXT() REPRESENTATION_CONTEXT('2D SPACE',''
  ) );
#7013 = ORIENTED_EDGE('',*,*,#7014,.F.);
#7014 = EDGE_CURVE('',#6943,#6992,#7015,.T.);
#7015 = SURFACE_CURVE('',#7016,(#7021,#7028),.PCURVE_S1.);
#7016 = CIRCLE('',#7017,5.5);
#7017 = AXIS2_PLACEMENT_3D('',#7018,#7019,#7020);
#7018 = CARTESIAN_POINT('',(33.587572106361,-33.58757210636,1.8));
#7019 = DIRECTION('',(0.,0.,-1.));
#7020 = DIRECTION('',(-0.519936347272,0.854205007469,0.));
#7021 = PCURVE('',#5013,#7022);
#7022 = DEFINITIONAL_REPRESENTATION('',(#7023),#7027);
#7023 = LINE('',#7024,#7025);
#7024 = CARTESIAN_POINT('',(-8.400758066058,-1.8));
#7025 = VECTOR('',#7026,1.);
#7026 = DIRECTION('',(1.,-0.));
#7027 = ( GEOMETRIC_REPRESENTATION_CONTEXT(2) 
PARAMETRIC_REPRESENTATION_CONTEXT() REPRESENTATION_CONTEXT('2D SPACE',''
  ) );
#7028 = PCURVE('',#6712,#7029);
#7029 = DEFINITIONAL_REPRESENTATION('',(#7030),#7038);
#7030 = ( BOUNDED_CURVE() B_SPLINE_CURVE(2,(#7031,#7032,#7033,#7034,
#7035,#7036,#7037),.UNSPECIFIED.,.T.,.F.) B_SPLINE_CURVE_WITH_KNOTS((1,2
    ,2,2,2,1),(-2.094395102393,0.,2.094395102393,4.188790204786,
6.28318530718,8.377580409573),.UNSPECIFIED.) CURVE() 
GEOMETRIC_REPRESENTATION_ITEM() RATIONAL_B_SPLINE_CURVE((1.,0.5,1.,0.5,
1.,0.5,1.)) REPRESENTATION_ITEM('') );
#7031 = CARTESIAN_POINT('',(-2.859649909996,4.698127541081));
#7032 = CARTESIAN_POINT('',(5.277745691595,9.651186477053));
#7033 = CARTESIAN_POINT('',(5.498522755793,0.127465697446));
#7034 = CARTESIAN_POINT('',(5.719299819992,-9.396255082161));
#7035 = CARTESIAN_POINT('',(-2.638872845797,-4.825593238527));
#7036 = CARTESIAN_POINT('',(-10.99704551158,-0.254931394892));
#7037 = CARTESIAN_POINT('',(-2.859649909996,4.698127541081));
#7038 = ( GEOMETRIC_REPRESENTATION_CONTEXT(2) 
PARAMETRIC_REPRESENTATION_CONTEXT() REPRESENTATION_CONTEXT('2D SPACE',''
  ) );
#7039 = ORIENTED_EDGE('',*,*,#6942,.T.);
#7040 = ADVANCED_FACE('',(#7041),#5039,.T.);
#7041 = FACE_BOUND('',#7042,.T.);
#7042 = EDGE_LOOP('',(#7043,#7044,#7045,#7066));
#7043 = ORIENTED_EDGE('',*,*,#5025,.F.);
#7044 = ORIENTED_EDGE('',*,*,#6991,.F.);
#7045 = ORIENTED_EDGE('',*,*,#7046,.T.);
#7046 = EDGE_CURVE('',#6992,#6749,#7047,.T.);
#7047 = SURFACE_CURVE('',#7048,(#7052,#7059),.PCURVE_S1.);
#7048 = LINE('',#7049,#7050);
#7049 = CARTESIAN_POINT('',(28.991378028648,-30.82985565973,1.8));
#7050 = VECTOR('',#7051,1.);
#7051 = DIRECTION('',(-0.707106781187,0.707106781187,0.));
#7052 = PCURVE('',#5039,#7053);
#7053 = DEFINITIONAL_REPRESENTATION('',(#7054),#7058);
#7054 = LINE('',#7055,#7056);
#7055 = CARTESIAN_POINT('',(1.8,0.));
#7056 = VECTOR('',#7057,1.);
#7057 = DIRECTION('',(0.,1.));
#7058 = ( GEOMETRIC_REPRESENTATION_CONTEXT(2) 
PARAMETRIC_REPRESENTATION_CONTEXT() REPRESENTATION_CONTEXT('2D SPACE',''
  ) );
#7059 = PCURVE('',#6712,#7060);
#7060 = DEFINITIONAL_REPRESENTATION('',(#7061),#7065);
#7061 = LINE('',#7062,#7063);
#7062 = CARTESIAN_POINT('',(-4.596194077713,2.757716446628));
#7063 = VECTOR('',#7064,1.);
#7064 = DIRECTION('',(-0.707106781187,0.707106781187));
#7065 = ( GEOMETRIC_REPRESENTATION_CONTEXT(2) 
PARAMETRIC_REPRESENTATION_CONTEXT() REPRESENTATION_CONTEXT('2D SPACE',''
  ) );
#7066 = ORIENTED_EDGE('',*,*,#6748,.T.);
#7067 = ADVANCED_FACE('',(#7068),#5095,.F.);
#7068 = FACE_BOUND('',#7069,.F.);
#7069 = EDGE_LOOP('',(#7070,#7071,#7094,#7115));
#7070 = ORIENTED_EDGE('',*,*,#5079,.F.);
#7071 = ORIENTED_EDGE('',*,*,#7072,.F.);
#7072 = EDGE_CURVE('',#7073,#5080,#7075,.T.);
#7073 = VERTEX_POINT('',#7074);
#7074 = CARTESIAN_POINT('',(30.727922196365,-28.88944456528,1.8));
#7075 = SURFACE_CURVE('',#7076,(#7080,#7087),.PCURVE_S1.);
#7076 = LINE('',#7077,#7078);
#7077 = CARTESIAN_POINT('',(30.727922196365,-28.88944456528,0.));
#7078 = VECTOR('',#7079,1.);
#7079 = DIRECTION('',(-0.,-0.,-1.));
#7080 = PCURVE('',#5095,#7081);
#7081 = DEFINITIONAL_REPRESENTATION('',(#7082),#7086);
#7082 = LINE('',#7083,#7084);
#7083 = CARTESIAN_POINT('',(0.,0.144155686355));
#7084 = VECTOR('',#7085,1.);
#7085 = DIRECTION('',(-1.,0.));
#7086 = ( GEOMETRIC_REPRESENTATION_CONTEXT(2) 
PARAMETRIC_REPRESENTATION_CONTEXT() REPRESENTATION_CONTEXT('2D SPACE',''
  ) );
#7087 = PCURVE('',#5124,#7088);
#7088 = DEFINITIONAL_REPRESENTATION('',(#7089),#7093);
#7089 = LINE('',#7090,#7091);
#7090 = CARTESIAN_POINT('',(-8.400758066058,0.));
#7091 = VECTOR('',#7092,1.);
#7092 = DIRECTION('',(-0.,1.));
#7093 = ( GEOMETRIC_REPRESENTATION_CONTEXT(2) 
PARAMETRIC_REPRESENTATION_CONTEXT() REPRESENTATION_CONTEXT('2D SPACE',''
  ) );
#7094 = ORIENTED_EDGE('',*,*,#7095,.T.);
#7095 = EDGE_CURVE('',#7073,#6770,#7096,.T.);
#7096 = SURFACE_CURVE('',#7097,(#7101,#7108),.PCURVE_S1.);
#7097 = LINE('',#7098,#7099);
#7098 = CARTESIAN_POINT('',(30.829855659733,-28.99137802864,1.8));
#7099 = VECTOR('',#7100,1.);
#7100 = DIRECTION('',(-0.707106781187,0.707106781187,0.));
#7101 = PCURVE('',#5095,#7102);
#7102 = DEFINITIONAL_REPRESENTATION('',(#7103),#7107);
#7103 = LINE('',#7104,#7105);
#7104 = CARTESIAN_POINT('',(1.8,0.));
#7105 = VECTOR('',#7106,1.);
#7106 = DIRECTION('',(0.,1.));
#7107 = ( GEOMETRIC_REPRESENTATION_CONTEXT(2) 
PARAMETRIC_REPRESENTATION_CONTEXT() REPRESENTATION_CONTEXT('2D SPACE',''
  ) );
#7108 = PCURVE('',#6712,#7109);
#7109 = DEFINITIONAL_REPRESENTATION('',(#7110),#7114);
#7110 = LINE('',#7111,#7112);
#7111 = CARTESIAN_POINT('',(-2.757716446628,4.596194077713));
#7112 = VECTOR('',#7113,1.);
#7113 = DIRECTION('',(-0.707106781187,0.707106781187));
#7114 = ( GEOMETRIC_REPRESENTATION_CONTEXT(2) 
PARAMETRIC_REPRESENTATION_CONTEXT() REPRESENTATION_CONTEXT('2D SPACE',''
  ) );
#7115 = ORIENTED_EDGE('',*,*,#6797,.T.);
#7116 = ADVANCED_FACE('',(#7117),#5124,.T.);
#7117 = FACE_BOUND('',#7118,.F.);
#7118 = EDGE_LOOP('',(#7119,#7120,#7143,#7169));
#7119 = ORIENTED_EDGE('',*,*,#5107,.F.);
#7120 = ORIENTED_EDGE('',*,*,#7121,.F.);
#7121 = EDGE_CURVE('',#7122,#5108,#7124,.T.);
#7122 = VERTEX_POINT('',#7123);
#7123 = CARTESIAN_POINT('',(38.413165344887,-30.94869926056,1.8));
#7124 = SURFACE_CURVE('',#7125,(#7129,#7136),.PCURVE_S1.);
#7125 = LINE('',#7126,#7127);
#7126 = CARTESIAN_POINT('',(38.413165344888,-30.94869926056,0.));
#7127 = VECTOR('',#7128,1.);
#7128 = DIRECTION('',(-0.,-0.,-1.));
#7129 = PCURVE('',#5124,#7130);
#7130 = DEFINITIONAL_REPRESENTATION('',(#7131),#7135);
#7131 = LINE('',#7132,#7133);
#7132 = CARTESIAN_POINT('',(-6.783606426292,0.));
#7133 = VECTOR('',#7134,1.);
#7134 = DIRECTION('',(-0.,1.));
#7135 = ( GEOMETRIC_REPRESENTATION_CONTEXT(2) 
PARAMETRIC_REPRESENTATION_CONTEXT() REPRESENTATION_CONTEXT('2D SPACE',''
  ) );
#7136 = PCURVE('',#5150,#7137);
#7137 = DEFINITIONAL_REPRESENTATION('',(#7138),#7142);
#7138 = LINE('',#7139,#7140);
#7139 = CARTESIAN_POINT('',(0.,0.144155686355));
#7140 = VECTOR('',#7141,1.);
#7141 = DIRECTION('',(-1.,0.));
#7142 = ( GEOMETRIC_REPRESENTATION_CONTEXT(2) 
PARAMETRIC_REPRESENTATION_CONTEXT() REPRESENTATION_CONTEXT('2D SPACE',''
  ) );
#7143 = ORIENTED_EDGE('',*,*,#7144,.F.);
#7144 = EDGE_CURVE('',#7073,#7122,#7145,.T.);
#7145 = SURFACE_CURVE('',#7146,(#7151,#7158),.PCURVE_S1.);
#7146 = CIRCLE('',#7147,5.5);
#7147 = AXIS2_PLACEMENT_3D('',#7148,#7149,#7150);
#7148 = CARTESIAN_POINT('',(33.587572106361,-33.58757210636,1.8));
#7149 = DIRECTION('',(0.,0.,-1.));
#7150 = DIRECTION('',(-0.519936347272,0.854205007469,0.));
#7151 = PCURVE('',#5124,#7152);
#7152 = DEFINITIONAL_REPRESENTATION('',(#7153),#7157);
#7153 = LINE('',#7154,#7155);
#7154 = CARTESIAN_POINT('',(-8.400758066058,-1.8));
#7155 = VECTOR('',#7156,1.);
#7156 = DIRECTION('',(1.,-0.));
#7157 = ( GEOMETRIC_REPRESENTATION_CONTEXT(2) 
PARAMETRIC_REPRESENTATION_CONTEXT() REPRESENTATION_CONTEXT('2D SPACE',''
  ) );
#7158 = PCURVE('',#6712,#7159);
#7159 = DEFINITIONAL_REPRESENTATION('',(#7160),#7168);
#7160 = ( BOUNDED_CURVE() B_SPLINE_CURVE(2,(#7161,#7162,#7163,#7164,
#7165,#7166,#7167),.UNSPECIFIED.,.T.,.F.) B_SPLINE_CURVE_WITH_KNOTS((1,2
    ,2,2,2,1),(-2.094395102393,0.,2.094395102393,4.188790204786,
6.28318530718,8.377580409573),.UNSPECIFIED.) CURVE() 
GEOMETRIC_REPRESENTATION_ITEM() RATIONAL_B_SPLINE_CURVE((1.,0.5,1.,0.5,
1.,0.5,1.)) REPRESENTATION_ITEM('') );
#7161 = CARTESIAN_POINT('',(-2.859649909996,4.698127541081));
#7162 = CARTESIAN_POINT('',(5.277745691595,9.651186477053));
#7163 = CARTESIAN_POINT('',(5.498522755793,0.127465697446));
#7164 = CARTESIAN_POINT('',(5.719299819992,-9.396255082161));
#7165 = CARTESIAN_POINT('',(-2.638872845797,-4.825593238527));
#7166 = CARTESIAN_POINT('',(-10.99704551158,-0.254931394892));
#7167 = CARTESIAN_POINT('',(-2.859649909996,4.698127541081));
#7168 = ( GEOMETRIC_REPRESENTATION_CONTEXT(2) 
PARAMETRIC_REPRESENTATION_CONTEXT() REPRESENTATION_CONTEXT('2D SPACE',''
  ) );
#7169 = ORIENTED_EDGE('',*,*,#7072,.T.);
#7170 = ADVANCED_FACE('',(#7171),#5150,.T.);
#7171 = FACE_BOUND('',#7172,.T.);
#7172 = EDGE_LOOP('',(#7173,#7174,#7175,#7196));
#7173 = ORIENTED_EDGE('',*,*,#5136,.F.);
#7174 = ORIENTED_EDGE('',*,*,#7121,.F.);
#7175 = ORIENTED_EDGE('',*,*,#7176,.T.);
#7176 = EDGE_CURVE('',#7122,#6818,#7177,.T.);
#7177 = SURFACE_CURVE('',#7178,(#7182,#7189),.PCURVE_S1.);
#7178 = LINE('',#7179,#7180);
#7179 = CARTESIAN_POINT('',(38.273921644431,-30.98600949765,1.8));
#7180 = VECTOR('',#7181,1.);
#7181 = DIRECTION('',(0.965925826289,0.258819045103,0.));
#7182 = PCURVE('',#5150,#7183);
#7183 = DEFINITIONAL_REPRESENTATION('',(#7184),#7188);
#7184 = LINE('',#7185,#7186);
#7185 = CARTESIAN_POINT('',(1.8,0.));
#7186 = VECTOR('',#7187,1.);
#7187 = DIRECTION('',(0.,1.));
#7188 = ( GEOMETRIC_REPRESENTATION_CONTEXT(2) 
PARAMETRIC_REPRESENTATION_CONTEXT() REPRESENTATION_CONTEXT('2D SPACE',''
  ) );
#7189 = PCURVE('',#6712,#7190);
#7190 = DEFINITIONAL_REPRESENTATION('',(#7191),#7195);
#7191 = LINE('',#7192,#7193);
#7192 = CARTESIAN_POINT('',(4.68634953807,2.601562608709));
#7193 = VECTOR('',#7194,1.);
#7194 = DIRECTION('',(0.965925826289,0.258819045103));
#7195 = ( GEOMETRIC_REPRESENTATION_CONTEXT(2) 
PARAMETRIC_REPRESENTATION_CONTEXT() REPRESENTATION_CONTEXT('2D SPACE',''
  ) );
#7196 = ORIENTED_EDGE('',*,*,#6817,.T.);
#7197 = ADVANCED_FACE('',(#7198),#5206,.F.);
#7198 = FACE_BOUND('',#7199,.F.);
#7199 = EDGE_LOOP('',(#7200,#7201,#7224,#7245));
#7200 = ORIENTED_EDGE('',*,*,#5190,.F.);
#7201 = ORIENTED_EDGE('',*,*,#7202,.F.);
#7202 = EDGE_CURVE('',#7203,#5191,#7205,.T.);
#7203 = VERTEX_POINT('',#7204);
#7204 = CARTESIAN_POINT('',(39.086094862154,-33.46010640891,1.8));
#7205 = SURFACE_CURVE('',#7206,(#7210,#7217),.PCURVE_S1.);
#7206 = LINE('',#7207,#7208);
#7207 = CARTESIAN_POINT('',(39.086094862154,-33.46010640891,0.));
#7208 = VECTOR('',#7209,1.);
#7209 = DIRECTION('',(-0.,-0.,-1.));
#7210 = PCURVE('',#5206,#7211);
#7211 = DEFINITIONAL_REPRESENTATION('',(#7212),#7216);
#7212 = LINE('',#7213,#7214);
#7213 = CARTESIAN_POINT('',(0.,0.144155686355));
#7214 = VECTOR('',#7215,1.);
#7215 = DIRECTION('',(-1.,0.));
#7216 = ( GEOMETRIC_REPRESENTATION_CONTEXT(2) 
PARAMETRIC_REPRESENTATION_CONTEXT() REPRESENTATION_CONTEXT('2D SPACE',''
  ) );
#7217 = PCURVE('',#5235,#7218);
#7218 = DEFINITIONAL_REPRESENTATION('',(#7219),#7223);
#7219 = LINE('',#7220,#7221);
#7220 = CARTESIAN_POINT('',(-6.306362963665,0.));
#7221 = VECTOR('',#7222,1.);
#7222 = DIRECTION('',(-0.,1.));
#7223 = ( GEOMETRIC_REPRESENTATION_CONTEXT(2) 
PARAMETRIC_REPRESENTATION_CONTEXT() REPRESENTATION_CONTEXT('2D SPACE',''
  ) );
#7224 = ORIENTED_EDGE('',*,*,#7225,.T.);
#7225 = EDGE_CURVE('',#7203,#6839,#7226,.T.);
#7226 = SURFACE_CURVE('',#7227,(#7231,#7238),.PCURVE_S1.);
#7227 = LINE('',#7228,#7229);
#7228 = CARTESIAN_POINT('',(38.946851161697,-33.497416646,1.8));
#7229 = VECTOR('',#7230,1.);
#7230 = DIRECTION('',(0.965925826289,0.258819045103,0.));
#7231 = PCURVE('',#5206,#7232);
#7232 = DEFINITIONAL_REPRESENTATION('',(#7233),#7237);
#7233 = LINE('',#7234,#7235);
#7234 = CARTESIAN_POINT('',(1.8,0.));
#7235 = VECTOR('',#7236,1.);
#7236 = DIRECTION('',(0.,1.));
#7237 = ( GEOMETRIC_REPRESENTATION_CONTEXT(2) 
PARAMETRIC_REPRESENTATION_CONTEXT() REPRESENTATION_CONTEXT('2D SPACE',''
  ) );
#7238 = PCURVE('',#6712,#7239);
#7239 = DEFINITIONAL_REPRESENTATION('',(#7240),#7244);
#7240 = LINE('',#7241,#7242);
#7241 = CARTESIAN_POINT('',(5.359279055336,9.015546035732E-02));
#7242 = VECTOR('',#7243,1.);
#7243 = DIRECTION('',(0.965925826289,0.258819045103));
#7244 = ( GEOMETRIC_REPRESENTATION_CONTEXT(2) 
PARAMETRIC_REPRESENTATION_CONTEXT() REPRESENTATION_CONTEXT('2D SPACE',''
  ) );
#7245 = ORIENTED_EDGE('',*,*,#6866,.T.);
#7246 = ADVANCED_FACE('',(#7247),#5235,.T.);
#7247 = FACE_BOUND('',#7248,.F.);
#7248 = EDGE_LOOP('',(#7249,#7250,#7273,#7299));
#7249 = ORIENTED_EDGE('',*,*,#5218,.F.);
#7250 = ORIENTED_EDGE('',*,*,#7251,.F.);
#7251 = EDGE_CURVE('',#7252,#5219,#7254,.T.);
#7252 = VERTEX_POINT('',#7253);
#7253 = CARTESIAN_POINT('',(33.460106408915,-39.08609486215,1.8));
#7254 = SURFACE_CURVE('',#7255,(#7259,#7266),.PCURVE_S1.);
#7255 = LINE('',#7256,#7257);
#7256 = CARTESIAN_POINT('',(33.460106408915,-39.08609486215,0.));
#7257 = VECTOR('',#7258,1.);
#7258 = DIRECTION('',(-0.,-0.,-1.));
#7259 = PCURVE('',#5235,#7260);
#7260 = DEFINITIONAL_REPRESENTATION('',(#7261),#7265);
#7261 = LINE('',#7262,#7263);
#7262 = CARTESIAN_POINT('',(-4.689211323899,0.));
#7263 = VECTOR('',#7264,1.);
#7264 = DIRECTION('',(-0.,1.));
#7265 = ( GEOMETRIC_REPRESENTATION_CONTEXT(2) 
PARAMETRIC_REPRESENTATION_CONTEXT() REPRESENTATION_CONTEXT('2D SPACE',''
  ) );
#7266 = PCURVE('',#5263,#7267);
#7267 = DEFINITIONAL_REPRESENTATION('',(#7268),#7272);
#7268 = LINE('',#7269,#7270);
#7269 = CARTESIAN_POINT('',(0.,0.144155686355));
#7270 = VECTOR('',#7271,1.);
#7271 = DIRECTION('',(-1.,-0.));
#7272 = ( GEOMETRIC_REPRESENTATION_CONTEXT(2) 
PARAMETRIC_REPRESENTATION_CONTEXT() REPRESENTATION_CONTEXT('2D SPACE',''
  ) );
#7273 = ORIENTED_EDGE('',*,*,#7274,.F.);
#7274 = EDGE_CURVE('',#7203,#7252,#7275,.T.);
#7275 = SURFACE_CURVE('',#7276,(#7281,#7288),.PCURVE_S1.);
#7276 = CIRCLE('',#7277,5.5);
#7277 = AXIS2_PLACEMENT_3D('',#7278,#7279,#7280);
#7278 = CARTESIAN_POINT('',(33.587572106361,-33.58757210636,1.8));
#7279 = DIRECTION('',(0.,0.,-1.));
#7280 = DIRECTION('',(-0.519936347272,0.854205007469,0.));
#7281 = PCURVE('',#5235,#7282);
#7282 = DEFINITIONAL_REPRESENTATION('',(#7283),#7287);
#7283 = LINE('',#7284,#7285);
#7284 = CARTESIAN_POINT('',(-8.400758066058,-1.8));
#7285 = VECTOR('',#7286,1.);
#7286 = DIRECTION('',(1.,-0.));
#7287 = ( GEOMETRIC_REPRESENTATION_CONTEXT(2) 
PARAMETRIC_REPRESENTATION_CONTEXT() REPRESENTATION_CONTEXT('2D SPACE',''
  ) );
#7288 = PCURVE('',#6712,#7289);
#7289 = DEFINITIONAL_REPRESENTATION('',(#7290),#7298);
#7290 = ( BOUNDED_CURVE() B_SPLINE_CURVE(2,(#7291,#7292,#7293,#7294,
#7295,#7296,#7297),.UNSPECIFIED.,.T.,.F.) B_SPLINE_CURVE_WITH_KNOTS((1,2
    ,2,2,2,1),(-2.094395102393,0.,2.094395102393,4.188790204786,
6.28318530718,8.377580409573),.UNSPECIFIED.) CURVE() 
GEOMETRIC_REPRESENTATION_ITEM() RATIONAL_B_SPLINE_CURVE((1.,0.5,1.,0.5,
1.,0.5,1.)) REPRESENTATION_ITEM('') );
#7291 = CARTESIAN_POINT('',(-2.859649909996,4.698127541081));
#7292 = CARTESIAN_POINT('',(5.277745691595,9.651186477053));
#7293 = CARTESIAN_POINT('',(5.498522755793,0.127465697446));
#7294 = CARTESIAN_POINT('',(5.719299819992,-9.396255082161));
#7295 = CARTESIAN_POINT('',(-2.638872845797,-4.825593238527));
#7296 = CARTESIAN_POINT('',(-10.99704551158,-0.254931394892));
#7297 = CARTESIAN_POINT('',(-2.859649909996,4.698127541081));
#7298 = ( GEOMETRIC_REPRESENTATION_CONTEXT(2) 
PARAMETRIC_REPRESENTATION_CONTEXT() REPRESENTATION_CONTEXT('2D SPACE',''
  ) );
#7299 = ORIENTED_EDGE('',*,*,#7202,.T.);
#7300 = ADVANCED_FACE('',(#7301),#5263,.T.);
#7301 = FACE_BOUND('',#7302,.T.);
#7302 = EDGE_LOOP('',(#7303,#7304,#7305,#7326));
#7303 = ORIENTED_EDGE('',*,*,#5247,.F.);
#7304 = ORIENTED_EDGE('',*,*,#7251,.F.);
#7305 = ORIENTED_EDGE('',*,*,#7306,.T.);
#7306 = EDGE_CURVE('',#7252,#6675,#7307,.T.);
#7307 = SURFACE_CURVE('',#7308,(#7312,#7319),.PCURVE_S1.);
#7308 = LINE('',#7309,#7310);
#7309 = CARTESIAN_POINT('',(33.497416646004,-38.94685116169,1.8));
#7310 = VECTOR('',#7311,1.);
#7311 = DIRECTION('',(-0.258819045103,-0.965925826289,0.));
#7312 = PCURVE('',#5263,#7313);
#7313 = DEFINITIONAL_REPRESENTATION('',(#7314),#7318);
#7314 = LINE('',#7315,#7316);
#7315 = CARTESIAN_POINT('',(1.8,0.));
#7316 = VECTOR('',#7317,1.);
#7317 = DIRECTION('',(0.,1.));
#7318 = ( GEOMETRIC_REPRESENTATION_CONTEXT(2) 
PARAMETRIC_REPRESENTATION_CONTEXT() REPRESENTATION_CONTEXT('2D SPACE',''
  ) );
#7319 = PCURVE('',#6712,#7320);
#7320 = DEFINITIONAL_REPRESENTATION('',(#7321),#7325);
#7321 = LINE('',#7322,#7323);
#7322 = CARTESIAN_POINT('',(-9.015546035732E-02,-5.359279055336));
#7323 = VECTOR('',#7324,1.);
#7324 = DIRECTION('',(-0.258819045103,-0.965925826289));
#7325 = ( GEOMETRIC_REPRESENTATION_CONTEXT(2) 
PARAMETRIC_REPRESENTATION_CONTEXT() REPRESENTATION_CONTEXT('2D SPACE',''
  ) );
#7326 = ORIENTED_EDGE('',*,*,#6674,.T.);
#7327 = ADVANCED_FACE('',(#7328),#5316,.F.);
#7328 = FACE_BOUND('',#7329,.T.);
#7329 = EDGE_LOOP('',(#7330,#7353,#7375,#7376));
#7330 = ORIENTED_EDGE('',*,*,#7331,.T.);
#7331 = EDGE_CURVE('',#5300,#7332,#7334,.T.);
#7332 = VERTEX_POINT('',#7333);
#7333 = CARTESIAN_POINT('',(36.471024484277,-31.25411972844,1.8));
#7334 = SEAM_CURVE('',#7335,(#7339,#7346),.PCURVE_S1.);
#7335 = LINE('',#7336,#7337);
#7336 = CARTESIAN_POINT('',(36.471024484277,-31.25411972844,0.));
#7337 = VECTOR('',#7338,1.);
#7338 = DIRECTION('',(0.,0.,1.));
#7339 = PCURVE('',#5316,#7340);
#7340 = DEFINITIONAL_REPRESENTATION('',(#7341),#7345);
#7341 = LINE('',#7342,#7343);
#7342 = CARTESIAN_POINT('',(-0.,0.));
#7343 = VECTOR('',#7344,1.);
#7344 = DIRECTION('',(-0.,-1.));
#7345 = ( GEOMETRIC_REPRESENTATION_CONTEXT(2) 
PARAMETRIC_REPRESENTATION_CONTEXT() REPRESENTATION_CONTEXT('2D SPACE',''
  ) );
#7346 = PCURVE('',#5316,#7347);
#7347 = DEFINITIONAL_REPRESENTATION('',(#7348),#7352);
#7348 = LINE('',#7349,#7350);
#7349 = CARTESIAN_POINT('',(-6.28318530718,0.));
#7350 = VECTOR('',#7351,1.);
#7351 = DIRECTION('',(-0.,-1.));
#7352 = ( GEOMETRIC_REPRESENTATION_CONTEXT(2) 
PARAMETRIC_REPRESENTATION_CONTEXT() REPRESENTATION_CONTEXT('2D SPACE',''
  ) );
#7353 = ORIENTED_EDGE('',*,*,#7354,.T.);
#7354 = EDGE_CURVE('',#7332,#7332,#7355,.T.);
#7355 = SURFACE_CURVE('',#7356,(#7361,#7368),.PCURVE_S1.);
#7356 = CIRCLE('',#7357,0.55);
#7357 = AXIS2_PLACEMENT_3D('',#7358,#7359,#7360);
#7358 = CARTESIAN_POINT('',(35.921024484277,-31.25411972844,1.8));
#7359 = DIRECTION('',(0.,0.,1.));
#7360 = DIRECTION('',(1.,0.,0.));
#7361 = PCURVE('',#5316,#7362);
#7362 = DEFINITIONAL_REPRESENTATION('',(#7363),#7367);
#7363 = LINE('',#7364,#7365);
#7364 = CARTESIAN_POINT('',(-0.,-1.8));
#7365 = VECTOR('',#7366,1.);
#7366 = DIRECTION('',(-1.,0.));
#7367 = ( GEOMETRIC_REPRESENTATION_CONTEXT(2) 
PARAMETRIC_REPRESENTATION_CONTEXT() REPRESENTATION_CONTEXT('2D SPACE',''
  ) );
#7368 = PCURVE('',#6712,#7369);
#7369 = DEFINITIONAL_REPRESENTATION('',(#7370),#7374);
#7370 = CIRCLE('',#7371,0.55);
#7371 = AXIS2_PLACEMENT_2D('',#7372,#7373);
#7372 = CARTESIAN_POINT('',(2.333452377916,2.333452377916));
#7373 = DIRECTION('',(1.,0.));
#7374 = ( GEOMETRIC_REPRESENTATION_CONTEXT(2) 
PARAMETRIC_REPRESENTATION_CONTEXT() REPRESENTATION_CONTEXT('2D SPACE',''
  ) );
#7375 = ORIENTED_EDGE('',*,*,#7331,.F.);
#7376 = ORIENTED_EDGE('',*,*,#5299,.F.);
#7377 = ADVANCED_FACE('',(#7378),#5351,.F.);
#7378 = FACE_BOUND('',#7379,.F.);
#7379 = EDGE_LOOP('',(#7380,#7381,#7404,#7430));
#7380 = ORIENTED_EDGE('',*,*,#5330,.F.);
#7381 = ORIENTED_EDGE('',*,*,#7382,.F.);
#7382 = EDGE_CURVE('',#7383,#5331,#7385,.T.);
#7383 = VERTEX_POINT('',#7384);
#7384 = CARTESIAN_POINT('',(32.787572106361,-33.58757210636,1.8));
#7385 = SEAM_CURVE('',#7386,(#7390,#7397),.PCURVE_S1.);
#7386 = LINE('',#7387,#7388);
#7387 = CARTESIAN_POINT('',(32.787572106361,-33.58757210636,1.8));
#7388 = VECTOR('',#7389,1.);
#7389 = DIRECTION('',(0.,0.,-1.));
#7390 = PCURVE('',#5351,#7391);
#7391 = DEFINITIONAL_REPRESENTATION('',(#7392),#7396);
#7392 = LINE('',#7393,#7394);
#7393 = CARTESIAN_POINT('',(6.28318530718,-0.));
#7394 = VECTOR('',#7395,1.);
#7395 = DIRECTION('',(0.,1.));
#7396 = ( GEOMETRIC_REPRESENTATION_CONTEXT(2) 
PARAMETRIC_REPRESENTATION_CONTEXT() REPRESENTATION_CONTEXT('2D SPACE',''
  ) );
#7397 = PCURVE('',#5351,#7398);
#7398 = DEFINITIONAL_REPRESENTATION('',(#7399),#7403);
#7399 = LINE('',#7400,#7401);
#7400 = CARTESIAN_POINT('',(0.,-0.));
#7401 = VECTOR('',#7402,1.);
#7402 = DIRECTION('',(0.,1.));
#7403 = ( GEOMETRIC_REPRESENTATION_CONTEXT(2) 
PARAMETRIC_REPRESENTATION_CONTEXT() REPRESENTATION_CONTEXT('2D SPACE',''
  ) );
#7404 = ORIENTED_EDGE('',*,*,#7405,.T.);
#7405 = EDGE_CURVE('',#7383,#7383,#7406,.T.);
#7406 = SURFACE_CURVE('',#7407,(#7412,#7419),.PCURVE_S1.);
#7407 = CIRCLE('',#7408,0.8);
#7408 = AXIS2_PLACEMENT_3D('',#7409,#7410,#7411);
#7409 = CARTESIAN_POINT('',(33.587572106361,-33.58757210636,1.8));
#7410 = DIRECTION('',(0.,0.,-1.));
#7411 = DIRECTION('',(-1.,0.,0.));
#7412 = PCURVE('',#5351,#7413);
#7413 = DEFINITIONAL_REPRESENTATION('',(#7414),#7418);
#7414 = LINE('',#7415,#7416);
#7415 = CARTESIAN_POINT('',(0.,0.));
#7416 = VECTOR('',#7417,1.);
#7417 = DIRECTION('',(1.,0.));
#7418 = ( GEOMETRIC_REPRESENTATION_CONTEXT(2) 
PARAMETRIC_REPRESENTATION_CONTEXT() REPRESENTATION_CONTEXT('2D SPACE',''
  ) );
#7419 = PCURVE('',#6712,#7420);
#7420 = DEFINITIONAL_REPRESENTATION('',(#7421),#7429);
#7421 = ( BOUNDED_CURVE() B_SPLINE_CURVE(2,(#7422,#7423,#7424,#7425,
#7426,#7427,#7428),.UNSPECIFIED.,.T.,.F.) B_SPLINE_CURVE_WITH_KNOTS((1,2
    ,2,2,2,1),(-2.094395102393,0.,2.094395102393,4.188790204786,
6.28318530718,8.377580409573),.UNSPECIFIED.) CURVE() 
GEOMETRIC_REPRESENTATION_ITEM() RATIONAL_B_SPLINE_CURVE((1.,0.5,1.,0.5,
1.,0.5,1.)) REPRESENTATION_ITEM('') );
#7422 = CARTESIAN_POINT('',(-0.8,0.));
#7423 = CARTESIAN_POINT('',(-0.8,1.385640646055));
#7424 = CARTESIAN_POINT('',(0.4,0.692820323028));
#7425 = CARTESIAN_POINT('',(1.6,1.959434878636E-16));
#7426 = CARTESIAN_POINT('',(0.4,-0.692820323028));
#7427 = CARTESIAN_POINT('',(-0.8,-1.385640646055));
#7428 = CARTESIAN_POINT('',(-0.8,0.));
#7429 = ( GEOMETRIC_REPRESENTATION_CONTEXT(2) 
PARAMETRIC_REPRESENTATION_CONTEXT() REPRESENTATION_CONTEXT('2D SPACE',''
  ) );
#7430 = ORIENTED_EDGE('',*,*,#7382,.T.);
#7431 = ADVANCED_FACE('',(#7432),#5382,.F.);
#7432 = FACE_BOUND('',#7433,.T.);
#7433 = EDGE_LOOP('',(#7434,#7457,#7479,#7480));
#7434 = ORIENTED_EDGE('',*,*,#7435,.T.);
#7435 = EDGE_CURVE('',#5366,#7436,#7438,.T.);
#7436 = VERTEX_POINT('',#7437);
#7437 = CARTESIAN_POINT('',(31.804119728445,-31.25411972844,1.8));
#7438 = SEAM_CURVE('',#7439,(#7443,#7450),.PCURVE_S1.);
#7439 = LINE('',#7440,#7441);
#7440 = CARTESIAN_POINT('',(31.804119728445,-31.25411972844,0.));
#7441 = VECTOR('',#7442,1.);
#7442 = DIRECTION('',(0.,0.,1.));
#7443 = PCURVE('',#5382,#7444);
#7444 = DEFINITIONAL_REPRESENTATION('',(#7445),#7449);
#7445 = LINE('',#7446,#7447);
#7446 = CARTESIAN_POINT('',(-0.,0.));
#7447 = VECTOR('',#7448,1.);
#7448 = DIRECTION('',(-0.,-1.));
#7449 = ( GEOMETRIC_REPRESENTATION_CONTEXT(2) 
PARAMETRIC_REPRESENTATION_CONTEXT() REPRESENTATION_CONTEXT('2D SPACE',''
  ) );
#7450 = PCURVE('',#5382,#7451);
#7451 = DEFINITIONAL_REPRESENTATION('',(#7452),#7456);
#7452 = LINE('',#7453,#7454);
#7453 = CARTESIAN_POINT('',(-6.28318530718,0.));
#7454 = VECTOR('',#7455,1.);
#7455 = DIRECTION('',(-0.,-1.));
#7456 = ( GEOMETRIC_REPRESENTATION_CONTEXT(2) 
PARAMETRIC_REPRESENTATION_CONTEXT() REPRESENTATION_CONTEXT('2D SPACE',''
  ) );
#7457 = ORIENTED_EDGE('',*,*,#7458,.T.);
#7458 = EDGE_CURVE('',#7436,#7436,#7459,.T.);
#7459 = SURFACE_CURVE('',#7460,(#7465,#7472),.PCURVE_S1.);
#7460 = CIRCLE('',#7461,0.55);
#7461 = AXIS2_PLACEMENT_3D('',#7462,#7463,#7464);
#7462 = CARTESIAN_POINT('',(31.254119728445,-31.25411972844,1.8));
#7463 = DIRECTION('',(0.,0.,1.));
#7464 = DIRECTION('',(1.,0.,0.));
#7465 = PCURVE('',#5382,#7466);
#7466 = DEFINITIONAL_REPRESENTATION('',(#7467),#7471);
#7467 = LINE('',#7468,#7469);
#7468 = CARTESIAN_POINT('',(-0.,-1.8));
#7469 = VECTOR('',#7470,1.);
#7470 = DIRECTION('',(-1.,0.));
#7471 = ( GEOMETRIC_REPRESENTATION_CONTEXT(2) 
PARAMETRIC_REPRESENTATION_CONTEXT() REPRESENTATION_CONTEXT('2D SPACE',''
  ) );
#7472 = PCURVE('',#6712,#7473);
#7473 = DEFINITIONAL_REPRESENTATION('',(#7474),#7478);
#7474 = CIRCLE('',#7475,0.55);
#7475 = AXIS2_PLACEMENT_2D('',#7476,#7477);
#7476 = CARTESIAN_POINT('',(-2.333452377916,2.333452377916));
#7477 = DIRECTION('',(1.,0.));
#7478 = ( GEOMETRIC_REPRESENTATION_CONTEXT(2) 
PARAMETRIC_REPRESENTATION_CONTEXT() REPRESENTATION_CONTEXT('2D SPACE',''
  ) );
#7479 = ORIENTED_EDGE('',*,*,#7435,.F.);
#7480 = ORIENTED_EDGE('',*,*,#5365,.F.);
#7481 = ADVANCED_FACE('',(#7482),#5413,.F.);
#7482 = FACE_BOUND('',#7483,.T.);
#7483 = EDGE_LOOP('',(#7484,#7507,#7529,#7530));
#7484 = ORIENTED_EDGE('',*,*,#7485,.T.);
#7485 = EDGE_CURVE('',#5397,#7486,#7488,.T.);
#7486 = VERTEX_POINT('',#7487);
#7487 = CARTESIAN_POINT('',(36.471024484277,-35.92102448427,1.8));
#7488 = SEAM_CURVE('',#7489,(#7493,#7500),.PCURVE_S1.);
#7489 = LINE('',#7490,#7491);
#7490 = CARTESIAN_POINT('',(36.471024484277,-35.92102448427,0.));
#7491 = VECTOR('',#7492,1.);
#7492 = DIRECTION('',(0.,0.,1.));
#7493 = PCURVE('',#5413,#7494);
#7494 = DEFINITIONAL_REPRESENTATION('',(#7495),#7499);
#7495 = LINE('',#7496,#7497);
#7496 = CARTESIAN_POINT('',(-0.,0.));
#7497 = VECTOR('',#7498,1.);
#7498 = DIRECTION('',(-0.,-1.));
#7499 = ( GEOMETRIC_REPRESENTATION_CONTEXT(2) 
PARAMETRIC_REPRESENTATION_CONTEXT() REPRESENTATION_CONTEXT('2D SPACE',''
  ) );
#7500 = PCURVE('',#5413,#7501);
#7501 = DEFINITIONAL_REPRESENTATION('',(#7502),#7506);
#7502 = LINE('',#7503,#7504);
#7503 = CARTESIAN_POINT('',(-6.28318530718,0.));
#7504 = VECTOR('',#7505,1.);
#7505 = DIRECTION('',(-0.,-1.));
#7506 = ( GEOMETRIC_REPRESENTATION_CONTEXT(2) 
PARAMETRIC_REPRESENTATION_CONTEXT() REPRESENTATION_CONTEXT('2D SPACE',''
  ) );
#7507 = ORIENTED_EDGE('',*,*,#7508,.T.);
#7508 = EDGE_CURVE('',#7486,#7486,#7509,.T.);
#7509 = SURFACE_CURVE('',#7510,(#7515,#7522),.PCURVE_S1.);
#7510 = CIRCLE('',#7511,0.55);
#7511 = AXIS2_PLACEMENT_3D('',#7512,#7513,#7514);
#7512 = CARTESIAN_POINT('',(35.921024484277,-35.92102448427,1.8));
#7513 = DIRECTION('',(0.,0.,1.));
#7514 = DIRECTION('',(1.,0.,0.));
#7515 = PCURVE('',#5413,#7516);
#7516 = DEFINITIONAL_REPRESENTATION('',(#7517),#7521);
#7517 = LINE('',#7518,#7519);
#7518 = CARTESIAN_POINT('',(-0.,-1.8));
#7519 = VECTOR('',#7520,1.);
#7520 = DIRECTION('',(-1.,0.));
#7521 = ( GEOMETRIC_REPRESENTATION_CONTEXT(2) 
PARAMETRIC_REPRESENTATION_CONTEXT() REPRESENTATION_CONTEXT('2D SPACE',''
  ) );
#7522 = PCURVE('',#6712,#7523);
#7523 = DEFINITIONAL_REPRESENTATION('',(#7524),#7528);
#7524 = CIRCLE('',#7525,0.55);
#7525 = AXIS2_PLACEMENT_2D('',#7526,#7527);
#7526 = CARTESIAN_POINT('',(2.333452377916,-2.333452377916));
#7527 = DIRECTION('',(1.,0.));
#7528 = ( GEOMETRIC_REPRESENTATION_CONTEXT(2) 
PARAMETRIC_REPRESENTATION_CONTEXT() REPRESENTATION_CONTEXT('2D SPACE',''
  ) );
#7529 = ORIENTED_EDGE('',*,*,#7485,.F.);
#7530 = ORIENTED_EDGE('',*,*,#5396,.F.);
#7531 = ADVANCED_FACE('',(#7532),#5444,.F.);
#7532 = FACE_BOUND('',#7533,.T.);
#7533 = EDGE_LOOP('',(#7534,#7557,#7579,#7580));
#7534 = ORIENTED_EDGE('',*,*,#7535,.T.);
#7535 = EDGE_CURVE('',#5428,#7536,#7538,.T.);
#7536 = VERTEX_POINT('',#7537);
#7537 = CARTESIAN_POINT('',(31.804119728445,-35.92102448427,1.8));
#7538 = SEAM_CURVE('',#7539,(#7543,#7550),.PCURVE_S1.);
#7539 = LINE('',#7540,#7541);
#7540 = CARTESIAN_POINT('',(31.804119728445,-35.92102448427,0.));
#7541 = VECTOR('',#7542,1.);
#7542 = DIRECTION('',(0.,0.,1.));
#7543 = PCURVE('',#5444,#7544);
#7544 = DEFINITIONAL_REPRESENTATION('',(#7545),#7549);
#7545 = LINE('',#7546,#7547);
#7546 = CARTESIAN_POINT('',(-0.,0.));
#7547 = VECTOR('',#7548,1.);
#7548 = DIRECTION('',(-0.,-1.));
#7549 = ( GEOMETRIC_REPRESENTATION_CONTEXT(2) 
PARAMETRIC_REPRESENTATION_CONTEXT() REPRESENTATION_CONTEXT('2D SPACE',''
  ) );
#7550 = PCURVE('',#5444,#7551);
#7551 = DEFINITIONAL_REPRESENTATION('',(#7552),#7556);
#7552 = LINE('',#7553,#7554);
#7553 = CARTESIAN_POINT('',(-6.28318530718,0.));
#7554 = VECTOR('',#7555,1.);
#7555 = DIRECTION('',(-0.,-1.));
#7556 = ( GEOMETRIC_REPRESENTATION_CONTEXT(2) 
PARAMETRIC_REPRESENTATION_CONTEXT() REPRESENTATION_CONTEXT('2D SPACE',''
  ) );
#7557 = ORIENTED_EDGE('',*,*,#7558,.T.);
#7558 = EDGE_CURVE('',#7536,#7536,#7559,.T.);
#7559 = SURFACE_CURVE('',#7560,(#7565,#7572),.PCURVE_S1.);
#7560 = CIRCLE('',#7561,0.55);
#7561 = AXIS2_PLACEMENT_3D('',#7562,#7563,#7564);
#7562 = CARTESIAN_POINT('',(31.254119728445,-35.92102448427,1.8));
#7563 = DIRECTION('',(0.,0.,1.));
#7564 = DIRECTION('',(1.,0.,0.));
#7565 = PCURVE('',#5444,#7566);
#7566 = DEFINITIONAL_REPRESENTATION('',(#7567),#7571);
#7567 = LINE('',#7568,#7569);
#7568 = CARTESIAN_POINT('',(-0.,-1.8));
#7569 = VECTOR('',#7570,1.);
#7570 = DIRECTION('',(-1.,0.));
#7571 = ( GEOMETRIC_REPRESENTATION_CONTEXT(2) 
PARAMETRIC_REPRESENTATION_CONTEXT() REPRESENTATION_CONTEXT('2D SPACE',''
  ) );
#7572 = PCURVE('',#6712,#7573);
#7573 = DEFINITIONAL_REPRESENTATION('',(#7574),#7578);
#7574 = CIRCLE('',#7575,0.55);
#7575 = AXIS2_PLACEMENT_2D('',#7576,#7577);
#7576 = CARTESIAN_POINT('',(-2.333452377916,-2.333452377916));
#7577 = DIRECTION('',(1.,0.));
#7578 = ( GEOMETRIC_REPRESENTATION_CONTEXT(2) 
PARAMETRIC_REPRESENTATION_CONTEXT() REPRESENTATION_CONTEXT('2D SPACE',''
  ) );
#7579 = ORIENTED_EDGE('',*,*,#7535,.F.);
#7580 = ORIENTED_EDGE('',*,*,#5427,.F.);
#7581 = ADVANCED_FACE('',(#7582),#5498,.T.);
#7582 = FACE_BOUND('',#7583,.T.);
#7583 = EDGE_LOOP('',(#7584,#7585,#7608,#7635));
#7584 = ORIENTED_EDGE('',*,*,#5483,.T.);
#7585 = ORIENTED_EDGE('',*,*,#7586,.T.);
#7586 = EDGE_CURVE('',#5461,#7587,#7589,.T.);
#7587 = VERTEX_POINT('',#7588);
#7588 = CARTESIAN_POINT('',(63.587572106361,33.587572106361,11.));
#7589 = SEAM_CURVE('',#7590,(#7594,#7601),.PCURVE_S1.);
#7590 = LINE('',#7591,#7592);
#7591 = CARTESIAN_POINT('',(62.987572106361,33.587572106361,10.4));
#7592 = VECTOR('',#7593,1.);
#7593 = DIRECTION('',(0.707106781187,0.,0.707106781187));
#7594 = PCURVE('',#5498,#7595);
#7595 = DEFINITIONAL_REPRESENTATION('',(#7596),#7600);
#7596 = LINE('',#7597,#7598);
#7597 = CARTESIAN_POINT('',(0.,0.));
#7598 = VECTOR('',#7599,1.);
#7599 = DIRECTION('',(0.,1.));
#7600 = ( GEOMETRIC_REPRESENTATION_CONTEXT(2) 
PARAMETRIC_REPRESENTATION_CONTEXT() REPRESENTATION_CONTEXT('2D SPACE',''
  ) );
#7601 = PCURVE('',#5498,#7602);
#7602 = DEFINITIONAL_REPRESENTATION('',(#7603),#7607);
#7603 = LINE('',#7604,#7605);
#7604 = CARTESIAN_POINT('',(6.28318530718,0.));
#7605 = VECTOR('',#7606,1.);
#7606 = DIRECTION('',(0.,1.));
#7607 = ( GEOMETRIC_REPRESENTATION_CONTEXT(2) 
PARAMETRIC_REPRESENTATION_CONTEXT() REPRESENTATION_CONTEXT('2D SPACE',''
  ) );
#7608 = ORIENTED_EDGE('',*,*,#7609,.F.);
#7609 = EDGE_CURVE('',#7587,#7587,#7610,.T.);
#7610 = SURFACE_CURVE('',#7611,(#7616,#7623),.PCURVE_S1.);
#7611 = CIRCLE('',#7612,30.);
#7612 = AXIS2_PLACEMENT_3D('',#7613,#7614,#7615);
#7613 = CARTESIAN_POINT('',(33.587572106361,33.587572106361,11.));
#7614 = DIRECTION('',(0.,0.,1.));
#7615 = DIRECTION('',(1.,0.,-0.));
#7616 = PCURVE('',#5498,#7617);
#7617 = DEFINITIONAL_REPRESENTATION('',(#7618),#7622);
#7618 = LINE('',#7619,#7620);
#7619 = CARTESIAN_POINT('',(0.,0.6));
#7620 = VECTOR('',#7621,1.);
#7621 = DIRECTION('',(1.,0.));
#7622 = ( GEOMETRIC_REPRESENTATION_CONTEXT(2) 
PARAMETRIC_REPRESENTATION_CONTEXT() REPRESENTATION_CONTEXT('2D SPACE',''
  ) );
#7623 = PCURVE('',#7624,#7629);
#7624 = PLANE('',#7625);
#7625 = AXIS2_PLACEMENT_3D('',#7626,#7627,#7628);
#7626 = CARTESIAN_POINT('',(33.587572106361,33.587572106361,11.));
#7627 = DIRECTION('',(0.,0.,1.));
#7628 = DIRECTION('',(1.,0.,-0.));
#7629 = DEFINITIONAL_REPRESENTATION('',(#7630),#7634);
#7630 = CIRCLE('',#7631,30.);
#7631 = AXIS2_PLACEMENT_2D('',#7632,#7633);
#7632 = CARTESIAN_POINT('',(0.,0.));
#7633 = DIRECTION('',(1.,0.));
#7634 = ( GEOMETRIC_REPRESENTATION_CONTEXT(2) 
PARAMETRIC_REPRESENTATION_CONTEXT() REPRESENTATION_CONTEXT('2D SPACE',''
  ) );
#7635 = ORIENTED_EDGE('',*,*,#7586,.F.);
#7636 = ADVANCED_FACE('',(#7637),#5536,.F.);
#7637 = FACE_BOUND('',#7638,.T.);
#7638 = EDGE_LOOP('',(#7639,#7660,#7693,#7712,#7713,#7734,#7762,#7781,
    #7782,#7803,#7831,#7850,#7851,#7874,#7901,#7902));
#7639 = ORIENTED_EDGE('',*,*,#7640,.F.);
#7640 = EDGE_CURVE('',#7641,#5828,#7643,.T.);
#7641 = VERTEX_POINT('',#7642);
#7642 = CARTESIAN_POINT('',(60.070491059215,27.837354394258,1.8));
#7643 = SURFACE_CURVE('',#7644,(#7648,#7654),.PCURVE_S1.);
#7644 = LINE('',#7645,#7646);
#7645 = CARTESIAN_POINT('',(60.070491059215,27.837354394258,8.4));
#7646 = VECTOR('',#7647,1.);
#7647 = DIRECTION('',(-0.,-0.,-1.));
#7648 = PCURVE('',#5536,#7649);
#7649 = DEFINITIONAL_REPRESENTATION('',(#7650),#7653);
#7650 = B_SPLINE_CURVE_WITH_KNOTS('',1,(#7651,#7652),.UNSPECIFIED.,.F.,
  .F.,(2,2),(6.42,8.4000006),.PIECEWISE_BEZIER_KNOTS.);
#7651 = CARTESIAN_POINT('',(-6.069374816177,6.42));
#7652 = CARTESIAN_POINT('',(-6.069374816177,8.4000006));
#7653 = ( GEOMETRIC_REPRESENTATION_CONTEXT(2) 
PARAMETRIC_REPRESENTATION_CONTEXT() REPRESENTATION_CONTEXT('2D SPACE',''
  ) );
#7654 = PCURVE('',#5843,#7655);
#7655 = DEFINITIONAL_REPRESENTATION('',(#7656),#7659);
#7656 = B_SPLINE_CURVE_WITH_KNOTS('',1,(#7657,#7658),.UNSPECIFIED.,.F.,
  .F.,(2,2),(6.42,8.4000006),.PIECEWISE_BEZIER_KNOTS.);
#7657 = CARTESIAN_POINT('',(1.98,21.86880122946));
#7658 = CARTESIAN_POINT('',(-5.999999999062E-07,21.86880122946));
#7659 = ( GEOMETRIC_REPRESENTATION_CONTEXT(2) 
PARAMETRIC_REPRESENTATION_CONTEXT() REPRESENTATION_CONTEXT('2D SPACE',''
  ) );
#7660 = ORIENTED_EDGE('',*,*,#7661,.T.);
#7661 = EDGE_CURVE('',#7641,#7662,#7664,.T.);
#7662 = VERTEX_POINT('',#7663);
#7663 = CARTESIAN_POINT('',(59.397561541948,25.325947245907,1.8));
#7664 = SURFACE_CURVE('',#7665,(#7670,#7677),.PCURVE_S1.);
#7665 = CIRCLE('',#7666,27.1);
#7666 = AXIS2_PLACEMENT_3D('',#7667,#7668,#7669);
#7667 = CARTESIAN_POINT('',(33.587572106361,33.587572106361,1.8));
#7668 = DIRECTION('',(0.,0.,-1.));
#7669 = DIRECTION('',(1.,0.,0.));
#7670 = PCURVE('',#5536,#7671);
#7671 = DEFINITIONAL_REPRESENTATION('',(#7672),#7676);
#7672 = LINE('',#7673,#7674);
#7673 = CARTESIAN_POINT('',(-6.28318530718,6.6));
#7674 = VECTOR('',#7675,1.);
#7675 = DIRECTION('',(1.,-0.));
#7676 = ( GEOMETRIC_REPRESENTATION_CONTEXT(2) 
PARAMETRIC_REPRESENTATION_CONTEXT() REPRESENTATION_CONTEXT('2D SPACE',''
  ) );
#7677 = PCURVE('',#7678,#7683);
#7678 = PLANE('',#7679);
#7679 = AXIS2_PLACEMENT_3D('',#7680,#7681,#7682);
#7680 = CARTESIAN_POINT('',(33.587572106361,33.587572106361,1.8));
#7681 = DIRECTION('',(0.,0.,1.));
#7682 = DIRECTION('',(1.,0.,-0.));
#7683 = DEFINITIONAL_REPRESENTATION('',(#7684),#7692);
#7684 = ( BOUNDED_CURVE() B_SPLINE_CURVE(2,(#7685,#7686,#7687,#7688,
#7689,#7690,#7691),.UNSPECIFIED.,.T.,.F.) B_SPLINE_CURVE_WITH_KNOTS((1,2
    ,2,2,2,1),(-2.094395102393,0.,2.094395102393,4.188790204786,
6.28318530718,8.377580409573),.UNSPECIFIED.) CURVE() 
GEOMETRIC_REPRESENTATION_ITEM() RATIONAL_B_SPLINE_CURVE((1.,0.5,1.,0.5,
1.,0.5,1.)) REPRESENTATION_ITEM('') );
#7685 = CARTESIAN_POINT('',(27.1,0.));
#7686 = CARTESIAN_POINT('',(27.1,-46.93857688511));
#7687 = CARTESIAN_POINT('',(-13.55,-23.46928844255));
#7688 = CARTESIAN_POINT('',(-54.2,-6.637585651379E-15));
#7689 = CARTESIAN_POINT('',(-13.55,23.469288442558));
#7690 = CARTESIAN_POINT('',(27.1,46.938576885117));
#7691 = CARTESIAN_POINT('',(27.1,0.));
#7692 = ( GEOMETRIC_REPRESENTATION_CONTEXT(2) 
PARAMETRIC_REPRESENTATION_CONTEXT() REPRESENTATION_CONTEXT('2D SPACE',''
  ) );
#7693 = ORIENTED_EDGE('',*,*,#7694,.T.);
#7694 = EDGE_CURVE('',#7662,#5520,#7695,.T.);
#7695 = SURFACE_CURVE('',#7696,(#7700,#7706),.PCURVE_S1.);
#7696 = LINE('',#7697,#7698);
#7697 = CARTESIAN_POINT('',(59.397561541948,25.325947245907,8.4));
#7698 = VECTOR('',#7699,1.);
#7699 = DIRECTION('',(-0.,-0.,-1.));
#7700 = PCURVE('',#5536,#7701);
#7701 = DEFINITIONAL_REPRESENTATION('',(#7702),#7705);
#7702 = B_SPLINE_CURVE_WITH_KNOTS('',1,(#7703,#7704),.UNSPECIFIED.,.F.,
  .F.,(2,2),(6.42,8.4000006),.PIECEWISE_BEZIER_KNOTS.);
#7703 = CARTESIAN_POINT('',(-5.973397022584,6.42));
#7704 = CARTESIAN_POINT('',(-5.973397022584,8.4000006));
#7705 = ( GEOMETRIC_REPRESENTATION_CONTEXT(2) 
PARAMETRIC_REPRESENTATION_CONTEXT() REPRESENTATION_CONTEXT('2D SPACE',''
  ) );
#7706 = PCURVE('',#5564,#7707);
#7707 = DEFINITIONAL_REPRESENTATION('',(#7708),#7711);
#7708 = B_SPLINE_CURVE_WITH_KNOTS('',1,(#7709,#7710),.UNSPECIFIED.,.F.,
  .F.,(2,2),(6.42,8.4000006),.PIECEWISE_BEZIER_KNOTS.);
#7709 = CARTESIAN_POINT('',(1.98,21.86880122946));
#7710 = CARTESIAN_POINT('',(-5.999999999062E-07,21.86880122946));
#7711 = ( GEOMETRIC_REPRESENTATION_CONTEXT(2) 
PARAMETRIC_REPRESENTATION_CONTEXT() REPRESENTATION_CONTEXT('2D SPACE',''
  ) );
#7712 = ORIENTED_EDGE('',*,*,#5517,.F.);
#7713 = ORIENTED_EDGE('',*,*,#7714,.F.);
#7714 = EDGE_CURVE('',#7715,#5518,#7717,.T.);
#7715 = VERTEX_POINT('',#7716);
#7716 = CARTESIAN_POINT('',(15.366278013962,13.527800382877,1.8));
#7717 = SURFACE_CURVE('',#7718,(#7722,#7728),.PCURVE_S1.);
#7718 = LINE('',#7719,#7720);
#7719 = CARTESIAN_POINT('',(15.366278013962,13.527800382877,8.4));
#7720 = VECTOR('',#7721,1.);
#7721 = DIRECTION('',(-0.,-0.,-1.));
#7722 = PCURVE('',#5536,#7723);
#7723 = DEFINITIONAL_REPRESENTATION('',(#7724),#7727);
#7724 = B_SPLINE_CURVE_WITH_KNOTS('',1,(#7725,#7726),.UNSPECIFIED.,.F.,
  .F.,(2,2),(6.42,8.4000006),.PIECEWISE_BEZIER_KNOTS.);
#7725 = CARTESIAN_POINT('',(-3.974979713783,6.42));
#7726 = CARTESIAN_POINT('',(-3.974979713783,8.4000006));
#7727 = ( GEOMETRIC_REPRESENTATION_CONTEXT(2) 
PARAMETRIC_REPRESENTATION_CONTEXT() REPRESENTATION_CONTEXT('2D SPACE',''
  ) );
#7728 = PCURVE('',#5619,#7729);
#7729 = DEFINITIONAL_REPRESENTATION('',(#7730),#7733);
#7730 = B_SPLINE_CURVE_WITH_KNOTS('',1,(#7731,#7732),.UNSPECIFIED.,.F.,
  .F.,(2,2),(6.42,8.4000006),.PIECEWISE_BEZIER_KNOTS.);
#7731 = CARTESIAN_POINT('',(1.98,21.86880122946));
#7732 = CARTESIAN_POINT('',(-5.999999999062E-07,21.86880122946));
#7733 = ( GEOMETRIC_REPRESENTATION_CONTEXT(2) 
PARAMETRIC_REPRESENTATION_CONTEXT() REPRESENTATION_CONTEXT('2D SPACE',''
  ) );
#7734 = ORIENTED_EDGE('',*,*,#7735,.T.);
#7735 = EDGE_CURVE('',#7715,#7736,#7738,.T.);
#7736 = VERTEX_POINT('',#7737);
#7737 = CARTESIAN_POINT('',(13.527800382877,15.366278013962,1.8));
#7738 = SURFACE_CURVE('',#7739,(#7744,#7751),.PCURVE_S1.);
#7739 = CIRCLE('',#7740,27.1);
#7740 = AXIS2_PLACEMENT_3D('',#7741,#7742,#7743);
#7741 = CARTESIAN_POINT('',(33.587572106361,33.587572106361,1.8));
#7742 = DIRECTION('',(0.,0.,-1.));
#7743 = DIRECTION('',(1.,0.,0.));
#7744 = PCURVE('',#5536,#7745);
#7745 = DEFINITIONAL_REPRESENTATION('',(#7746),#7750);
#7746 = LINE('',#7747,#7748);
#7747 = CARTESIAN_POINT('',(-6.28318530718,6.6));
#7748 = VECTOR('',#7749,1.);
#7749 = DIRECTION('',(1.,-0.));
#7750 = ( GEOMETRIC_REPRESENTATION_CONTEXT(2) 
PARAMETRIC_REPRESENTATION_CONTEXT() REPRESENTATION_CONTEXT('2D SPACE',''
  ) );
#7751 = PCURVE('',#7678,#7752);
#7752 = DEFINITIONAL_REPRESENTATION('',(#7753),#7761);
#7753 = ( BOUNDED_CURVE() B_SPLINE_CURVE(2,(#7754,#7755,#7756,#7757,
#7758,#7759,#7760),.UNSPECIFIED.,.T.,.F.) B_SPLINE_CURVE_WITH_KNOTS((1,2
    ,2,2,2,1),(-2.094395102393,0.,2.094395102393,4.188790204786,
6.28318530718,8.377580409573),.UNSPECIFIED.) CURVE() 
GEOMETRIC_REPRESENTATION_ITEM() RATIONAL_B_SPLINE_CURVE((1.,0.5,1.,0.5,
1.,0.5,1.)) REPRESENTATION_ITEM('') );
#7754 = CARTESIAN_POINT('',(27.1,0.));
#7755 = CARTESIAN_POINT('',(27.1,-46.93857688511));
#7756 = CARTESIAN_POINT('',(-13.55,-23.46928844255));
#7757 = CARTESIAN_POINT('',(-54.2,-6.637585651379E-15));
#7758 = CARTESIAN_POINT('',(-13.55,23.469288442558));
#7759 = CARTESIAN_POINT('',(27.1,46.938576885117));
#7760 = CARTESIAN_POINT('',(27.1,0.));
#7761 = ( GEOMETRIC_REPRESENTATION_CONTEXT(2) 
PARAMETRIC_REPRESENTATION_CONTEXT() REPRESENTATION_CONTEXT('2D SPACE',''
  ) );
#7762 = ORIENTED_EDGE('',*,*,#7763,.T.);
#7763 = EDGE_CURVE('',#7736,#5636,#7764,.T.);
#7764 = SURFACE_CURVE('',#7765,(#7769,#7775),.PCURVE_S1.);
#7765 = LINE('',#7766,#7767);
#7766 = CARTESIAN_POINT('',(13.527800382877,15.366278013962,8.4));
#7767 = VECTOR('',#7768,1.);
#7768 = DIRECTION('',(-0.,-0.,-1.));
#7769 = PCURVE('',#5536,#7770);
#7770 = DEFINITIONAL_REPRESENTATION('',(#7771),#7774);
#7771 = B_SPLINE_CURVE_WITH_KNOTS('',1,(#7772,#7773),.UNSPECIFIED.,.F.,
  .F.,(2,2),(6.42,8.4000006),.PIECEWISE_BEZIER_KNOTS.);
#7772 = CARTESIAN_POINT('',(-3.879001920191,6.42));
#7773 = CARTESIAN_POINT('',(-3.879001920191,8.4000006));
#7774 = ( GEOMETRIC_REPRESENTATION_CONTEXT(2) 
PARAMETRIC_REPRESENTATION_CONTEXT() REPRESENTATION_CONTEXT('2D SPACE',''
  ) );
#7775 = PCURVE('',#5675,#7776);
#7776 = DEFINITIONAL_REPRESENTATION('',(#7777),#7780);
#7777 = B_SPLINE_CURVE_WITH_KNOTS('',1,(#7778,#7779),.UNSPECIFIED.,.F.,
  .F.,(2,2),(6.42,8.4000006),.PIECEWISE_BEZIER_KNOTS.);
#7778 = CARTESIAN_POINT('',(1.98,21.86880122946));
#7779 = CARTESIAN_POINT('',(-5.999999999062E-07,21.86880122946));
#7780 = ( GEOMETRIC_REPRESENTATION_CONTEXT(2) 
PARAMETRIC_REPRESENTATION_CONTEXT() REPRESENTATION_CONTEXT('2D SPACE',''
  ) );
#7781 = ORIENTED_EDGE('',*,*,#5633,.F.);
#7782 = ORIENTED_EDGE('',*,*,#7783,.F.);
#7783 = EDGE_CURVE('',#7784,#5634,#7786,.T.);
#7784 = VERTEX_POINT('',#7785);
#7785 = CARTESIAN_POINT('',(25.325947245907,59.397561541948,1.8));
#7786 = SURFACE_CURVE('',#7787,(#7791,#7797),.PCURVE_S1.);
#7787 = LINE('',#7788,#7789);
#7788 = CARTESIAN_POINT('',(25.325947245907,59.397561541948,8.4));
#7789 = VECTOR('',#7790,1.);
#7790 = DIRECTION('',(-0.,-0.,-1.));
#7791 = PCURVE('',#5536,#7792);
#7792 = DEFINITIONAL_REPRESENTATION('',(#7793),#7796);
#7793 = B_SPLINE_CURVE_WITH_KNOTS('',1,(#7794,#7795),.UNSPECIFIED.,.F.,
  .F.,(2,2),(6.42,8.4000006),.PIECEWISE_BEZIER_KNOTS.);
#7794 = CARTESIAN_POINT('',(-1.88058461139,6.42));
#7795 = CARTESIAN_POINT('',(-1.88058461139,8.4000006));
#7796 = ( GEOMETRIC_REPRESENTATION_CONTEXT(2) 
PARAMETRIC_REPRESENTATION_CONTEXT() REPRESENTATION_CONTEXT('2D SPACE',''
  ) );
#7797 = PCURVE('',#5730,#7798);
#7798 = DEFINITIONAL_REPRESENTATION('',(#7799),#7802);
#7799 = B_SPLINE_CURVE_WITH_KNOTS('',1,(#7800,#7801),.UNSPECIFIED.,.F.,
  .F.,(2,2),(6.42,8.4000006),.PIECEWISE_BEZIER_KNOTS.);
#7800 = CARTESIAN_POINT('',(1.98,21.86880122946));
#7801 = CARTESIAN_POINT('',(-5.999999999062E-07,21.86880122946));
#7802 = ( GEOMETRIC_REPRESENTATION_CONTEXT(2) 
PARAMETRIC_REPRESENTATION_CONTEXT() REPRESENTATION_CONTEXT('2D SPACE',''
  ) );
#7803 = ORIENTED_EDGE('',*,*,#7804,.T.);
#7804 = EDGE_CURVE('',#7784,#7805,#7807,.T.);
#7805 = VERTEX_POINT('',#7806);
#7806 = CARTESIAN_POINT('',(27.837354394258,60.070491059215,1.8));
#7807 = SURFACE_CURVE('',#7808,(#7813,#7820),.PCURVE_S1.);
#7808 = CIRCLE('',#7809,27.1);
#7809 = AXIS2_PLACEMENT_3D('',#7810,#7811,#7812);
#7810 = CARTESIAN_POINT('',(33.587572106361,33.587572106361,1.8));
#7811 = DIRECTION('',(0.,0.,-1.));
#7812 = DIRECTION('',(1.,0.,0.));
#7813 = PCURVE('',#5536,#7814);
#7814 = DEFINITIONAL_REPRESENTATION('',(#7815),#7819);
#7815 = LINE('',#7816,#7817);
#7816 = CARTESIAN_POINT('',(-6.28318530718,6.6));
#7817 = VECTOR('',#7818,1.);
#7818 = DIRECTION('',(1.,-0.));
#7819 = ( GEOMETRIC_REPRESENTATION_CONTEXT(2) 
PARAMETRIC_REPRESENTATION_CONTEXT() REPRESENTATION_CONTEXT('2D SPACE',''
  ) );
#7820 = PCURVE('',#7678,#7821);
#7821 = DEFINITIONAL_REPRESENTATION('',(#7822),#7830);
#7822 = ( BOUNDED_CURVE() B_SPLINE_CURVE(2,(#7823,#7824,#7825,#7826,
#7827,#7828,#7829),.UNSPECIFIED.,.T.,.F.) B_SPLINE_CURVE_WITH_KNOTS((1,2
    ,2,2,2,1),(-2.094395102393,0.,2.094395102393,4.188790204786,
6.28318530718,8.377580409573),.UNSPECIFIED.) CURVE() 
GEOMETRIC_REPRESENTATION_ITEM() RATIONAL_B_SPLINE_CURVE((1.,0.5,1.,0.5,
1.,0.5,1.)) REPRESENTATION_ITEM('') );
#7823 = CARTESIAN_POINT('',(27.1,0.));
#7824 = CARTESIAN_POINT('',(27.1,-46.93857688511));
#7825 = CARTESIAN_POINT('',(-13.55,-23.46928844255));
#7826 = CARTESIAN_POINT('',(-54.2,-6.637585651379E-15));
#7827 = CARTESIAN_POINT('',(-13.55,23.469288442558));
#7828 = CARTESIAN_POINT('',(27.1,46.938576885117));
#7829 = CARTESIAN_POINT('',(27.1,0.));
#7830 = ( GEOMETRIC_REPRESENTATION_CONTEXT(2) 
PARAMETRIC_REPRESENTATION_CONTEXT() REPRESENTATION_CONTEXT('2D SPACE',''
  ) );
#7831 = ORIENTED_EDGE('',*,*,#7832,.T.);
#7832 = EDGE_CURVE('',#7805,#5747,#7833,.T.);
#7833 = SURFACE_CURVE('',#7834,(#7838,#7844),.PCURVE_S1.);
#7834 = LINE('',#7835,#7836);
#7835 = CARTESIAN_POINT('',(27.837354394258,60.070491059215,8.4));
#7836 = VECTOR('',#7837,1.);
#7837 = DIRECTION('',(-0.,-0.,-1.));
#7838 = PCURVE('',#5536,#7839);
#7839 = DEFINITIONAL_REPRESENTATION('',(#7840),#7843);
#7840 = B_SPLINE_CURVE_WITH_KNOTS('',1,(#7841,#7842),.UNSPECIFIED.,.F.,
  .F.,(2,2),(6.42,8.4000006),.PIECEWISE_BEZIER_KNOTS.);
#7841 = CARTESIAN_POINT('',(-1.784606817798,6.42));
#7842 = CARTESIAN_POINT('',(-1.784606817798,8.4000006));
#7843 = ( GEOMETRIC_REPRESENTATION_CONTEXT(2) 
PARAMETRIC_REPRESENTATION_CONTEXT() REPRESENTATION_CONTEXT('2D SPACE',''
  ) );
#7844 = PCURVE('',#5786,#7845);
#7845 = DEFINITIONAL_REPRESENTATION('',(#7846),#7849);
#7846 = B_SPLINE_CURVE_WITH_KNOTS('',1,(#7847,#7848),.UNSPECIFIED.,.F.,
  .F.,(2,2),(6.42,8.4000006),.PIECEWISE_BEZIER_KNOTS.);
#7847 = CARTESIAN_POINT('',(1.98,21.86880122946));
#7848 = CARTESIAN_POINT('',(-5.999999999062E-07,21.86880122946));
#7849 = ( GEOMETRIC_REPRESENTATION_CONTEXT(2) 
PARAMETRIC_REPRESENTATION_CONTEXT() REPRESENTATION_CONTEXT('2D SPACE',''
  ) );
#7850 = ORIENTED_EDGE('',*,*,#5744,.F.);
#7851 = ORIENTED_EDGE('',*,*,#7852,.T.);
#7852 = EDGE_CURVE('',#5745,#7853,#7855,.T.);
#7853 = VERTEX_POINT('',#7854);
#7854 = CARTESIAN_POINT('',(60.687572106361,33.587572106361,8.4));
#7855 = SEAM_CURVE('',#7856,(#7860,#7867),.PCURVE_S1.);
#7856 = LINE('',#7857,#7858);
#7857 = CARTESIAN_POINT('',(60.687572106361,33.587572106361,0.));
#7858 = VECTOR('',#7859,1.);
#7859 = DIRECTION('',(0.,0.,1.));
#7860 = PCURVE('',#5536,#7861);
#7861 = DEFINITIONAL_REPRESENTATION('',(#7862),#7866);
#7862 = LINE('',#7863,#7864);
#7863 = CARTESIAN_POINT('',(-0.,8.4));
#7864 = VECTOR('',#7865,1.);
#7865 = DIRECTION('',(-0.,-1.));
#7866 = ( GEOMETRIC_REPRESENTATION_CONTEXT(2) 
PARAMETRIC_REPRESENTATION_CONTEXT() REPRESENTATION_CONTEXT('2D SPACE',''
  ) );
#7867 = PCURVE('',#5536,#7868);
#7868 = DEFINITIONAL_REPRESENTATION('',(#7869),#7873);
#7869 = LINE('',#7870,#7871);
#7870 = CARTESIAN_POINT('',(-6.28318530718,8.4));
#7871 = VECTOR('',#7872,1.);
#7872 = DIRECTION('',(-0.,-1.));
#7873 = ( GEOMETRIC_REPRESENTATION_CONTEXT(2) 
PARAMETRIC_REPRESENTATION_CONTEXT() REPRESENTATION_CONTEXT('2D SPACE',''
  ) );
#7874 = ORIENTED_EDGE('',*,*,#7875,.T.);
#7875 = EDGE_CURVE('',#7853,#7853,#7876,.T.);
#7876 = SURFACE_CURVE('',#7877,(#7882,#7889),.PCURVE_S1.);
#7877 = CIRCLE('',#7878,27.1);
#7878 = AXIS2_PLACEMENT_3D('',#7879,#7880,#7881);
#7879 = CARTESIAN_POINT('',(33.587572106361,33.587572106361,8.4));
#7880 = DIRECTION('',(0.,0.,1.));
#7881 = DIRECTION('',(1.,0.,-0.));
#7882 = PCURVE('',#5536,#7883);
#7883 = DEFINITIONAL_REPRESENTATION('',(#7884),#7888);
#7884 = LINE('',#7885,#7886);
#7885 = CARTESIAN_POINT('',(-0.,0.));
#7886 = VECTOR('',#7887,1.);
#7887 = DIRECTION('',(-1.,0.));
#7888 = ( GEOMETRIC_REPRESENTATION_CONTEXT(2) 
PARAMETRIC_REPRESENTATION_CONTEXT() REPRESENTATION_CONTEXT('2D SPACE',''
  ) );
#7889 = PCURVE('',#7890,#7895);
#7890 = CONICAL_SURFACE('',#7891,28.,0.512389460311);
#7891 = AXIS2_PLACEMENT_3D('',#7892,#7893,#7894);
#7892 = CARTESIAN_POINT('',(33.587572106361,33.587572106361,10.));
#7893 = DIRECTION('',(0.,0.,1.));
#7894 = DIRECTION('',(1.,0.,0.));
#7895 = DEFINITIONAL_REPRESENTATION('',(#7896),#7900);
#7896 = LINE('',#7897,#7898);
#7897 = CARTESIAN_POINT('',(0.,-1.6));
#7898 = VECTOR('',#7899,1.);
#7899 = DIRECTION('',(1.,-0.));
#7900 = ( GEOMETRIC_REPRESENTATION_CONTEXT(2) 
PARAMETRIC_REPRESENTATION_CONTEXT() REPRESENTATION_CONTEXT('2D SPACE',''
  ) );
#7901 = ORIENTED_EDGE('',*,*,#7852,.F.);
#7902 = ORIENTED_EDGE('',*,*,#5855,.F.);
#7903 = ADVANCED_FACE('',(#7904),#6078,.T.);
#7904 = FACE_BOUND('',#7905,.T.);
#7905 = EDGE_LOOP('',(#7906,#7907,#7930,#7957));
#7906 = ORIENTED_EDGE('',*,*,#6063,.T.);
#7907 = ORIENTED_EDGE('',*,*,#7908,.T.);
#7908 = EDGE_CURVE('',#6041,#7909,#7911,.T.);
#7909 = VERTEX_POINT('',#7910);
#7910 = CARTESIAN_POINT('',(-3.587572106361,33.587572106361,11.));
#7911 = SEAM_CURVE('',#7912,(#7916,#7923),.PCURVE_S1.);
#7912 = LINE('',#7913,#7914);
#7913 = CARTESIAN_POINT('',(-4.187572106361,33.587572106361,10.4));
#7914 = VECTOR('',#7915,1.);
#7915 = DIRECTION('',(0.707106781187,0.,0.707106781187));
#7916 = PCURVE('',#6078,#7917);
#7917 = DEFINITIONAL_REPRESENTATION('',(#7918),#7922);
#7918 = LINE('',#7919,#7920);
#7919 = CARTESIAN_POINT('',(0.,0.));
#7920 = VECTOR('',#7921,1.);
#7921 = DIRECTION('',(0.,1.));
#7922 = ( GEOMETRIC_REPRESENTATION_CONTEXT(2) 
PARAMETRIC_REPRESENTATION_CONTEXT() REPRESENTATION_CONTEXT('2D SPACE',''
  ) );
#7923 = PCURVE('',#6078,#7924);
#7924 = DEFINITIONAL_REPRESENTATION('',(#7925),#7929);
#7925 = LINE('',#7926,#7927);
#7926 = CARTESIAN_POINT('',(6.28318530718,0.));
#7927 = VECTOR('',#7928,1.);
#7928 = DIRECTION('',(0.,1.));
#7929 = ( GEOMETRIC_REPRESENTATION_CONTEXT(2) 
PARAMETRIC_REPRESENTATION_CONTEXT() REPRESENTATION_CONTEXT('2D SPACE',''
  ) );
#7930 = ORIENTED_EDGE('',*,*,#7931,.F.);
#7931 = EDGE_CURVE('',#7909,#7909,#7932,.T.);
#7932 = SURFACE_CURVE('',#7933,(#7938,#7945),.PCURVE_S1.);
#7933 = CIRCLE('',#7934,30.);
#7934 = AXIS2_PLACEMENT_3D('',#7935,#7936,#7937);
#7935 = CARTESIAN_POINT('',(-33.58757210636,33.587572106361,11.));
#7936 = DIRECTION('',(0.,0.,1.));
#7937 = DIRECTION('',(1.,0.,-0.));
#7938 = PCURVE('',#6078,#7939);
#7939 = DEFINITIONAL_REPRESENTATION('',(#7940),#7944);
#7940 = LINE('',#7941,#7942);
#7941 = CARTESIAN_POINT('',(0.,0.6));
#7942 = VECTOR('',#7943,1.);
#7943 = DIRECTION('',(1.,0.));
#7944 = ( GEOMETRIC_REPRESENTATION_CONTEXT(2) 
PARAMETRIC_REPRESENTATION_CONTEXT() REPRESENTATION_CONTEXT('2D SPACE',''
  ) );
#7945 = PCURVE('',#7946,#7951);
#7946 = PLANE('',#7947);
#7947 = AXIS2_PLACEMENT_3D('',#7948,#7949,#7950);
#7948 = CARTESIAN_POINT('',(-33.58757210636,33.587572106361,11.));
#7949 = DIRECTION('',(0.,0.,1.));
#7950 = DIRECTION('',(1.,0.,-0.));
#7951 = DEFINITIONAL_REPRESENTATION('',(#7952),#7956);
#7952 = CIRCLE('',#7953,30.);
#7953 = AXIS2_PLACEMENT_2D('',#7954,#7955);
#7954 = CARTESIAN_POINT('',(0.,0.));
#7955 = DIRECTION('',(1.,0.));
#7956 = ( GEOMETRIC_REPRESENTATION_CONTEXT(2) 
PARAMETRIC_REPRESENTATION_CONTEXT() REPRESENTATION_CONTEXT('2D SPACE',''
  ) );
#7957 = ORIENTED_EDGE('',*,*,#7908,.F.);
#7958 = ADVANCED_FACE('',(#7959),#6116,.F.);
#7959 = FACE_BOUND('',#7960,.T.);
#7960 = EDGE_LOOP('',(#7961,#7982,#8015,#8034,#8035,#8056,#8084,#8103,
    #8104,#8125,#8153,#8172,#8173,#8196,#8223,#8224));
#7961 = ORIENTED_EDGE('',*,*,#7962,.F.);
#7962 = EDGE_CURVE('',#7963,#6408,#7965,.T.);
#7963 = VERTEX_POINT('',#7964);
#7964 = CARTESIAN_POINT('',(-13.52780038287,15.366278013962,1.8));
#7965 = SURFACE_CURVE('',#7966,(#7970,#7976),.PCURVE_S1.);
#7966 = LINE('',#7967,#7968);
#7967 = CARTESIAN_POINT('',(-13.52780038287,15.366278013962,8.4));
#7968 = VECTOR('',#7969,1.);
#7969 = DIRECTION('',(-0.,-0.,-1.));
#7970 = PCURVE('',#6116,#7971);
#7971 = DEFINITIONAL_REPRESENTATION('',(#7972),#7975);
#7972 = B_SPLINE_CURVE_WITH_KNOTS('',1,(#7973,#7974),.UNSPECIFIED.,.F.,
  .F.,(2,2),(6.42,8.4000006),.PIECEWISE_BEZIER_KNOTS.);
#7973 = CARTESIAN_POINT('',(-5.545776040578,6.42));
#7974 = CARTESIAN_POINT('',(-5.545776040578,8.4000006));
#7975 = ( GEOMETRIC_REPRESENTATION_CONTEXT(2) 
PARAMETRIC_REPRESENTATION_CONTEXT() REPRESENTATION_CONTEXT('2D SPACE',''
  ) );
#7976 = PCURVE('',#6423,#7977);
#7977 = DEFINITIONAL_REPRESENTATION('',(#7978),#7981);
#7978 = B_SPLINE_CURVE_WITH_KNOTS('',1,(#7979,#7980),.UNSPECIFIED.,.F.,
  .F.,(2,2),(6.42,8.4000006),.PIECEWISE_BEZIER_KNOTS.);
#7979 = CARTESIAN_POINT('',(1.98,21.86880122946));
#7980 = CARTESIAN_POINT('',(-5.999999999062E-07,21.86880122946));
#7981 = ( GEOMETRIC_REPRESENTATION_CONTEXT(2) 
PARAMETRIC_REPRESENTATION_CONTEXT() REPRESENTATION_CONTEXT('2D SPACE',''
  ) );
#7982 = ORIENTED_EDGE('',*,*,#7983,.T.);
#7983 = EDGE_CURVE('',#7963,#7984,#7986,.T.);
#7984 = VERTEX_POINT('',#7985);
#7985 = CARTESIAN_POINT('',(-15.36627801396,13.527800382877,1.8));
#7986 = SURFACE_CURVE('',#7987,(#7992,#7999),.PCURVE_S1.);
#7987 = CIRCLE('',#7988,27.1);
#7988 = AXIS2_PLACEMENT_3D('',#7989,#7990,#7991);
#7989 = CARTESIAN_POINT('',(-33.58757210636,33.587572106361,1.8));
#7990 = DIRECTION('',(0.,0.,-1.));
#7991 = DIRECTION('',(1.,0.,0.));
#7992 = PCURVE('',#6116,#7993);
#7993 = DEFINITIONAL_REPRESENTATION('',(#7994),#7998);
#7994 = LINE('',#7995,#7996);
#7995 = CARTESIAN_POINT('',(-6.28318530718,6.6));
#7996 = VECTOR('',#7997,1.);
#7997 = DIRECTION('',(1.,-0.));
#7998 = ( GEOMETRIC_REPRESENTATION_CONTEXT(2) 
PARAMETRIC_REPRESENTATION_CONTEXT() REPRESENTATION_CONTEXT('2D SPACE',''
  ) );
#7999 = PCURVE('',#8000,#8005);
#8000 = PLANE('',#8001);
#8001 = AXIS2_PLACEMENT_3D('',#8002,#8003,#8004);
#8002 = CARTESIAN_POINT('',(-33.58757210636,33.587572106361,1.8));
#8003 = DIRECTION('',(0.,0.,1.));
#8004 = DIRECTION('',(1.,0.,-0.));
#8005 = DEFINITIONAL_REPRESENTATION('',(#8006),#8014);
#8006 = ( BOUNDED_CURVE() B_SPLINE_CURVE(2,(#8007,#8008,#8009,#8010,
#8011,#8012,#8013),.UNSPECIFIED.,.T.,.F.) B_SPLINE_CURVE_WITH_KNOTS((1,2
    ,2,2,2,1),(-2.094395102393,0.,2.094395102393,4.188790204786,
6.28318530718,8.377580409573),.UNSPECIFIED.) CURVE() 
GEOMETRIC_REPRESENTATION_ITEM() RATIONAL_B_SPLINE_CURVE((1.,0.5,1.,0.5,
1.,0.5,1.)) REPRESENTATION_ITEM('') );
#8007 = CARTESIAN_POINT('',(27.1,0.));
#8008 = CARTESIAN_POINT('',(27.1,-46.93857688511));
#8009 = CARTESIAN_POINT('',(-13.55,-23.46928844255));
#8010 = CARTESIAN_POINT('',(-54.2,-6.637585651379E-15));
#8011 = CARTESIAN_POINT('',(-13.55,23.469288442558));
#8012 = CARTESIAN_POINT('',(27.1,46.938576885117));
#8013 = CARTESIAN_POINT('',(27.1,0.));
#8014 = ( GEOMETRIC_REPRESENTATION_CONTEXT(2) 
PARAMETRIC_REPRESENTATION_CONTEXT() REPRESENTATION_CONTEXT('2D SPACE',''
  ) );
#8015 = ORIENTED_EDGE('',*,*,#8016,.T.);
#8016 = EDGE_CURVE('',#7984,#6100,#8017,.T.);
#8017 = SURFACE_CURVE('',#8018,(#8022,#8028),.PCURVE_S1.);
#8018 = LINE('',#8019,#8020);
#8019 = CARTESIAN_POINT('',(-15.36627801396,13.527800382877,8.4));
#8020 = VECTOR('',#8021,1.);
#8021 = DIRECTION('',(-0.,-0.,-1.));
#8022 = PCURVE('',#6116,#8023);
#8023 = DEFINITIONAL_REPRESENTATION('',(#8024),#8027);
#8024 = B_SPLINE_CURVE_WITH_KNOTS('',1,(#8025,#8026),.UNSPECIFIED.,.F.,
  .F.,(2,2),(6.42,8.4000006),.PIECEWISE_BEZIER_KNOTS.);
#8025 = CARTESIAN_POINT('',(-5.449798246986,6.42));
#8026 = CARTESIAN_POINT('',(-5.449798246986,8.4000006));
#8027 = ( GEOMETRIC_REPRESENTATION_CONTEXT(2) 
PARAMETRIC_REPRESENTATION_CONTEXT() REPRESENTATION_CONTEXT('2D SPACE',''
  ) );
#8028 = PCURVE('',#6144,#8029);
#8029 = DEFINITIONAL_REPRESENTATION('',(#8030),#8033);
#8030 = B_SPLINE_CURVE_WITH_KNOTS('',1,(#8031,#8032),.UNSPECIFIED.,.F.,
  .F.,(2,2),(6.42,8.4000006),.PIECEWISE_BEZIER_KNOTS.);
#8031 = CARTESIAN_POINT('',(1.98,21.86880122946));
#8032 = CARTESIAN_POINT('',(-5.999999999062E-07,21.86880122946));
#8033 = ( GEOMETRIC_REPRESENTATION_CONTEXT(2) 
PARAMETRIC_REPRESENTATION_CONTEXT() REPRESENTATION_CONTEXT('2D SPACE',''
  ) );
#8034 = ORIENTED_EDGE('',*,*,#6097,.F.);
#8035 = ORIENTED_EDGE('',*,*,#8036,.F.);
#8036 = EDGE_CURVE('',#8037,#6098,#8039,.T.);
#8037 = VERTEX_POINT('',#8038);
#8038 = CARTESIAN_POINT('',(-59.39756154194,25.325947245907,1.8));
#8039 = SURFACE_CURVE('',#8040,(#8044,#8050),.PCURVE_S1.);
#8040 = LINE('',#8041,#8042);
#8041 = CARTESIAN_POINT('',(-59.39756154194,25.325947245907,8.4));
#8042 = VECTOR('',#8043,1.);
#8043 = DIRECTION('',(-0.,-0.,-1.));
#8044 = PCURVE('',#6116,#8045);
#8045 = DEFINITIONAL_REPRESENTATION('',(#8046),#8049);
#8046 = B_SPLINE_CURVE_WITH_KNOTS('',1,(#8047,#8048),.UNSPECIFIED.,.F.,
  .F.,(2,2),(6.42,8.4000006),.PIECEWISE_BEZIER_KNOTS.);
#8047 = CARTESIAN_POINT('',(-3.451380938185,6.42));
#8048 = CARTESIAN_POINT('',(-3.451380938185,8.4000006));
#8049 = ( GEOMETRIC_REPRESENTATION_CONTEXT(2) 
PARAMETRIC_REPRESENTATION_CONTEXT() REPRESENTATION_CONTEXT('2D SPACE',''
  ) );
#8050 = PCURVE('',#6199,#8051);
#8051 = DEFINITIONAL_REPRESENTATION('',(#8052),#8055);
#8052 = B_SPLINE_CURVE_WITH_KNOTS('',1,(#8053,#8054),.UNSPECIFIED.,.F.,
  .F.,(2,2),(6.42,8.4000006),.PIECEWISE_BEZIER_KNOTS.);
#8053 = CARTESIAN_POINT('',(1.98,21.86880122946));
#8054 = CARTESIAN_POINT('',(-5.999999999062E-07,21.86880122946));
#8055 = ( GEOMETRIC_REPRESENTATION_CONTEXT(2) 
PARAMETRIC_REPRESENTATION_CONTEXT() REPRESENTATION_CONTEXT('2D SPACE',''
  ) );
#8056 = ORIENTED_EDGE('',*,*,#8057,.T.);
#8057 = EDGE_CURVE('',#8037,#8058,#8060,.T.);
#8058 = VERTEX_POINT('',#8059);
#8059 = CARTESIAN_POINT('',(-60.07049105921,27.837354394258,1.8));
#8060 = SURFACE_CURVE('',#8061,(#8066,#8073),.PCURVE_S1.);
#8061 = CIRCLE('',#8062,27.1);
#8062 = AXIS2_PLACEMENT_3D('',#8063,#8064,#8065);
#8063 = CARTESIAN_POINT('',(-33.58757210636,33.587572106361,1.8));
#8064 = DIRECTION('',(0.,0.,-1.));
#8065 = DIRECTION('',(1.,0.,0.));
#8066 = PCURVE('',#6116,#8067);
#8067 = DEFINITIONAL_REPRESENTATION('',(#8068),#8072);
#8068 = LINE('',#8069,#8070);
#8069 = CARTESIAN_POINT('',(-6.28318530718,6.6));
#8070 = VECTOR('',#8071,1.);
#8071 = DIRECTION('',(1.,-0.));
#8072 = ( GEOMETRIC_REPRESENTATION_CONTEXT(2) 
PARAMETRIC_REPRESENTATION_CONTEXT() REPRESENTATION_CONTEXT('2D SPACE',''
  ) );
#8073 = PCURVE('',#8000,#8074);
#8074 = DEFINITIONAL_REPRESENTATION('',(#8075),#8083);
#8075 = ( BOUNDED_CURVE() B_SPLINE_CURVE(2,(#8076,#8077,#8078,#8079,
#8080,#8081,#8082),.UNSPECIFIED.,.T.,.F.) B_SPLINE_CURVE_WITH_KNOTS((1,2
    ,2,2,2,1),(-2.094395102393,0.,2.094395102393,4.188790204786,
6.28318530718,8.377580409573),.UNSPECIFIED.) CURVE() 
GEOMETRIC_REPRESENTATION_ITEM() RATIONAL_B_SPLINE_CURVE((1.,0.5,1.,0.5,
1.,0.5,1.)) REPRESENTATION_ITEM('') );
#8076 = CARTESIAN_POINT('',(27.1,0.));
#8077 = CARTESIAN_POINT('',(27.1,-46.93857688511));
#8078 = CARTESIAN_POINT('',(-13.55,-23.46928844255));
#8079 = CARTESIAN_POINT('',(-54.2,-6.637585651379E-15));
#8080 = CARTESIAN_POINT('',(-13.55,23.469288442558));
#8081 = CARTESIAN_POINT('',(27.1,46.938576885117));
#8082 = CARTESIAN_POINT('',(27.1,0.));
#8083 = ( GEOMETRIC_REPRESENTATION_CONTEXT(2) 
PARAMETRIC_REPRESENTATION_CONTEXT() REPRESENTATION_CONTEXT('2D SPACE',''
  ) );
#8084 = ORIENTED_EDGE('',*,*,#8085,.T.);
#8085 = EDGE_CURVE('',#8058,#6216,#8086,.T.);
#8086 = SURFACE_CURVE('',#8087,(#8091,#8097),.PCURVE_S1.);
#8087 = LINE('',#8088,#8089);
#8088 = CARTESIAN_POINT('',(-60.07049105921,27.837354394258,8.4));
#8089 = VECTOR('',#8090,1.);
#8090 = DIRECTION('',(-0.,-0.,-1.));
#8091 = PCURVE('',#6116,#8092);
#8092 = DEFINITIONAL_REPRESENTATION('',(#8093),#8096);
#8093 = B_SPLINE_CURVE_WITH_KNOTS('',1,(#8094,#8095),.UNSPECIFIED.,.F.,
  .F.,(2,2),(6.42,8.4000006),.PIECEWISE_BEZIER_KNOTS.);
#8094 = CARTESIAN_POINT('',(-3.355403144593,6.42));
#8095 = CARTESIAN_POINT('',(-3.355403144593,8.4000006));
#8096 = ( GEOMETRIC_REPRESENTATION_CONTEXT(2) 
PARAMETRIC_REPRESENTATION_CONTEXT() REPRESENTATION_CONTEXT('2D SPACE',''
  ) );
#8097 = PCURVE('',#6255,#8098);
#8098 = DEFINITIONAL_REPRESENTATION('',(#8099),#8102);
#8099 = B_SPLINE_CURVE_WITH_KNOTS('',1,(#8100,#8101),.UNSPECIFIED.,.F.,
  .F.,(2,2),(6.42,8.4000006),.PIECEWISE_BEZIER_KNOTS.);
#8100 = CARTESIAN_POINT('',(1.98,21.86880122946));
#8101 = CARTESIAN_POINT('',(-5.999999999062E-07,21.86880122946));
#8102 = ( GEOMETRIC_REPRESENTATION_CONTEXT(2) 
PARAMETRIC_REPRESENTATION_CONTEXT() REPRESENTATION_CONTEXT('2D SPACE',''
  ) );
#8103 = ORIENTED_EDGE('',*,*,#6213,.F.);
#8104 = ORIENTED_EDGE('',*,*,#8105,.F.);
#8105 = EDGE_CURVE('',#8106,#6214,#8108,.T.);
#8106 = VERTEX_POINT('',#8107);
#8107 = CARTESIAN_POINT('',(-27.83735439425,60.070491059215,1.8));
#8108 = SURFACE_CURVE('',#8109,(#8113,#8119),.PCURVE_S1.);
#8109 = LINE('',#8110,#8111);
#8110 = CARTESIAN_POINT('',(-27.83735439425,60.070491059215,8.4));
#8111 = VECTOR('',#8112,1.);
#8112 = DIRECTION('',(-0.,-0.,-1.));
#8113 = PCURVE('',#6116,#8114);
#8114 = DEFINITIONAL_REPRESENTATION('',(#8115),#8118);
#8115 = B_SPLINE_CURVE_WITH_KNOTS('',1,(#8116,#8117),.UNSPECIFIED.,.F.,
  .F.,(2,2),(6.42,8.4000006),.PIECEWISE_BEZIER_KNOTS.);
#8116 = CARTESIAN_POINT('',(-1.356985835792,6.42));
#8117 = CARTESIAN_POINT('',(-1.356985835792,8.4000006));
#8118 = ( GEOMETRIC_REPRESENTATION_CONTEXT(2) 
PARAMETRIC_REPRESENTATION_CONTEXT() REPRESENTATION_CONTEXT('2D SPACE',''
  ) );
#8119 = PCURVE('',#6310,#8120);
#8120 = DEFINITIONAL_REPRESENTATION('',(#8121),#8124);
#8121 = B_SPLINE_CURVE_WITH_KNOTS('',1,(#8122,#8123),.UNSPECIFIED.,.F.,
  .F.,(2,2),(6.42,8.4000006),.PIECEWISE_BEZIER_KNOTS.);
#8122 = CARTESIAN_POINT('',(1.98,21.86880122946));
#8123 = CARTESIAN_POINT('',(-5.999999999062E-07,21.86880122946));
#8124 = ( GEOMETRIC_REPRESENTATION_CONTEXT(2) 
PARAMETRIC_REPRESENTATION_CONTEXT() REPRESENTATION_CONTEXT('2D SPACE',''
  ) );
#8125 = ORIENTED_EDGE('',*,*,#8126,.T.);
#8126 = EDGE_CURVE('',#8106,#8127,#8129,.T.);
#8127 = VERTEX_POINT('',#8128);
#8128 = CARTESIAN_POINT('',(-25.3259472459,59.397561541948,1.8));
#8129 = SURFACE_CURVE('',#8130,(#8135,#8142),.PCURVE_S1.);
#8130 = CIRCLE('',#8131,27.1);
#8131 = AXIS2_PLACEMENT_3D('',#8132,#8133,#8134);
#8132 = CARTESIAN_POINT('',(-33.58757210636,33.587572106361,1.8));
#8133 = DIRECTION('',(0.,0.,-1.));
#8134 = DIRECTION('',(1.,0.,0.));
#8135 = PCURVE('',#6116,#8136);
#8136 = DEFINITIONAL_REPRESENTATION('',(#8137),#8141);
#8137 = LINE('',#8138,#8139);
#8138 = CARTESIAN_POINT('',(-6.28318530718,6.6));
#8139 = VECTOR('',#8140,1.);
#8140 = DIRECTION('',(1.,-0.));
#8141 = ( GEOMETRIC_REPRESENTATION_CONTEXT(2) 
PARAMETRIC_REPRESENTATION_CONTEXT() REPRESENTATION_CONTEXT('2D SPACE',''
  ) );
#8142 = PCURVE('',#8000,#8143);
#8143 = DEFINITIONAL_REPRESENTATION('',(#8144),#8152);
#8144 = ( BOUNDED_CURVE() B_SPLINE_CURVE(2,(#8145,#8146,#8147,#8148,
#8149,#8150,#8151),.UNSPECIFIED.,.T.,.F.) B_SPLINE_CURVE_WITH_KNOTS((1,2
    ,2,2,2,1),(-2.094395102393,0.,2.094395102393,4.188790204786,
6.28318530718,8.377580409573),.UNSPECIFIED.) CURVE() 
GEOMETRIC_REPRESENTATION_ITEM() RATIONAL_B_SPLINE_CURVE((1.,0.5,1.,0.5,
1.,0.5,1.)) REPRESENTATION_ITEM('') );
#8145 = CARTESIAN_POINT('',(27.1,0.));
#8146 = CARTESIAN_POINT('',(27.1,-46.93857688511));
#8147 = CARTESIAN_POINT('',(-13.55,-23.46928844255));
#8148 = CARTESIAN_POINT('',(-54.2,-6.637585651379E-15));
#8149 = CARTESIAN_POINT('',(-13.55,23.469288442558));
#8150 = CARTESIAN_POINT('',(27.1,46.938576885117));
#8151 = CARTESIAN_POINT('',(27.1,0.));
#8152 = ( GEOMETRIC_REPRESENTATION_CONTEXT(2) 
PARAMETRIC_REPRESENTATION_CONTEXT() REPRESENTATION_CONTEXT('2D SPACE',''
  ) );
#8153 = ORIENTED_EDGE('',*,*,#8154,.T.);
#8154 = EDGE_CURVE('',#8127,#6327,#8155,.T.);
#8155 = SURFACE_CURVE('',#8156,(#8160,#8166),.PCURVE_S1.);
#8156 = LINE('',#8157,#8158);
#8157 = CARTESIAN_POINT('',(-25.3259472459,59.397561541948,8.4));
#8158 = VECTOR('',#8159,1.);
#8159 = DIRECTION('',(-0.,-0.,-1.));
#8160 = PCURVE('',#6116,#8161);
#8161 = DEFINITIONAL_REPRESENTATION('',(#8162),#8165);
#8162 = B_SPLINE_CURVE_WITH_KNOTS('',1,(#8163,#8164),.UNSPECIFIED.,.F.,
  .F.,(2,2),(6.42,8.4000006),.PIECEWISE_BEZIER_KNOTS.);
#8163 = CARTESIAN_POINT('',(-1.2610080422,6.42));
#8164 = CARTESIAN_POINT('',(-1.2610080422,8.4000006));
#8165 = ( GEOMETRIC_REPRESENTATION_CONTEXT(2) 
PARAMETRIC_REPRESENTATION_CONTEXT() REPRESENTATION_CONTEXT('2D SPACE',''
  ) );
#8166 = PCURVE('',#6366,#8167);
#8167 = DEFINITIONAL_REPRESENTATION('',(#8168),#8171);
#8168 = B_SPLINE_CURVE_WITH_KNOTS('',1,(#8169,#8170),.UNSPECIFIED.,.F.,
  .F.,(2,2),(6.42,8.4000006),.PIECEWISE_BEZIER_KNOTS.);
#8169 = CARTESIAN_POINT('',(1.98,21.86880122946));
#8170 = CARTESIAN_POINT('',(-5.999999999062E-07,21.86880122946));
#8171 = ( GEOMETRIC_REPRESENTATION_CONTEXT(2) 
PARAMETRIC_REPRESENTATION_CONTEXT() REPRESENTATION_CONTEXT('2D SPACE',''
  ) );
#8172 = ORIENTED_EDGE('',*,*,#6324,.F.);
#8173 = ORIENTED_EDGE('',*,*,#8174,.T.);
#8174 = EDGE_CURVE('',#6325,#8175,#8177,.T.);
#8175 = VERTEX_POINT('',#8176);
#8176 = CARTESIAN_POINT('',(-6.487572106361,33.587572106361,8.4));
#8177 = SEAM_CURVE('',#8178,(#8182,#8189),.PCURVE_S1.);
#8178 = LINE('',#8179,#8180);
#8179 = CARTESIAN_POINT('',(-6.487572106361,33.587572106361,0.));
#8180 = VECTOR('',#8181,1.);
#8181 = DIRECTION('',(0.,0.,1.));
#8182 = PCURVE('',#6116,#8183);
#8183 = DEFINITIONAL_REPRESENTATION('',(#8184),#8188);
#8184 = LINE('',#8185,#8186);
#8185 = CARTESIAN_POINT('',(-0.,8.4));
#8186 = VECTOR('',#8187,1.);
#8187 = DIRECTION('',(-0.,-1.));
#8188 = ( GEOMETRIC_REPRESENTATION_CONTEXT(2) 
PARAMETRIC_REPRESENTATION_CONTEXT() REPRESENTATION_CONTEXT('2D SPACE',''
  ) );
#8189 = PCURVE('',#6116,#8190);
#8190 = DEFINITIONAL_REPRESENTATION('',(#8191),#8195);
#8191 = LINE('',#8192,#8193);
#8192 = CARTESIAN_POINT('',(-6.28318530718,8.4));
#8193 = VECTOR('',#8194,1.);
#8194 = DIRECTION('',(-0.,-1.));
#8195 = ( GEOMETRIC_REPRESENTATION_CONTEXT(2) 
PARAMETRIC_REPRESENTATION_CONTEXT() REPRESENTATION_CONTEXT('2D SPACE',''
  ) );
#8196 = ORIENTED_EDGE('',*,*,#8197,.T.);
#8197 = EDGE_CURVE('',#8175,#8175,#8198,.T.);
#8198 = SURFACE_CURVE('',#8199,(#8204,#8211),.PCURVE_S1.);
#8199 = CIRCLE('',#8200,27.1);
#8200 = AXIS2_PLACEMENT_3D('',#8201,#8202,#8203);
#8201 = CARTESIAN_POINT('',(-33.58757210636,33.587572106361,8.4));
#8202 = DIRECTION('',(0.,0.,1.));
#8203 = DIRECTION('',(1.,0.,-0.));
#8204 = PCURVE('',#6116,#8205);
#8205 = DEFINITIONAL_REPRESENTATION('',(#8206),#8210);
#8206 = LINE('',#8207,#8208);
#8207 = CARTESIAN_POINT('',(-0.,0.));
#8208 = VECTOR('',#8209,1.);
#8209 = DIRECTION('',(-1.,0.));
#8210 = ( GEOMETRIC_REPRESENTATION_CONTEXT(2) 
PARAMETRIC_REPRESENTATION_CONTEXT() REPRESENTATION_CONTEXT('2D SPACE',''
  ) );
#8211 = PCURVE('',#8212,#8217);
#8212 = CONICAL_SURFACE('',#8213,28.,0.512389460311);
#8213 = AXIS2_PLACEMENT_3D('',#8214,#8215,#8216);
#8214 = CARTESIAN_POINT('',(-33.58757210636,33.587572106361,10.));
#8215 = DIRECTION('',(0.,0.,1.));
#8216 = DIRECTION('',(1.,0.,0.));
#8217 = DEFINITIONAL_REPRESENTATION('',(#8218),#8222);
#8218 = LINE('',#8219,#8220);
#8219 = CARTESIAN_POINT('',(0.,-1.6));
#8220 = VECTOR('',#8221,1.);
#8221 = DIRECTION('',(1.,-0.));
#8222 = ( GEOMETRIC_REPRESENTATION_CONTEXT(2) 
PARAMETRIC_REPRESENTATION_CONTEXT() REPRESENTATION_CONTEXT('2D SPACE',''
  ) );
#8223 = ORIENTED_EDGE('',*,*,#8174,.F.);
#8224 = ORIENTED_EDGE('',*,*,#6435,.F.);
#8225 = ADVANCED_FACE('',(#8226),#6144,.F.);
#8226 = FACE_BOUND('',#8227,.F.);
#8227 = EDGE_LOOP('',(#8228,#8229,#8252,#8273));
#8228 = ORIENTED_EDGE('',*,*,#6128,.F.);
#8229 = ORIENTED_EDGE('',*,*,#8230,.F.);
#8230 = EDGE_CURVE('',#8231,#6129,#8233,.T.);
#8231 = VERTEX_POINT('',#8232);
#8232 = CARTESIAN_POINT('',(-30.72792219636,28.88944456528,1.8));
#8233 = SURFACE_CURVE('',#8234,(#8238,#8245),.PCURVE_S1.);
#8234 = LINE('',#8235,#8236);
#8235 = CARTESIAN_POINT('',(-30.72792219636,28.88944456528,0.));
#8236 = VECTOR('',#8237,1.);
#8237 = DIRECTION('',(-0.,-0.,-1.));
#8238 = PCURVE('',#6144,#8239);
#8239 = DEFINITIONAL_REPRESENTATION('',(#8240),#8244);
#8240 = LINE('',#8241,#8242);
#8241 = CARTESIAN_POINT('',(0.,0.144155686355));
#8242 = VECTOR('',#8243,1.);
#8243 = DIRECTION('',(-1.,0.));
#8244 = ( GEOMETRIC_REPRESENTATION_CONTEXT(2) 
PARAMETRIC_REPRESENTATION_CONTEXT() REPRESENTATION_CONTEXT('2D SPACE',''
  ) );
#8245 = PCURVE('',#6173,#8246);
#8246 = DEFINITIONAL_REPRESENTATION('',(#8247),#8251);
#8247 = LINE('',#8248,#8249);
#8248 = CARTESIAN_POINT('',(-11.54235071964,0.));
#8249 = VECTOR('',#8250,1.);
#8250 = DIRECTION('',(-0.,1.));
#8251 = ( GEOMETRIC_REPRESENTATION_CONTEXT(2) 
PARAMETRIC_REPRESENTATION_CONTEXT() REPRESENTATION_CONTEXT('2D SPACE',''
  ) );
#8252 = ORIENTED_EDGE('',*,*,#8253,.T.);
#8253 = EDGE_CURVE('',#8231,#7984,#8254,.T.);
#8254 = SURFACE_CURVE('',#8255,(#8259,#8266),.PCURVE_S1.);
#8255 = LINE('',#8256,#8257);
#8256 = CARTESIAN_POINT('',(-30.82985565973,28.991378028648,1.8));
#8257 = VECTOR('',#8258,1.);
#8258 = DIRECTION('',(0.707106781187,-0.707106781187,0.));
#8259 = PCURVE('',#6144,#8260);
#8260 = DEFINITIONAL_REPRESENTATION('',(#8261),#8265);
#8261 = LINE('',#8262,#8263);
#8262 = CARTESIAN_POINT('',(1.8,0.));
#8263 = VECTOR('',#8264,1.);
#8264 = DIRECTION('',(0.,1.));
#8265 = ( GEOMETRIC_REPRESENTATION_CONTEXT(2) 
PARAMETRIC_REPRESENTATION_CONTEXT() REPRESENTATION_CONTEXT('2D SPACE',''
  ) );
#8266 = PCURVE('',#8000,#8267);
#8267 = DEFINITIONAL_REPRESENTATION('',(#8268),#8272);
#8268 = LINE('',#8269,#8270);
#8269 = CARTESIAN_POINT('',(2.757716446628,-4.596194077713));
#8270 = VECTOR('',#8271,1.);
#8271 = DIRECTION('',(0.707106781187,-0.707106781187));
#8272 = ( GEOMETRIC_REPRESENTATION_CONTEXT(2) 
PARAMETRIC_REPRESENTATION_CONTEXT() REPRESENTATION_CONTEXT('2D SPACE',''
  ) );
#8273 = ORIENTED_EDGE('',*,*,#8016,.T.);
#8274 = ADVANCED_FACE('',(#8275),#6173,.T.);
#8275 = FACE_BOUND('',#8276,.F.);
#8276 = EDGE_LOOP('',(#8277,#8278,#8301,#8327));
#8277 = ORIENTED_EDGE('',*,*,#6156,.F.);
#8278 = ORIENTED_EDGE('',*,*,#8279,.F.);
#8279 = EDGE_CURVE('',#8280,#6157,#8282,.T.);
#8280 = VERTEX_POINT('',#8281);
#8281 = CARTESIAN_POINT('',(-38.41316534488,30.948699260564,1.8));
#8282 = SURFACE_CURVE('',#8283,(#8287,#8294),.PCURVE_S1.);
#8283 = LINE('',#8284,#8285);
#8284 = CARTESIAN_POINT('',(-38.41316534488,30.948699260564,0.));
#8285 = VECTOR('',#8286,1.);
#8286 = DIRECTION('',(-0.,-0.,-1.));
#8287 = PCURVE('',#6173,#8288);
#8288 = DEFINITIONAL_REPRESENTATION('',(#8289),#8293);
#8289 = LINE('',#8290,#8291);
#8290 = CARTESIAN_POINT('',(-9.925199079882,0.));
#8291 = VECTOR('',#8292,1.);
#8292 = DIRECTION('',(-0.,1.));
#8293 = ( GEOMETRIC_REPRESENTATION_CONTEXT(2) 
PARAMETRIC_REPRESENTATION_CONTEXT() REPRESENTATION_CONTEXT('2D SPACE',''
  ) );
#8294 = PCURVE('',#6199,#8295);
#8295 = DEFINITIONAL_REPRESENTATION('',(#8296),#8300);
#8296 = LINE('',#8297,#8298);
#8297 = CARTESIAN_POINT('',(0.,0.144155686355));
#8298 = VECTOR('',#8299,1.);
#8299 = DIRECTION('',(-1.,-0.));
#8300 = ( GEOMETRIC_REPRESENTATION_CONTEXT(2) 
PARAMETRIC_REPRESENTATION_CONTEXT() REPRESENTATION_CONTEXT('2D SPACE',''
  ) );
#8301 = ORIENTED_EDGE('',*,*,#8302,.F.);
#8302 = EDGE_CURVE('',#8231,#8280,#8303,.T.);
#8303 = SURFACE_CURVE('',#8304,(#8309,#8316),.PCURVE_S1.);
#8304 = CIRCLE('',#8305,5.5);
#8305 = AXIS2_PLACEMENT_3D('',#8306,#8307,#8308);
#8306 = CARTESIAN_POINT('',(-33.58757210636,33.587572106361,1.8));
#8307 = DIRECTION('',(0.,-0.,-1.));
#8308 = DIRECTION('',(0.519936347272,-0.854205007469,0.));
#8309 = PCURVE('',#6173,#8310);
#8310 = DEFINITIONAL_REPRESENTATION('',(#8311),#8315);
#8311 = LINE('',#8312,#8313);
#8312 = CARTESIAN_POINT('',(-11.54235071964,-1.8));
#8313 = VECTOR('',#8314,1.);
#8314 = DIRECTION('',(1.,-0.));
#8315 = ( GEOMETRIC_REPRESENTATION_CONTEXT(2) 
PARAMETRIC_REPRESENTATION_CONTEXT() REPRESENTATION_CONTEXT('2D SPACE',''
  ) );
#8316 = PCURVE('',#8000,#8317);
#8317 = DEFINITIONAL_REPRESENTATION('',(#8318),#8326);
#8318 = ( BOUNDED_CURVE() B_SPLINE_CURVE(2,(#8319,#8320,#8321,#8322,
#8323,#8324,#8325),.UNSPECIFIED.,.T.,.F.) B_SPLINE_CURVE_WITH_KNOTS((1,2
    ,2,2,2,1),(-2.094395102393,0.,2.094395102393,4.188790204786,
6.28318530718,8.377580409573),.UNSPECIFIED.) CURVE() 
GEOMETRIC_REPRESENTATION_ITEM() RATIONAL_B_SPLINE_CURVE((1.,0.5,1.,0.5,
1.,0.5,1.)) REPRESENTATION_ITEM('') );
#8319 = CARTESIAN_POINT('',(2.859649909996,-4.698127541081));
#8320 = CARTESIAN_POINT('',(-5.277745691595,-9.651186477053));
#8321 = CARTESIAN_POINT('',(-5.498522755793,-0.127465697446));
#8322 = CARTESIAN_POINT('',(-5.719299819992,9.396255082161));
#8323 = CARTESIAN_POINT('',(2.638872845797,4.825593238527));
#8324 = CARTESIAN_POINT('',(10.997045511586,0.254931394892));
#8325 = CARTESIAN_POINT('',(2.859649909996,-4.698127541081));
#8326 = ( GEOMETRIC_REPRESENTATION_CONTEXT(2) 
PARAMETRIC_REPRESENTATION_CONTEXT() REPRESENTATION_CONTEXT('2D SPACE',''
  ) );
#8327 = ORIENTED_EDGE('',*,*,#8230,.T.);
#8328 = ADVANCED_FACE('',(#8329),#6199,.T.);
#8329 = FACE_BOUND('',#8330,.T.);
#8330 = EDGE_LOOP('',(#8331,#8332,#8333,#8354));
#8331 = ORIENTED_EDGE('',*,*,#6185,.F.);
#8332 = ORIENTED_EDGE('',*,*,#8279,.F.);
#8333 = ORIENTED_EDGE('',*,*,#8334,.T.);
#8334 = EDGE_CURVE('',#8280,#8037,#8335,.T.);
#8335 = SURFACE_CURVE('',#8336,(#8340,#8347),.PCURVE_S1.);
#8336 = LINE('',#8337,#8338);
#8337 = CARTESIAN_POINT('',(-38.27392164443,30.986009497652,1.8));
#8338 = VECTOR('',#8339,1.);
#8339 = DIRECTION('',(-0.965925826289,-0.258819045103,0.));
#8340 = PCURVE('',#6199,#8341);
#8341 = DEFINITIONAL_REPRESENTATION('',(#8342),#8346);
#8342 = LINE('',#8343,#8344);
#8343 = CARTESIAN_POINT('',(1.8,0.));
#8344 = VECTOR('',#8345,1.);
#8345 = DIRECTION('',(0.,1.));
#8346 = ( GEOMETRIC_REPRESENTATION_CONTEXT(2) 
PARAMETRIC_REPRESENTATION_CONTEXT() REPRESENTATION_CONTEXT('2D SPACE',''
  ) );
#8347 = PCURVE('',#8000,#8348);
#8348 = DEFINITIONAL_REPRESENTATION('',(#8349),#8353);
#8349 = LINE('',#8350,#8351);
#8350 = CARTESIAN_POINT('',(-4.68634953807,-2.601562608709));
#8351 = VECTOR('',#8352,1.);
#8352 = DIRECTION('',(-0.965925826289,-0.258819045103));
#8353 = ( GEOMETRIC_REPRESENTATION_CONTEXT(2) 
PARAMETRIC_REPRESENTATION_CONTEXT() REPRESENTATION_CONTEXT('2D SPACE',''
  ) );
#8354 = ORIENTED_EDGE('',*,*,#8036,.T.);
#8355 = ADVANCED_FACE('',(#8356),#6255,.F.);
#8356 = FACE_BOUND('',#8357,.F.);
#8357 = EDGE_LOOP('',(#8358,#8359,#8382,#8403));
#8358 = ORIENTED_EDGE('',*,*,#6239,.F.);
#8359 = ORIENTED_EDGE('',*,*,#8360,.F.);
#8360 = EDGE_CURVE('',#8361,#6240,#8363,.T.);
#8361 = VERTEX_POINT('',#8362);
#8362 = CARTESIAN_POINT('',(-39.08609486215,33.460106408915,1.8));
#8363 = SURFACE_CURVE('',#8364,(#8368,#8375),.PCURVE_S1.);
#8364 = LINE('',#8365,#8366);
#8365 = CARTESIAN_POINT('',(-39.08609486215,33.460106408915,0.));
#8366 = VECTOR('',#8367,1.);
#8367 = DIRECTION('',(-0.,-0.,-1.));
#8368 = PCURVE('',#6255,#8369);
#8369 = DEFINITIONAL_REPRESENTATION('',(#8370),#8374);
#8370 = LINE('',#8371,#8372);
#8371 = CARTESIAN_POINT('',(0.,0.144155686355));
#8372 = VECTOR('',#8373,1.);
#8373 = DIRECTION('',(-1.,-0.));
#8374 = ( GEOMETRIC_REPRESENTATION_CONTEXT(2) 
PARAMETRIC_REPRESENTATION_CONTEXT() REPRESENTATION_CONTEXT('2D SPACE',''
  ) );
#8375 = PCURVE('',#6284,#8376);
#8376 = DEFINITIONAL_REPRESENTATION('',(#8377),#8381);
#8377 = LINE('',#8378,#8379);
#8378 = CARTESIAN_POINT('',(-9.447955617255,0.));
#8379 = VECTOR('',#8380,1.);
#8380 = DIRECTION('',(-0.,1.));
#8381 = ( GEOMETRIC_REPRESENTATION_CONTEXT(2) 
PARAMETRIC_REPRESENTATION_CONTEXT() REPRESENTATION_CONTEXT('2D SPACE',''
  ) );
#8382 = ORIENTED_EDGE('',*,*,#8383,.T.);
#8383 = EDGE_CURVE('',#8361,#8058,#8384,.T.);
#8384 = SURFACE_CURVE('',#8385,(#8389,#8396),.PCURVE_S1.);
#8385 = LINE('',#8386,#8387);
#8386 = CARTESIAN_POINT('',(-38.94685116169,33.497416646004,1.8));
#8387 = VECTOR('',#8388,1.);
#8388 = DIRECTION('',(-0.965925826289,-0.258819045103,0.));
#8389 = PCURVE('',#6255,#8390);
#8390 = DEFINITIONAL_REPRESENTATION('',(#8391),#8395);
#8391 = LINE('',#8392,#8393);
#8392 = CARTESIAN_POINT('',(1.8,0.));
#8393 = VECTOR('',#8394,1.);
#8394 = DIRECTION('',(0.,1.));
#8395 = ( GEOMETRIC_REPRESENTATION_CONTEXT(2) 
PARAMETRIC_REPRESENTATION_CONTEXT() REPRESENTATION_CONTEXT('2D SPACE',''
  ) );
#8396 = PCURVE('',#8000,#8397);
#8397 = DEFINITIONAL_REPRESENTATION('',(#8398),#8402);
#8398 = LINE('',#8399,#8400);
#8399 = CARTESIAN_POINT('',(-5.359279055336,-9.015546035732E-02));
#8400 = VECTOR('',#8401,1.);
#8401 = DIRECTION('',(-0.965925826289,-0.258819045103));
#8402 = ( GEOMETRIC_REPRESENTATION_CONTEXT(2) 
PARAMETRIC_REPRESENTATION_CONTEXT() REPRESENTATION_CONTEXT('2D SPACE',''
  ) );
#8403 = ORIENTED_EDGE('',*,*,#8085,.T.);
#8404 = ADVANCED_FACE('',(#8405),#6284,.T.);
#8405 = FACE_BOUND('',#8406,.F.);
#8406 = EDGE_LOOP('',(#8407,#8408,#8431,#8457));
#8407 = ORIENTED_EDGE('',*,*,#6267,.F.);
#8408 = ORIENTED_EDGE('',*,*,#8409,.F.);
#8409 = EDGE_CURVE('',#8410,#6268,#8412,.T.);
#8410 = VERTEX_POINT('',#8411);
#8411 = CARTESIAN_POINT('',(-33.46010640891,39.086094862154,1.8));
#8412 = SURFACE_CURVE('',#8413,(#8417,#8424),.PCURVE_S1.);
#8413 = LINE('',#8414,#8415);
#8414 = CARTESIAN_POINT('',(-33.46010640891,39.086094862154,0.));
#8415 = VECTOR('',#8416,1.);
#8416 = DIRECTION('',(-0.,-0.,-1.));
#8417 = PCURVE('',#6284,#8418);
#8418 = DEFINITIONAL_REPRESENTATION('',(#8419),#8423);
#8419 = LINE('',#8420,#8421);
#8420 = CARTESIAN_POINT('',(-7.830803977489,0.));
#8421 = VECTOR('',#8422,1.);
#8422 = DIRECTION('',(-0.,1.));
#8423 = ( GEOMETRIC_REPRESENTATION_CONTEXT(2) 
PARAMETRIC_REPRESENTATION_CONTEXT() REPRESENTATION_CONTEXT('2D SPACE',''
  ) );
#8424 = PCURVE('',#6310,#8425);
#8425 = DEFINITIONAL_REPRESENTATION('',(#8426),#8430);
#8426 = LINE('',#8427,#8428);
#8427 = CARTESIAN_POINT('',(0.,0.144155686355));
#8428 = VECTOR('',#8429,1.);
#8429 = DIRECTION('',(-1.,0.));
#8430 = ( GEOMETRIC_REPRESENTATION_CONTEXT(2) 
PARAMETRIC_REPRESENTATION_CONTEXT() REPRESENTATION_CONTEXT('2D SPACE',''
  ) );
#8431 = ORIENTED_EDGE('',*,*,#8432,.F.);
#8432 = EDGE_CURVE('',#8361,#8410,#8433,.T.);
#8433 = SURFACE_CURVE('',#8434,(#8439,#8446),.PCURVE_S1.);
#8434 = CIRCLE('',#8435,5.5);
#8435 = AXIS2_PLACEMENT_3D('',#8436,#8437,#8438);
#8436 = CARTESIAN_POINT('',(-33.58757210636,33.587572106361,1.8));
#8437 = DIRECTION('',(0.,-0.,-1.));
#8438 = DIRECTION('',(0.519936347272,-0.854205007469,0.));
#8439 = PCURVE('',#6284,#8440);
#8440 = DEFINITIONAL_REPRESENTATION('',(#8441),#8445);
#8441 = LINE('',#8442,#8443);
#8442 = CARTESIAN_POINT('',(-11.54235071964,-1.8));
#8443 = VECTOR('',#8444,1.);
#8444 = DIRECTION('',(1.,-0.));
#8445 = ( GEOMETRIC_REPRESENTATION_CONTEXT(2) 
PARAMETRIC_REPRESENTATION_CONTEXT() REPRESENTATION_CONTEXT('2D SPACE',''
  ) );
#8446 = PCURVE('',#8000,#8447);
#8447 = DEFINITIONAL_REPRESENTATION('',(#8448),#8456);
#8448 = ( BOUNDED_CURVE() B_SPLINE_CURVE(2,(#8449,#8450,#8451,#8452,
#8453,#8454,#8455),.UNSPECIFIED.,.T.,.F.) B_SPLINE_CURVE_WITH_KNOTS((1,2
    ,2,2,2,1),(-2.094395102393,0.,2.094395102393,4.188790204786,
6.28318530718,8.377580409573),.UNSPECIFIED.) CURVE() 
GEOMETRIC_REPRESENTATION_ITEM() RATIONAL_B_SPLINE_CURVE((1.,0.5,1.,0.5,
1.,0.5,1.)) REPRESENTATION_ITEM('') );
#8449 = CARTESIAN_POINT('',(2.859649909996,-4.698127541081));
#8450 = CARTESIAN_POINT('',(-5.277745691595,-9.651186477053));
#8451 = CARTESIAN_POINT('',(-5.498522755793,-0.127465697446));
#8452 = CARTESIAN_POINT('',(-5.719299819992,9.396255082161));
#8453 = CARTESIAN_POINT('',(2.638872845797,4.825593238527));
#8454 = CARTESIAN_POINT('',(10.997045511586,0.254931394892));
#8455 = CARTESIAN_POINT('',(2.859649909996,-4.698127541081));
#8456 = ( GEOMETRIC_REPRESENTATION_CONTEXT(2) 
PARAMETRIC_REPRESENTATION_CONTEXT() REPRESENTATION_CONTEXT('2D SPACE',''
  ) );
#8457 = ORIENTED_EDGE('',*,*,#8360,.T.);
#8458 = ADVANCED_FACE('',(#8459),#6310,.T.);
#8459 = FACE_BOUND('',#8460,.T.);
#8460 = EDGE_LOOP('',(#8461,#8462,#8463,#8484));
#8461 = ORIENTED_EDGE('',*,*,#6296,.F.);
#8462 = ORIENTED_EDGE('',*,*,#8409,.F.);
#8463 = ORIENTED_EDGE('',*,*,#8464,.T.);
#8464 = EDGE_CURVE('',#8410,#8106,#8465,.T.);
#8465 = SURFACE_CURVE('',#8466,(#8470,#8477),.PCURVE_S1.);
#8466 = LINE('',#8467,#8468);
#8467 = CARTESIAN_POINT('',(-33.497416646,38.946851161697,1.8));
#8468 = VECTOR('',#8469,1.);
#8469 = DIRECTION('',(0.258819045103,0.965925826289,0.));
#8470 = PCURVE('',#6310,#8471);
#8471 = DEFINITIONAL_REPRESENTATION('',(#8472),#8476);
#8472 = LINE('',#8473,#8474);
#8473 = CARTESIAN_POINT('',(1.8,0.));
#8474 = VECTOR('',#8475,1.);
#8475 = DIRECTION('',(0.,1.));
#8476 = ( GEOMETRIC_REPRESENTATION_CONTEXT(2) 
PARAMETRIC_REPRESENTATION_CONTEXT() REPRESENTATION_CONTEXT('2D SPACE',''
  ) );
#8477 = PCURVE('',#8000,#8478);
#8478 = DEFINITIONAL_REPRESENTATION('',(#8479),#8483);
#8479 = LINE('',#8480,#8481);
#8480 = CARTESIAN_POINT('',(9.015546035732E-02,5.359279055336));
#8481 = VECTOR('',#8482,1.);
#8482 = DIRECTION('',(0.258819045103,0.965925826289));
#8483 = ( GEOMETRIC_REPRESENTATION_CONTEXT(2) 
PARAMETRIC_REPRESENTATION_CONTEXT() REPRESENTATION_CONTEXT('2D SPACE',''
  ) );
#8484 = ORIENTED_EDGE('',*,*,#8105,.T.);
#8485 = ADVANCED_FACE('',(#8486),#6366,.F.);
#8486 = FACE_BOUND('',#8487,.F.);
#8487 = EDGE_LOOP('',(#8488,#8489,#8512,#8533));
#8488 = ORIENTED_EDGE('',*,*,#6350,.F.);
#8489 = ORIENTED_EDGE('',*,*,#8490,.F.);
#8490 = EDGE_CURVE('',#8491,#6351,#8493,.T.);
#8491 = VERTEX_POINT('',#8492);
#8492 = CARTESIAN_POINT('',(-30.94869926056,38.413165344887,1.8));
#8493 = SURFACE_CURVE('',#8494,(#8498,#8505),.PCURVE_S1.);
#8494 = LINE('',#8495,#8496);
#8495 = CARTESIAN_POINT('',(-30.94869926056,38.413165344888,0.));
#8496 = VECTOR('',#8497,1.);
#8497 = DIRECTION('',(-0.,-0.,-1.));
#8498 = PCURVE('',#6366,#8499);
#8499 = DEFINITIONAL_REPRESENTATION('',(#8500),#8504);
#8500 = LINE('',#8501,#8502);
#8501 = CARTESIAN_POINT('',(0.,0.144155686355));
#8502 = VECTOR('',#8503,1.);
#8503 = DIRECTION('',(-1.,0.));
#8504 = ( GEOMETRIC_REPRESENTATION_CONTEXT(2) 
PARAMETRIC_REPRESENTATION_CONTEXT() REPRESENTATION_CONTEXT('2D SPACE',''
  ) );
#8505 = PCURVE('',#6395,#8506);
#8506 = DEFINITIONAL_REPRESENTATION('',(#8507),#8511);
#8507 = LINE('',#8508,#8509);
#8508 = CARTESIAN_POINT('',(-7.353560514862,0.));
#8509 = VECTOR('',#8510,1.);
#8510 = DIRECTION('',(-0.,1.));
#8511 = ( GEOMETRIC_REPRESENTATION_CONTEXT(2) 
PARAMETRIC_REPRESENTATION_CONTEXT() REPRESENTATION_CONTEXT('2D SPACE',''
  ) );
#8512 = ORIENTED_EDGE('',*,*,#8513,.T.);
#8513 = EDGE_CURVE('',#8491,#8127,#8514,.T.);
#8514 = SURFACE_CURVE('',#8515,(#8519,#8526),.PCURVE_S1.);
#8515 = LINE('',#8516,#8517);
#8516 = CARTESIAN_POINT('',(-30.98600949765,38.273921644431,1.8));
#8517 = VECTOR('',#8518,1.);
#8518 = DIRECTION('',(0.258819045103,0.965925826289,0.));
#8519 = PCURVE('',#6366,#8520);
#8520 = DEFINITIONAL_REPRESENTATION('',(#8521),#8525);
#8521 = LINE('',#8522,#8523);
#8522 = CARTESIAN_POINT('',(1.8,0.));
#8523 = VECTOR('',#8524,1.);
#8524 = DIRECTION('',(0.,1.));
#8525 = ( GEOMETRIC_REPRESENTATION_CONTEXT(2) 
PARAMETRIC_REPRESENTATION_CONTEXT() REPRESENTATION_CONTEXT('2D SPACE',''
  ) );
#8526 = PCURVE('',#8000,#8527);
#8527 = DEFINITIONAL_REPRESENTATION('',(#8528),#8532);
#8528 = LINE('',#8529,#8530);
#8529 = CARTESIAN_POINT('',(2.601562608709,4.68634953807));
#8530 = VECTOR('',#8531,1.);
#8531 = DIRECTION('',(0.258819045103,0.965925826289));
#8532 = ( GEOMETRIC_REPRESENTATION_CONTEXT(2) 
PARAMETRIC_REPRESENTATION_CONTEXT() REPRESENTATION_CONTEXT('2D SPACE',''
  ) );
#8533 = ORIENTED_EDGE('',*,*,#8154,.T.);
#8534 = ADVANCED_FACE('',(#8535),#6395,.T.);
#8535 = FACE_BOUND('',#8536,.F.);
#8536 = EDGE_LOOP('',(#8537,#8538,#8561,#8587));
#8537 = ORIENTED_EDGE('',*,*,#6378,.F.);
#8538 = ORIENTED_EDGE('',*,*,#8539,.F.);
#8539 = EDGE_CURVE('',#8540,#6379,#8542,.T.);
#8540 = VERTEX_POINT('',#8541);
#8541 = CARTESIAN_POINT('',(-28.88944456528,30.727922196365,1.8));
#8542 = SURFACE_CURVE('',#8543,(#8547,#8554),.PCURVE_S1.);
#8543 = LINE('',#8544,#8545);
#8544 = CARTESIAN_POINT('',(-28.88944456528,30.727922196365,0.));
#8545 = VECTOR('',#8546,1.);
#8546 = DIRECTION('',(-0.,-0.,-1.));
#8547 = PCURVE('',#6395,#8548);
#8548 = DEFINITIONAL_REPRESENTATION('',(#8549),#8553);
#8549 = LINE('',#8550,#8551);
#8550 = CARTESIAN_POINT('',(-5.736408875096,0.));
#8551 = VECTOR('',#8552,1.);
#8552 = DIRECTION('',(-0.,1.));
#8553 = ( GEOMETRIC_REPRESENTATION_CONTEXT(2) 
PARAMETRIC_REPRESENTATION_CONTEXT() REPRESENTATION_CONTEXT('2D SPACE',''
  ) );
#8554 = PCURVE('',#6423,#8555);
#8555 = DEFINITIONAL_REPRESENTATION('',(#8556),#8560);
#8556 = LINE('',#8557,#8558);
#8557 = CARTESIAN_POINT('',(0.,0.144155686355));
#8558 = VECTOR('',#8559,1.);
#8559 = DIRECTION('',(-1.,0.));
#8560 = ( GEOMETRIC_REPRESENTATION_CONTEXT(2) 
PARAMETRIC_REPRESENTATION_CONTEXT() REPRESENTATION_CONTEXT('2D SPACE',''
  ) );
#8561 = ORIENTED_EDGE('',*,*,#8562,.F.);
#8562 = EDGE_CURVE('',#8491,#8540,#8563,.T.);
#8563 = SURFACE_CURVE('',#8564,(#8569,#8576),.PCURVE_S1.);
#8564 = CIRCLE('',#8565,5.5);
#8565 = AXIS2_PLACEMENT_3D('',#8566,#8567,#8568);
#8566 = CARTESIAN_POINT('',(-33.58757210636,33.587572106361,1.8));
#8567 = DIRECTION('',(0.,-0.,-1.));
#8568 = DIRECTION('',(0.519936347272,-0.854205007469,0.));
#8569 = PCURVE('',#6395,#8570);
#8570 = DEFINITIONAL_REPRESENTATION('',(#8571),#8575);
#8571 = LINE('',#8572,#8573);
#8572 = CARTESIAN_POINT('',(-11.54235071964,-1.8));
#8573 = VECTOR('',#8574,1.);
#8574 = DIRECTION('',(1.,-0.));
#8575 = ( GEOMETRIC_REPRESENTATION_CONTEXT(2) 
PARAMETRIC_REPRESENTATION_CONTEXT() REPRESENTATION_CONTEXT('2D SPACE',''
  ) );
#8576 = PCURVE('',#8000,#8577);
#8577 = DEFINITIONAL_REPRESENTATION('',(#8578),#8586);
#8578 = ( BOUNDED_CURVE() B_SPLINE_CURVE(2,(#8579,#8580,#8581,#8582,
#8583,#8584,#8585),.UNSPECIFIED.,.T.,.F.) B_SPLINE_CURVE_WITH_KNOTS((1,2
    ,2,2,2,1),(-2.094395102393,0.,2.094395102393,4.188790204786,
6.28318530718,8.377580409573),.UNSPECIFIED.) CURVE() 
GEOMETRIC_REPRESENTATION_ITEM() RATIONAL_B_SPLINE_CURVE((1.,0.5,1.,0.5,
1.,0.5,1.)) REPRESENTATION_ITEM('') );
#8579 = CARTESIAN_POINT('',(2.859649909996,-4.698127541081));
#8580 = CARTESIAN_POINT('',(-5.277745691595,-9.651186477053));
#8581 = CARTESIAN_POINT('',(-5.498522755793,-0.127465697446));
#8582 = CARTESIAN_POINT('',(-5.719299819992,9.396255082161));
#8583 = CARTESIAN_POINT('',(2.638872845797,4.825593238527));
#8584 = CARTESIAN_POINT('',(10.997045511586,0.254931394892));
#8585 = CARTESIAN_POINT('',(2.859649909996,-4.698127541081));
#8586 = ( GEOMETRIC_REPRESENTATION_CONTEXT(2) 
PARAMETRIC_REPRESENTATION_CONTEXT() REPRESENTATION_CONTEXT('2D SPACE',''
  ) );
#8587 = ORIENTED_EDGE('',*,*,#8490,.T.);
#8588 = ADVANCED_FACE('',(#8589),#6423,.T.);
#8589 = FACE_BOUND('',#8590,.T.);
#8590 = EDGE_LOOP('',(#8591,#8592,#8593,#8614));
#8591 = ORIENTED_EDGE('',*,*,#6407,.F.);
#8592 = ORIENTED_EDGE('',*,*,#8539,.F.);
#8593 = ORIENTED_EDGE('',*,*,#8594,.T.);
#8594 = EDGE_CURVE('',#8540,#7963,#8595,.T.);
#8595 = SURFACE_CURVE('',#8596,(#8600,#8607),.PCURVE_S1.);
#8596 = LINE('',#8597,#8598);
#8597 = CARTESIAN_POINT('',(-28.99137802864,30.829855659733,1.8));
#8598 = VECTOR('',#8599,1.);
#8599 = DIRECTION('',(0.707106781187,-0.707106781187,0.));
#8600 = PCURVE('',#6423,#8601);
#8601 = DEFINITIONAL_REPRESENTATION('',(#8602),#8606);
#8602 = LINE('',#8603,#8604);
#8603 = CARTESIAN_POINT('',(1.8,0.));
#8604 = VECTOR('',#8605,1.);
#8605 = DIRECTION('',(0.,1.));
#8606 = ( GEOMETRIC_REPRESENTATION_CONTEXT(2) 
PARAMETRIC_REPRESENTATION_CONTEXT() REPRESENTATION_CONTEXT('2D SPACE',''
  ) );
#8607 = PCURVE('',#8000,#8608);
#8608 = DEFINITIONAL_REPRESENTATION('',(#8609),#8613);
#8609 = LINE('',#8610,#8611);
#8610 = CARTESIAN_POINT('',(4.596194077713,-2.757716446628));
#8611 = VECTOR('',#8612,1.);
#8612 = DIRECTION('',(0.707106781187,-0.707106781187));
#8613 = ( GEOMETRIC_REPRESENTATION_CONTEXT(2) 
PARAMETRIC_REPRESENTATION_CONTEXT() REPRESENTATION_CONTEXT('2D SPACE',''
  ) );
#8614 = ORIENTED_EDGE('',*,*,#7962,.T.);
#8615 = ADVANCED_FACE('',(#8616),#6476,.F.);
#8616 = FACE_BOUND('',#8617,.T.);
#8617 = EDGE_LOOP('',(#8618,#8641,#8663,#8664));
#8618 = ORIENTED_EDGE('',*,*,#8619,.T.);
#8619 = EDGE_CURVE('',#6460,#8620,#8622,.T.);
#8620 = VERTEX_POINT('',#8621);
#8621 = CARTESIAN_POINT('',(-30.70411972844,35.921024484277,1.8));
#8622 = SEAM_CURVE('',#8623,(#8627,#8634),.PCURVE_S1.);
#8623 = LINE('',#8624,#8625);
#8624 = CARTESIAN_POINT('',(-30.70411972844,35.921024484277,0.));
#8625 = VECTOR('',#8626,1.);
#8626 = DIRECTION('',(0.,0.,1.));
#8627 = PCURVE('',#6476,#8628);
#8628 = DEFINITIONAL_REPRESENTATION('',(#8629),#8633);
#8629 = LINE('',#8630,#8631);
#8630 = CARTESIAN_POINT('',(-0.,0.));
#8631 = VECTOR('',#8632,1.);
#8632 = DIRECTION('',(-0.,-1.));
#8633 = ( GEOMETRIC_REPRESENTATION_CONTEXT(2) 
PARAMETRIC_REPRESENTATION_CONTEXT() REPRESENTATION_CONTEXT('2D SPACE',''
  ) );
#8634 = PCURVE('',#6476,#8635);
#8635 = DEFINITIONAL_REPRESENTATION('',(#8636),#8640);
#8636 = LINE('',#8637,#8638);
#8637 = CARTESIAN_POINT('',(-6.28318530718,0.));
#8638 = VECTOR('',#8639,1.);
#8639 = DIRECTION('',(-0.,-1.));
#8640 = ( GEOMETRIC_REPRESENTATION_CONTEXT(2) 
PARAMETRIC_REPRESENTATION_CONTEXT() REPRESENTATION_CONTEXT('2D SPACE',''
  ) );
#8641 = ORIENTED_EDGE('',*,*,#8642,.T.);
#8642 = EDGE_CURVE('',#8620,#8620,#8643,.T.);
#8643 = SURFACE_CURVE('',#8644,(#8649,#8656),.PCURVE_S1.);
#8644 = CIRCLE('',#8645,0.55);
#8645 = AXIS2_PLACEMENT_3D('',#8646,#8647,#8648);
#8646 = CARTESIAN_POINT('',(-31.25411972844,35.921024484277,1.8));
#8647 = DIRECTION('',(0.,0.,1.));
#8648 = DIRECTION('',(1.,0.,0.));
#8649 = PCURVE('',#6476,#8650);
#8650 = DEFINITIONAL_REPRESENTATION('',(#8651),#8655);
#8651 = LINE('',#8652,#8653);
#8652 = CARTESIAN_POINT('',(-0.,-1.8));
#8653 = VECTOR('',#8654,1.);
#8654 = DIRECTION('',(-1.,0.));
#8655 = ( GEOMETRIC_REPRESENTATION_CONTEXT(2) 
PARAMETRIC_REPRESENTATION_CONTEXT() REPRESENTATION_CONTEXT('2D SPACE',''
  ) );
#8656 = PCURVE('',#8000,#8657);
#8657 = DEFINITIONAL_REPRESENTATION('',(#8658),#8662);
#8658 = CIRCLE('',#8659,0.55);
#8659 = AXIS2_PLACEMENT_2D('',#8660,#8661);
#8660 = CARTESIAN_POINT('',(2.333452377916,2.333452377916));
#8661 = DIRECTION('',(1.,0.));
#8662 = ( GEOMETRIC_REPRESENTATION_CONTEXT(2) 
PARAMETRIC_REPRESENTATION_CONTEXT() REPRESENTATION_CONTEXT('2D SPACE',''
  ) );
#8663 = ORIENTED_EDGE('',*,*,#8619,.F.);
#8664 = ORIENTED_EDGE('',*,*,#6459,.F.);
#8665 = ADVANCED_FACE('',(#8666),#6511,.F.);
#8666 = FACE_BOUND('',#8667,.F.);
#8667 = EDGE_LOOP('',(#8668,#8669,#8692,#8718));
#8668 = ORIENTED_EDGE('',*,*,#6490,.F.);
#8669 = ORIENTED_EDGE('',*,*,#8670,.F.);
#8670 = EDGE_CURVE('',#8671,#6491,#8673,.T.);
#8671 = VERTEX_POINT('',#8672);
#8672 = CARTESIAN_POINT('',(-34.38757210636,33.587572106361,1.8));
#8673 = SEAM_CURVE('',#8674,(#8678,#8685),.PCURVE_S1.);
#8674 = LINE('',#8675,#8676);
#8675 = CARTESIAN_POINT('',(-34.38757210636,33.587572106361,1.8));
#8676 = VECTOR('',#8677,1.);
#8677 = DIRECTION('',(0.,0.,-1.));
#8678 = PCURVE('',#6511,#8679);
#8679 = DEFINITIONAL_REPRESENTATION('',(#8680),#8684);
#8680 = LINE('',#8681,#8682);
#8681 = CARTESIAN_POINT('',(6.28318530718,-0.));
#8682 = VECTOR('',#8683,1.);
#8683 = DIRECTION('',(0.,1.));
#8684 = ( GEOMETRIC_REPRESENTATION_CONTEXT(2) 
PARAMETRIC_REPRESENTATION_CONTEXT() REPRESENTATION_CONTEXT('2D SPACE',''
  ) );
#8685 = PCURVE('',#6511,#8686);
#8686 = DEFINITIONAL_REPRESENTATION('',(#8687),#8691);
#8687 = LINE('',#8688,#8689);
#8688 = CARTESIAN_POINT('',(0.,-0.));
#8689 = VECTOR('',#8690,1.);
#8690 = DIRECTION('',(0.,1.));
#8691 = ( GEOMETRIC_REPRESENTATION_CONTEXT(2) 
PARAMETRIC_REPRESENTATION_CONTEXT() REPRESENTATION_CONTEXT('2D SPACE',''
  ) );
#8692 = ORIENTED_EDGE('',*,*,#8693,.T.);
#8693 = EDGE_CURVE('',#8671,#8671,#8694,.T.);
#8694 = SURFACE_CURVE('',#8695,(#8700,#8707),.PCURVE_S1.);
#8695 = CIRCLE('',#8696,0.8);
#8696 = AXIS2_PLACEMENT_3D('',#8697,#8698,#8699);
#8697 = CARTESIAN_POINT('',(-33.58757210636,33.587572106361,1.8));
#8698 = DIRECTION('',(0.,0.,-1.));
#8699 = DIRECTION('',(-1.,0.,0.));
#8700 = PCURVE('',#6511,#8701);
#8701 = DEFINITIONAL_REPRESENTATION('',(#8702),#8706);
#8702 = LINE('',#8703,#8704);
#8703 = CARTESIAN_POINT('',(0.,0.));
#8704 = VECTOR('',#8705,1.);
#8705 = DIRECTION('',(1.,0.));
#8706 = ( GEOMETRIC_REPRESENTATION_CONTEXT(2) 
PARAMETRIC_REPRESENTATION_CONTEXT() REPRESENTATION_CONTEXT('2D SPACE',''
  ) );
#8707 = PCURVE('',#8000,#8708);
#8708 = DEFINITIONAL_REPRESENTATION('',(#8709),#8717);
#8709 = ( BOUNDED_CURVE() B_SPLINE_CURVE(2,(#8710,#8711,#8712,#8713,
#8714,#8715,#8716),.UNSPECIFIED.,.T.,.F.) B_SPLINE_CURVE_WITH_KNOTS((1,2
    ,2,2,2,1),(-2.094395102393,0.,2.094395102393,4.188790204786,
6.28318530718,8.377580409573),.UNSPECIFIED.) CURVE() 
GEOMETRIC_REPRESENTATION_ITEM() RATIONAL_B_SPLINE_CURVE((1.,0.5,1.,0.5,
1.,0.5,1.)) REPRESENTATION_ITEM('') );
#8710 = CARTESIAN_POINT('',(-0.8,0.));
#8711 = CARTESIAN_POINT('',(-0.8,1.385640646055));
#8712 = CARTESIAN_POINT('',(0.4,0.692820323028));
#8713 = CARTESIAN_POINT('',(1.6,1.959434878636E-16));
#8714 = CARTESIAN_POINT('',(0.4,-0.692820323028));
#8715 = CARTESIAN_POINT('',(-0.8,-1.385640646055));
#8716 = CARTESIAN_POINT('',(-0.8,0.));
#8717 = ( GEOMETRIC_REPRESENTATION_CONTEXT(2) 
PARAMETRIC_REPRESENTATION_CONTEXT() REPRESENTATION_CONTEXT('2D SPACE',''
  ) );
#8718 = ORIENTED_EDGE('',*,*,#8670,.T.);
#8719 = ADVANCED_FACE('',(#8720),#6542,.F.);
#8720 = FACE_BOUND('',#8721,.T.);
#8721 = EDGE_LOOP('',(#8722,#8745,#8767,#8768));
#8722 = ORIENTED_EDGE('',*,*,#8723,.T.);
#8723 = EDGE_CURVE('',#6526,#8724,#8726,.T.);
#8724 = VERTEX_POINT('',#8725);
#8725 = CARTESIAN_POINT('',(-35.37102448427,35.921024484277,1.8));
#8726 = SEAM_CURVE('',#8727,(#8731,#8738),.PCURVE_S1.);
#8727 = LINE('',#8728,#8729);
#8728 = CARTESIAN_POINT('',(-35.37102448427,35.921024484277,0.));
#8729 = VECTOR('',#8730,1.);
#8730 = DIRECTION('',(0.,0.,1.));
#8731 = PCURVE('',#6542,#8732);
#8732 = DEFINITIONAL_REPRESENTATION('',(#8733),#8737);
#8733 = LINE('',#8734,#8735);
#8734 = CARTESIAN_POINT('',(-0.,0.));
#8735 = VECTOR('',#8736,1.);
#8736 = DIRECTION('',(-0.,-1.));
#8737 = ( GEOMETRIC_REPRESENTATION_CONTEXT(2) 
PARAMETRIC_REPRESENTATION_CONTEXT() REPRESENTATION_CONTEXT('2D SPACE',''
  ) );
#8738 = PCURVE('',#6542,#8739);
#8739 = DEFINITIONAL_REPRESENTATION('',(#8740),#8744);
#8740 = LINE('',#8741,#8742);
#8741 = CARTESIAN_POINT('',(-6.28318530718,0.));
#8742 = VECTOR('',#8743,1.);
#8743 = DIRECTION('',(-0.,-1.));
#8744 = ( GEOMETRIC_REPRESENTATION_CONTEXT(2) 
PARAMETRIC_REPRESENTATION_CONTEXT() REPRESENTATION_CONTEXT('2D SPACE',''
  ) );
#8745 = ORIENTED_EDGE('',*,*,#8746,.T.);
#8746 = EDGE_CURVE('',#8724,#8724,#8747,.T.);
#8747 = SURFACE_CURVE('',#8748,(#8753,#8760),.PCURVE_S1.);
#8748 = CIRCLE('',#8749,0.55);
#8749 = AXIS2_PLACEMENT_3D('',#8750,#8751,#8752);
#8750 = CARTESIAN_POINT('',(-35.92102448427,35.921024484277,1.8));
#8751 = DIRECTION('',(0.,0.,1.));
#8752 = DIRECTION('',(1.,0.,0.));
#8753 = PCURVE('',#6542,#8754);
#8754 = DEFINITIONAL_REPRESENTATION('',(#8755),#8759);
#8755 = LINE('',#8756,#8757);
#8756 = CARTESIAN_POINT('',(-0.,-1.8));
#8757 = VECTOR('',#8758,1.);
#8758 = DIRECTION('',(-1.,0.));
#8759 = ( GEOMETRIC_REPRESENTATION_CONTEXT(2) 
PARAMETRIC_REPRESENTATION_CONTEXT() REPRESENTATION_CONTEXT('2D SPACE',''
  ) );
#8760 = PCURVE('',#8000,#8761);
#8761 = DEFINITIONAL_REPRESENTATION('',(#8762),#8766);
#8762 = CIRCLE('',#8763,0.55);
#8763 = AXIS2_PLACEMENT_2D('',#8764,#8765);
#8764 = CARTESIAN_POINT('',(-2.333452377916,2.333452377916));
#8765 = DIRECTION('',(1.,0.));
#8766 = ( GEOMETRIC_REPRESENTATION_CONTEXT(2) 
PARAMETRIC_REPRESENTATION_CONTEXT() REPRESENTATION_CONTEXT('2D SPACE',''
  ) );
#8767 = ORIENTED_EDGE('',*,*,#8723,.F.);
#8768 = ORIENTED_EDGE('',*,*,#6525,.F.);
#8769 = ADVANCED_FACE('',(#8770),#6573,.F.);
#8770 = FACE_BOUND('',#8771,.T.);
#8771 = EDGE_LOOP('',(#8772,#8795,#8817,#8818));
#8772 = ORIENTED_EDGE('',*,*,#8773,.T.);
#8773 = EDGE_CURVE('',#6557,#8774,#8776,.T.);
#8774 = VERTEX_POINT('',#8775);
#8775 = CARTESIAN_POINT('',(-30.70411972844,31.254119728445,1.8));
#8776 = SEAM_CURVE('',#8777,(#8781,#8788),.PCURVE_S1.);
#8777 = LINE('',#8778,#8779);
#8778 = CARTESIAN_POINT('',(-30.70411972844,31.254119728445,0.));
#8779 = VECTOR('',#8780,1.);
#8780 = DIRECTION('',(0.,0.,1.));
#8781 = PCURVE('',#6573,#8782);
#8782 = DEFINITIONAL_REPRESENTATION('',(#8783),#8787);
#8783 = LINE('',#8784,#8785);
#8784 = CARTESIAN_POINT('',(-0.,0.));
#8785 = VECTOR('',#8786,1.);
#8786 = DIRECTION('',(-0.,-1.));
#8787 = ( GEOMETRIC_REPRESENTATION_CONTEXT(2) 
PARAMETRIC_REPRESENTATION_CONTEXT() REPRESENTATION_CONTEXT('2D SPACE',''
  ) );
#8788 = PCURVE('',#6573,#8789);
#8789 = DEFINITIONAL_REPRESENTATION('',(#8790),#8794);
#8790 = LINE('',#8791,#8792);
#8791 = CARTESIAN_POINT('',(-6.28318530718,0.));
#8792 = VECTOR('',#8793,1.);
#8793 = DIRECTION('',(-0.,-1.));
#8794 = ( GEOMETRIC_REPRESENTATION_CONTEXT(2) 
PARAMETRIC_REPRESENTATION_CONTEXT() REPRESENTATION_CONTEXT('2D SPACE',''
  ) );
#8795 = ORIENTED_EDGE('',*,*,#8796,.T.);
#8796 = EDGE_CURVE('',#8774,#8774,#8797,.T.);
#8797 = SURFACE_CURVE('',#8798,(#8803,#8810),.PCURVE_S1.);
#8798 = CIRCLE('',#8799,0.55);
#8799 = AXIS2_PLACEMENT_3D('',#8800,#8801,#8802);
#8800 = CARTESIAN_POINT('',(-31.25411972844,31.254119728445,1.8));
#8801 = DIRECTION('',(0.,0.,1.));
#8802 = DIRECTION('',(1.,0.,0.));
#8803 = PCURVE('',#6573,#8804);
#8804 = DEFINITIONAL_REPRESENTATION('',(#8805),#8809);
#8805 = LINE('',#8806,#8807);
#8806 = CARTESIAN_POINT('',(-0.,-1.8));
#8807 = VECTOR('',#8808,1.);
#8808 = DIRECTION('',(-1.,0.));
#8809 = ( GEOMETRIC_REPRESENTATION_CONTEXT(2) 
PARAMETRIC_REPRESENTATION_CONTEXT() REPRESENTATION_CONTEXT('2D SPACE',''
  ) );
#8810 = PCURVE('',#8000,#8811);
#8811 = DEFINITIONAL_REPRESENTATION('',(#8812),#8816);
#8812 = CIRCLE('',#8813,0.55);
#8813 = AXIS2_PLACEMENT_2D('',#8814,#8815);
#8814 = CARTESIAN_POINT('',(2.333452377916,-2.333452377916));
#8815 = DIRECTION('',(1.,0.));
#8816 = ( GEOMETRIC_REPRESENTATION_CONTEXT(2) 
PARAMETRIC_REPRESENTATION_CONTEXT() REPRESENTATION_CONTEXT('2D SPACE',''
  ) );
#8817 = ORIENTED_EDGE('',*,*,#8773,.F.);
#8818 = ORIENTED_EDGE('',*,*,#6556,.F.);
#8819 = ADVANCED_FACE('',(#8820),#6604,.F.);
#8820 = FACE_BOUND('',#8821,.T.);
#8821 = EDGE_LOOP('',(#8822,#8845,#8867,#8868));
#8822 = ORIENTED_EDGE('',*,*,#8823,.T.);
#8823 = EDGE_CURVE('',#6588,#8824,#8826,.T.);
#8824 = VERTEX_POINT('',#8825);
#8825 = CARTESIAN_POINT('',(-35.37102448427,31.254119728445,1.8));
#8826 = SEAM_CURVE('',#8827,(#8831,#8838),.PCURVE_S1.);
#8827 = LINE('',#8828,#8829);
#8828 = CARTESIAN_POINT('',(-35.37102448427,31.254119728445,0.));
#8829 = VECTOR('',#8830,1.);
#8830 = DIRECTION('',(0.,0.,1.));
#8831 = PCURVE('',#6604,#8832);
#8832 = DEFINITIONAL_REPRESENTATION('',(#8833),#8837);
#8833 = LINE('',#8834,#8835);
#8834 = CARTESIAN_POINT('',(-0.,0.));
#8835 = VECTOR('',#8836,1.);
#8836 = DIRECTION('',(-0.,-1.));
#8837 = ( GEOMETRIC_REPRESENTATION_CONTEXT(2) 
PARAMETRIC_REPRESENTATION_CONTEXT() REPRESENTATION_CONTEXT('2D SPACE',''
  ) );
#8838 = PCURVE('',#6604,#8839);
#8839 = DEFINITIONAL_REPRESENTATION('',(#8840),#8844);
#8840 = LINE('',#8841,#8842);
#8841 = CARTESIAN_POINT('',(-6.28318530718,0.));
#8842 = VECTOR('',#8843,1.);
#8843 = DIRECTION('',(-0.,-1.));
#8844 = ( GEOMETRIC_REPRESENTATION_CONTEXT(2) 
PARAMETRIC_REPRESENTATION_CONTEXT() REPRESENTATION_CONTEXT('2D SPACE',''
  ) );
#8845 = ORIENTED_EDGE('',*,*,#8846,.T.);
#8846 = EDGE_CURVE('',#8824,#8824,#8847,.T.);
#8847 = SURFACE_CURVE('',#8848,(#8853,#8860),.PCURVE_S1.);
#8848 = CIRCLE('',#8849,0.55);
#8849 = AXIS2_PLACEMENT_3D('',#8850,#8851,#8852);
#8850 = CARTESIAN_POINT('',(-35.92102448427,31.254119728445,1.8));
#8851 = DIRECTION('',(0.,0.,1.));
#8852 = DIRECTION('',(1.,0.,0.));
#8853 = PCURVE('',#6604,#8854);
#8854 = DEFINITIONAL_REPRESENTATION('',(#8855),#8859);
#8855 = LINE('',#8856,#8857);
#8856 = CARTESIAN_POINT('',(-0.,-1.8));
#8857 = VECTOR('',#8858,1.);
#8858 = DIRECTION('',(-1.,0.));
#8859 = ( GEOMETRIC_REPRESENTATION_CONTEXT(2) 
PARAMETRIC_REPRESENTATION_CONTEXT() REPRESENTATION_CONTEXT('2D SPACE',''
  ) );
#8860 = PCURVE('',#8000,#8861);
#8861 = DEFINITIONAL_REPRESENTATION('',(#8862),#8866);
#8862 = CIRCLE('',#8863,0.55);
#8863 = AXIS2_PLACEMENT_2D('',#8864,#8865);
#8864 = CARTESIAN_POINT('',(-2.333452377916,-2.333452377916));
#8865 = DIRECTION('',(1.,0.));
#8866 = ( GEOMETRIC_REPRESENTATION_CONTEXT(2) 
PARAMETRIC_REPRESENTATION_CONTEXT() REPRESENTATION_CONTEXT('2D SPACE',''
  ) );
#8867 = ORIENTED_EDGE('',*,*,#8823,.F.);
#8868 = ORIENTED_EDGE('',*,*,#6587,.F.);
#8869 = ADVANCED_FACE('',(#8870,#8873),#6658,.T.);
#8870 = FACE_BOUND('',#8871,.T.);
#8871 = EDGE_LOOP('',(#8872));
#8872 = ORIENTED_EDGE('',*,*,#6643,.T.);
#8873 = FACE_BOUND('',#8874,.T.);
#8874 = EDGE_LOOP('',(#8875));
#8875 = ORIENTED_EDGE('',*,*,#8876,.F.);
#8876 = EDGE_CURVE('',#8877,#8877,#8879,.T.);
#8877 = VERTEX_POINT('',#8878);
#8878 = CARTESIAN_POINT('',(62.687572106361,-33.58757210636,11.));
#8879 = SURFACE_CURVE('',#8880,(#8885,#8892),.PCURVE_S1.);
#8880 = CIRCLE('',#8881,29.1);
#8881 = AXIS2_PLACEMENT_3D('',#8882,#8883,#8884);
#8882 = CARTESIAN_POINT('',(33.587572106361,-33.58757210636,11.));
#8883 = DIRECTION('',(0.,0.,1.));
#8884 = DIRECTION('',(1.,0.,-0.));
#8885 = PCURVE('',#6658,#8886);
#8886 = DEFINITIONAL_REPRESENTATION('',(#8887),#8891);
#8887 = CIRCLE('',#8888,29.1);
#8888 = AXIS2_PLACEMENT_2D('',#8889,#8890);
#8889 = CARTESIAN_POINT('',(0.,0.));
#8890 = DIRECTION('',(1.,0.));
#8891 = ( GEOMETRIC_REPRESENTATION_CONTEXT(2) 
PARAMETRIC_REPRESENTATION_CONTEXT() REPRESENTATION_CONTEXT('2D SPACE',''
  ) );
#8892 = PCURVE('',#8893,#8898);
#8893 = CONICAL_SURFACE('',#8894,29.1,0.832981266674);
#8894 = AXIS2_PLACEMENT_3D('',#8895,#8896,#8897);
#8895 = CARTESIAN_POINT('',(33.587572106361,-33.58757210636,11.));
#8896 = DIRECTION('',(0.,0.,1.));
#8897 = DIRECTION('',(1.,0.,0.));
#8898 = DEFINITIONAL_REPRESENTATION('',(#8899),#8903);
#8899 = LINE('',#8900,#8901);
#8900 = CARTESIAN_POINT('',(0.,-0.));
#8901 = VECTOR('',#8902,1.);
#8902 = DIRECTION('',(1.,-0.));
#8903 = ( GEOMETRIC_REPRESENTATION_CONTEXT(2) 
PARAMETRIC_REPRESENTATION_CONTEXT() REPRESENTATION_CONTEXT('2D SPACE',''
  ) );
#8904 = ADVANCED_FACE('',(#8905,#8919,#8922,#8925,#8928,#8931),#6712,.T.
  );
#8905 = FACE_BOUND('',#8906,.T.);
#8906 = EDGE_LOOP('',(#8907,#8908,#8909,#8910,#8911,#8912,#8913,#8914,
    #8915,#8916,#8917,#8918));
#8907 = ORIENTED_EDGE('',*,*,#7144,.F.);
#8908 = ORIENTED_EDGE('',*,*,#7095,.T.);
#8909 = ORIENTED_EDGE('',*,*,#6769,.F.);
#8910 = ORIENTED_EDGE('',*,*,#7046,.F.);
#8911 = ORIENTED_EDGE('',*,*,#7014,.F.);
#8912 = ORIENTED_EDGE('',*,*,#6965,.T.);
#8913 = ORIENTED_EDGE('',*,*,#6695,.F.);
#8914 = ORIENTED_EDGE('',*,*,#7306,.F.);
#8915 = ORIENTED_EDGE('',*,*,#7274,.F.);
#8916 = ORIENTED_EDGE('',*,*,#7225,.T.);
#8917 = ORIENTED_EDGE('',*,*,#6838,.F.);
#8918 = ORIENTED_EDGE('',*,*,#7176,.F.);
#8919 = FACE_BOUND('',#8920,.T.);
#8920 = EDGE_LOOP('',(#8921));
#8921 = ORIENTED_EDGE('',*,*,#7558,.F.);
#8922 = FACE_BOUND('',#8923,.T.);
#8923 = EDGE_LOOP('',(#8924));
#8924 = ORIENTED_EDGE('',*,*,#7508,.F.);
#8925 = FACE_BOUND('',#8926,.T.);
#8926 = EDGE_LOOP('',(#8927));
#8927 = ORIENTED_EDGE('',*,*,#7458,.F.);
#8928 = FACE_BOUND('',#8929,.T.);
#8929 = EDGE_LOOP('',(#8930));
#8930 = ORIENTED_EDGE('',*,*,#7405,.T.);
#8931 = FACE_BOUND('',#8932,.T.);
#8932 = EDGE_LOOP('',(#8933));
#8933 = ORIENTED_EDGE('',*,*,#7354,.F.);
#8934 = ADVANCED_FACE('',(#8935),#6924,.F.);
#8935 = FACE_BOUND('',#8936,.T.);
#8936 = EDGE_LOOP('',(#8937,#8961,#8982,#8983));
#8937 = ORIENTED_EDGE('',*,*,#8938,.T.);
#8938 = EDGE_CURVE('',#8939,#8939,#8941,.T.);
#8939 = VERTEX_POINT('',#8940);
#8940 = CARTESIAN_POINT('',(61.587572106361,-33.58757210636,10.));
#8941 = SURFACE_CURVE('',#8942,(#8947,#8954),.PCURVE_S1.);
#8942 = CIRCLE('',#8943,28.);
#8943 = AXIS2_PLACEMENT_3D('',#8944,#8945,#8946);
#8944 = CARTESIAN_POINT('',(33.587572106361,-33.58757210636,10.));
#8945 = DIRECTION('',(0.,0.,1.));
#8946 = DIRECTION('',(1.,0.,-0.));
#8947 = PCURVE('',#6924,#8948);
#8948 = DEFINITIONAL_REPRESENTATION('',(#8949),#8953);
#8949 = LINE('',#8950,#8951);
#8950 = CARTESIAN_POINT('',(0.,-0.));
#8951 = VECTOR('',#8952,1.);
#8952 = DIRECTION('',(1.,-0.));
#8953 = ( GEOMETRIC_REPRESENTATION_CONTEXT(2) 
PARAMETRIC_REPRESENTATION_CONTEXT() REPRESENTATION_CONTEXT('2D SPACE',''
  ) );
#8954 = PCURVE('',#8893,#8955);
#8955 = DEFINITIONAL_REPRESENTATION('',(#8956),#8960);
#8956 = LINE('',#8957,#8958);
#8957 = CARTESIAN_POINT('',(0.,-1.));
#8958 = VECTOR('',#8959,1.);
#8959 = DIRECTION('',(1.,-0.));
#8960 = ( GEOMETRIC_REPRESENTATION_CONTEXT(2) 
PARAMETRIC_REPRESENTATION_CONTEXT() REPRESENTATION_CONTEXT('2D SPACE',''
  ) );
#8961 = ORIENTED_EDGE('',*,*,#8962,.T.);
#8962 = EDGE_CURVE('',#8939,#6887,#8963,.T.);
#8963 = SEAM_CURVE('',#8964,(#8968,#8975),.PCURVE_S1.);
#8964 = LINE('',#8965,#8966);
#8965 = CARTESIAN_POINT('',(61.587572106361,-33.58757210636,10.));
#8966 = VECTOR('',#8967,1.);
#8967 = DIRECTION('',(-0.490261239633,0.,-0.871575537125));
#8968 = PCURVE('',#6924,#8969);
#8969 = DEFINITIONAL_REPRESENTATION('',(#8970),#8974);
#8970 = LINE('',#8971,#8972);
#8971 = CARTESIAN_POINT('',(0.,-0.));
#8972 = VECTOR('',#8973,1.);
#8973 = DIRECTION('',(0.,-1.));
#8974 = ( GEOMETRIC_REPRESENTATION_CONTEXT(2) 
PARAMETRIC_REPRESENTATION_CONTEXT() REPRESENTATION_CONTEXT('2D SPACE',''
  ) );
#8975 = PCURVE('',#6924,#8976);
#8976 = DEFINITIONAL_REPRESENTATION('',(#8977),#8981);
#8977 = LINE('',#8978,#8979);
#8978 = CARTESIAN_POINT('',(6.28318530718,-0.));
#8979 = VECTOR('',#8980,1.);
#8980 = DIRECTION('',(0.,-1.));
#8981 = ( GEOMETRIC_REPRESENTATION_CONTEXT(2) 
PARAMETRIC_REPRESENTATION_CONTEXT() REPRESENTATION_CONTEXT('2D SPACE',''
  ) );
#8982 = ORIENTED_EDGE('',*,*,#6909,.F.);
#8983 = ORIENTED_EDGE('',*,*,#8962,.F.);
#8984 = ADVANCED_FACE('',(#8985,#8988),#7624,.T.);
#8985 = FACE_BOUND('',#8986,.T.);
#8986 = EDGE_LOOP('',(#8987));
#8987 = ORIENTED_EDGE('',*,*,#7609,.T.);
#8988 = FACE_BOUND('',#8989,.T.);
#8989 = EDGE_LOOP('',(#8990));
#8990 = ORIENTED_EDGE('',*,*,#8991,.F.);
#8991 = EDGE_CURVE('',#8992,#8992,#8994,.T.);
#8992 = VERTEX_POINT('',#8993);
#8993 = CARTESIAN_POINT('',(62.687572106361,33.587572106361,11.));
#8994 = SURFACE_CURVE('',#8995,(#9000,#9007),.PCURVE_S1.);
#8995 = CIRCLE('',#8996,29.1);
#8996 = AXIS2_PLACEMENT_3D('',#8997,#8998,#8999);
#8997 = CARTESIAN_POINT('',(33.587572106361,33.587572106361,11.));
#8998 = DIRECTION('',(0.,0.,1.));
#8999 = DIRECTION('',(1.,0.,-0.));
#9000 = PCURVE('',#7624,#9001);
#9001 = DEFINITIONAL_REPRESENTATION('',(#9002),#9006);
#9002 = CIRCLE('',#9003,29.1);
#9003 = AXIS2_PLACEMENT_2D('',#9004,#9005);
#9004 = CARTESIAN_POINT('',(0.,0.));
#9005 = DIRECTION('',(1.,0.));
#9006 = ( GEOMETRIC_REPRESENTATION_CONTEXT(2) 
PARAMETRIC_REPRESENTATION_CONTEXT() REPRESENTATION_CONTEXT('2D SPACE',''
  ) );
#9007 = PCURVE('',#9008,#9013);
#9008 = CONICAL_SURFACE('',#9009,29.1,0.832981266674);
#9009 = AXIS2_PLACEMENT_3D('',#9010,#9011,#9012);
#9010 = CARTESIAN_POINT('',(33.587572106361,33.587572106361,11.));
#9011 = DIRECTION('',(0.,0.,1.));
#9012 = DIRECTION('',(1.,0.,0.));
#9013 = DEFINITIONAL_REPRESENTATION('',(#9014),#9018);
#9014 = LINE('',#9015,#9016);
#9015 = CARTESIAN_POINT('',(0.,-0.));
#9016 = VECTOR('',#9017,1.);
#9017 = DIRECTION('',(1.,-0.));
#9018 = ( GEOMETRIC_REPRESENTATION_CONTEXT(2) 
PARAMETRIC_REPRESENTATION_CONTEXT() REPRESENTATION_CONTEXT('2D SPACE',''
  ) );
#9019 = ADVANCED_FACE('',(#9020),#5843,.T.);
#9020 = FACE_BOUND('',#9021,.T.);
#9021 = EDGE_LOOP('',(#9022,#9023,#9046,#9067));
#9022 = ORIENTED_EDGE('',*,*,#5827,.F.);
#9023 = ORIENTED_EDGE('',*,*,#9024,.F.);
#9024 = EDGE_CURVE('',#9025,#5799,#9027,.T.);
#9025 = VERTEX_POINT('',#9026);
#9026 = CARTESIAN_POINT('',(39.086094862154,33.460106408915,1.8));
#9027 = SURFACE_CURVE('',#9028,(#9032,#9039),.PCURVE_S1.);
#9028 = LINE('',#9029,#9030);
#9029 = CARTESIAN_POINT('',(39.086094862154,33.460106408915,0.));
#9030 = VECTOR('',#9031,1.);
#9031 = DIRECTION('',(-0.,-0.,-1.));
#9032 = PCURVE('',#5843,#9033);
#9033 = DEFINITIONAL_REPRESENTATION('',(#9034),#9038);
#9034 = LINE('',#9035,#9036);
#9035 = CARTESIAN_POINT('',(0.,0.144155686355));
#9036 = VECTOR('',#9037,1.);
#9037 = DIRECTION('',(-1.,0.));
#9038 = ( GEOMETRIC_REPRESENTATION_CONTEXT(2) 
PARAMETRIC_REPRESENTATION_CONTEXT() REPRESENTATION_CONTEXT('2D SPACE',''
  ) );
#9039 = PCURVE('',#5815,#9040);
#9040 = DEFINITIONAL_REPRESENTATION('',(#9041),#9045);
#9041 = LINE('',#9042,#9043);
#9042 = CARTESIAN_POINT('',(-6.260007650694,0.));
#9043 = VECTOR('',#9044,1.);
#9044 = DIRECTION('',(-0.,1.));
#9045 = ( GEOMETRIC_REPRESENTATION_CONTEXT(2) 
PARAMETRIC_REPRESENTATION_CONTEXT() REPRESENTATION_CONTEXT('2D SPACE',''
  ) );
#9046 = ORIENTED_EDGE('',*,*,#9047,.T.);
#9047 = EDGE_CURVE('',#9025,#7641,#9048,.T.);
#9048 = SURFACE_CURVE('',#9049,(#9053,#9060),.PCURVE_S1.);
#9049 = LINE('',#9050,#9051);
#9050 = CARTESIAN_POINT('',(38.946851161697,33.497416646004,1.8));
#9051 = VECTOR('',#9052,1.);
#9052 = DIRECTION('',(0.965925826289,-0.258819045103,0.));
#9053 = PCURVE('',#5843,#9054);
#9054 = DEFINITIONAL_REPRESENTATION('',(#9055),#9059);
#9055 = LINE('',#9056,#9057);
#9056 = CARTESIAN_POINT('',(1.8,0.));
#9057 = VECTOR('',#9058,1.);
#9058 = DIRECTION('',(0.,1.));
#9059 = ( GEOMETRIC_REPRESENTATION_CONTEXT(2) 
PARAMETRIC_REPRESENTATION_CONTEXT() REPRESENTATION_CONTEXT('2D SPACE',''
  ) );
#9060 = PCURVE('',#7678,#9061);
#9061 = DEFINITIONAL_REPRESENTATION('',(#9062),#9066);
#9062 = LINE('',#9063,#9064);
#9063 = CARTESIAN_POINT('',(5.359279055336,-9.015546035732E-02));
#9064 = VECTOR('',#9065,1.);
#9065 = DIRECTION('',(0.965925826289,-0.258819045103));
#9066 = ( GEOMETRIC_REPRESENTATION_CONTEXT(2) 
PARAMETRIC_REPRESENTATION_CONTEXT() REPRESENTATION_CONTEXT('2D SPACE',''
  ) );
#9067 = ORIENTED_EDGE('',*,*,#7640,.T.);
#9068 = ADVANCED_FACE('',(#9069),#5815,.T.);
#9069 = FACE_BOUND('',#9070,.F.);
#9070 = EDGE_LOOP('',(#9071,#9072,#9073,#9101));
#9071 = ORIENTED_EDGE('',*,*,#5798,.F.);
#9072 = ORIENTED_EDGE('',*,*,#9024,.F.);
#9073 = ORIENTED_EDGE('',*,*,#9074,.F.);
#9074 = EDGE_CURVE('',#9075,#9025,#9077,.T.);
#9075 = VERTEX_POINT('',#9076);
#9076 = CARTESIAN_POINT('',(33.460106408915,39.086094862154,1.8));
#9077 = SURFACE_CURVE('',#9078,(#9083,#9090),.PCURVE_S1.);
#9078 = CIRCLE('',#9079,5.5);
#9079 = AXIS2_PLACEMENT_3D('',#9080,#9081,#9082);
#9080 = CARTESIAN_POINT('',(33.587572106361,33.587572106361,1.8));
#9081 = DIRECTION('',(-0.,0.,-1.));
#9082 = DIRECTION('',(-0.854205007469,-0.519936347272,0.));
#9083 = PCURVE('',#5815,#9084);
#9084 = DEFINITIONAL_REPRESENTATION('',(#9085),#9089);
#9085 = LINE('',#9086,#9087);
#9086 = CARTESIAN_POINT('',(-9.971554392853,-1.8));
#9087 = VECTOR('',#9088,1.);
#9088 = DIRECTION('',(1.,-0.));
#9089 = ( GEOMETRIC_REPRESENTATION_CONTEXT(2) 
PARAMETRIC_REPRESENTATION_CONTEXT() REPRESENTATION_CONTEXT('2D SPACE',''
  ) );
#9090 = PCURVE('',#7678,#9091);
#9091 = DEFINITIONAL_REPRESENTATION('',(#9092),#9100);
#9092 = ( BOUNDED_CURVE() B_SPLINE_CURVE(2,(#9093,#9094,#9095,#9096,
#9097,#9098,#9099),.UNSPECIFIED.,.T.,.F.) B_SPLINE_CURVE_WITH_KNOTS((1,2
    ,2,2,2,1),(-2.094395102393,0.,2.094395102393,4.188790204786,
6.28318530718,8.377580409573),.UNSPECIFIED.) CURVE() 
GEOMETRIC_REPRESENTATION_ITEM() RATIONAL_B_SPLINE_CURVE((1.,0.5,1.,0.5,
1.,0.5,1.)) REPRESENTATION_ITEM('') );
#9093 = CARTESIAN_POINT('',(-4.698127541081,-2.859649909996));
#9094 = CARTESIAN_POINT('',(-9.651186477053,5.277745691595));
#9095 = CARTESIAN_POINT('',(-0.127465697446,5.498522755793));
#9096 = CARTESIAN_POINT('',(9.396255082161,5.719299819992));
#9097 = CARTESIAN_POINT('',(4.825593238527,-2.638872845797));
#9098 = CARTESIAN_POINT('',(0.254931394892,-10.99704551158));
#9099 = CARTESIAN_POINT('',(-4.698127541081,-2.859649909996));
#9100 = ( GEOMETRIC_REPRESENTATION_CONTEXT(2) 
PARAMETRIC_REPRESENTATION_CONTEXT() REPRESENTATION_CONTEXT('2D SPACE',''
  ) );
#9101 = ORIENTED_EDGE('',*,*,#9102,.T.);
#9102 = EDGE_CURVE('',#9075,#5771,#9103,.T.);
#9103 = SURFACE_CURVE('',#9104,(#9108,#9115),.PCURVE_S1.);
#9104 = LINE('',#9105,#9106);
#9105 = CARTESIAN_POINT('',(33.460106408915,39.086094862154,0.));
#9106 = VECTOR('',#9107,1.);
#9107 = DIRECTION('',(-0.,-0.,-1.));
#9108 = PCURVE('',#5815,#9109);
#9109 = DEFINITIONAL_REPRESENTATION('',(#9110),#9114);
#9110 = LINE('',#9111,#9112);
#9111 = CARTESIAN_POINT('',(-7.87715929046,0.));
#9112 = VECTOR('',#9113,1.);
#9113 = DIRECTION('',(-0.,1.));
#9114 = ( GEOMETRIC_REPRESENTATION_CONTEXT(2) 
PARAMETRIC_REPRESENTATION_CONTEXT() REPRESENTATION_CONTEXT('2D SPACE',''
  ) );
#9115 = PCURVE('',#5786,#9116);
#9116 = DEFINITIONAL_REPRESENTATION('',(#9117),#9121);
#9117 = LINE('',#9118,#9119);
#9118 = CARTESIAN_POINT('',(0.,0.144155686355));
#9119 = VECTOR('',#9120,1.);
#9120 = DIRECTION('',(-1.,0.));
#9121 = ( GEOMETRIC_REPRESENTATION_CONTEXT(2) 
PARAMETRIC_REPRESENTATION_CONTEXT() REPRESENTATION_CONTEXT('2D SPACE',''
  ) );
#9122 = ADVANCED_FACE('',(#9123),#5786,.F.);
#9123 = FACE_BOUND('',#9124,.F.);
#9124 = EDGE_LOOP('',(#9125,#9126,#9127,#9148));
#9125 = ORIENTED_EDGE('',*,*,#5770,.F.);
#9126 = ORIENTED_EDGE('',*,*,#9102,.F.);
#9127 = ORIENTED_EDGE('',*,*,#9128,.T.);
#9128 = EDGE_CURVE('',#9075,#7805,#9129,.T.);
#9129 = SURFACE_CURVE('',#9130,(#9134,#9141),.PCURVE_S1.);
#9130 = LINE('',#9131,#9132);
#9131 = CARTESIAN_POINT('',(33.497416646004,38.946851161697,1.8));
#9132 = VECTOR('',#9133,1.);
#9133 = DIRECTION('',(-0.258819045103,0.965925826289,0.));
#9134 = PCURVE('',#5786,#9135);
#9135 = DEFINITIONAL_REPRESENTATION('',(#9136),#9140);
#9136 = LINE('',#9137,#9138);
#9137 = CARTESIAN_POINT('',(1.8,0.));
#9138 = VECTOR('',#9139,1.);
#9139 = DIRECTION('',(0.,1.));
#9140 = ( GEOMETRIC_REPRESENTATION_CONTEXT(2) 
PARAMETRIC_REPRESENTATION_CONTEXT() REPRESENTATION_CONTEXT('2D SPACE',''
  ) );
#9141 = PCURVE('',#7678,#9142);
#9142 = DEFINITIONAL_REPRESENTATION('',(#9143),#9147);
#9143 = LINE('',#9144,#9145);
#9144 = CARTESIAN_POINT('',(-9.015546035732E-02,5.359279055336));
#9145 = VECTOR('',#9146,1.);
#9146 = DIRECTION('',(-0.258819045103,0.965925826289));
#9147 = ( GEOMETRIC_REPRESENTATION_CONTEXT(2) 
PARAMETRIC_REPRESENTATION_CONTEXT() REPRESENTATION_CONTEXT('2D SPACE',''
  ) );
#9148 = ORIENTED_EDGE('',*,*,#7832,.T.);
#9149 = ADVANCED_FACE('',(#9150),#5730,.T.);
#9150 = FACE_BOUND('',#9151,.T.);
#9151 = EDGE_LOOP('',(#9152,#9153,#9176,#9197));
#9152 = ORIENTED_EDGE('',*,*,#5716,.F.);
#9153 = ORIENTED_EDGE('',*,*,#9154,.F.);
#9154 = EDGE_CURVE('',#9155,#5688,#9157,.T.);
#9155 = VERTEX_POINT('',#9156);
#9156 = CARTESIAN_POINT('',(30.948699260564,38.413165344887,1.8));
#9157 = SURFACE_CURVE('',#9158,(#9162,#9169),.PCURVE_S1.);
#9158 = LINE('',#9159,#9160);
#9159 = CARTESIAN_POINT('',(30.948699260564,38.413165344888,0.));
#9160 = VECTOR('',#9161,1.);
#9161 = DIRECTION('',(-0.,-0.,-1.));
#9162 = PCURVE('',#5730,#9163);
#9163 = DEFINITIONAL_REPRESENTATION('',(#9164),#9168);
#9164 = LINE('',#9165,#9166);
#9165 = CARTESIAN_POINT('',(0.,0.144155686355));
#9166 = VECTOR('',#9167,1.);
#9167 = DIRECTION('',(-1.,0.));
#9168 = ( GEOMETRIC_REPRESENTATION_CONTEXT(2) 
PARAMETRIC_REPRESENTATION_CONTEXT() REPRESENTATION_CONTEXT('2D SPACE',''
  ) );
#9169 = PCURVE('',#5704,#9170);
#9170 = DEFINITIONAL_REPRESENTATION('',(#9171),#9175);
#9171 = LINE('',#9172,#9173);
#9172 = CARTESIAN_POINT('',(-8.354402753087,0.));
#9173 = VECTOR('',#9174,1.);
#9174 = DIRECTION('',(-0.,1.));
#9175 = ( GEOMETRIC_REPRESENTATION_CONTEXT(2) 
PARAMETRIC_REPRESENTATION_CONTEXT() REPRESENTATION_CONTEXT('2D SPACE',''
  ) );
#9176 = ORIENTED_EDGE('',*,*,#9177,.T.);
#9177 = EDGE_CURVE('',#9155,#7784,#9178,.T.);
#9178 = SURFACE_CURVE('',#9179,(#9183,#9190),.PCURVE_S1.);
#9179 = LINE('',#9180,#9181);
#9180 = CARTESIAN_POINT('',(30.986009497652,38.273921644431,1.8));
#9181 = VECTOR('',#9182,1.);
#9182 = DIRECTION('',(-0.258819045103,0.965925826289,0.));
#9183 = PCURVE('',#5730,#9184);
#9184 = DEFINITIONAL_REPRESENTATION('',(#9185),#9189);
#9185 = LINE('',#9186,#9187);
#9186 = CARTESIAN_POINT('',(1.8,0.));
#9187 = VECTOR('',#9188,1.);
#9188 = DIRECTION('',(0.,1.));
#9189 = ( GEOMETRIC_REPRESENTATION_CONTEXT(2) 
PARAMETRIC_REPRESENTATION_CONTEXT() REPRESENTATION_CONTEXT('2D SPACE',''
  ) );
#9190 = PCURVE('',#7678,#9191);
#9191 = DEFINITIONAL_REPRESENTATION('',(#9192),#9196);
#9192 = LINE('',#9193,#9194);
#9193 = CARTESIAN_POINT('',(-2.601562608709,4.68634953807));
#9194 = VECTOR('',#9195,1.);
#9195 = DIRECTION('',(-0.258819045103,0.965925826289));
#9196 = ( GEOMETRIC_REPRESENTATION_CONTEXT(2) 
PARAMETRIC_REPRESENTATION_CONTEXT() REPRESENTATION_CONTEXT('2D SPACE',''
  ) );
#9197 = ORIENTED_EDGE('',*,*,#7783,.T.);
#9198 = ADVANCED_FACE('',(#9199),#5704,.T.);
#9199 = FACE_BOUND('',#9200,.F.);
#9200 = EDGE_LOOP('',(#9201,#9202,#9203,#9231));
#9201 = ORIENTED_EDGE('',*,*,#5687,.F.);
#9202 = ORIENTED_EDGE('',*,*,#9154,.F.);
#9203 = ORIENTED_EDGE('',*,*,#9204,.F.);
#9204 = EDGE_CURVE('',#9205,#9155,#9207,.T.);
#9205 = VERTEX_POINT('',#9206);
#9206 = CARTESIAN_POINT('',(28.88944456528,30.727922196365,1.8));
#9207 = SURFACE_CURVE('',#9208,(#9213,#9220),.PCURVE_S1.);
#9208 = CIRCLE('',#9209,5.5);
#9209 = AXIS2_PLACEMENT_3D('',#9210,#9211,#9212);
#9210 = CARTESIAN_POINT('',(33.587572106361,33.587572106361,1.8));
#9211 = DIRECTION('',(-0.,0.,-1.));
#9212 = DIRECTION('',(-0.854205007469,-0.519936347272,0.));
#9213 = PCURVE('',#5704,#9214);
#9214 = DEFINITIONAL_REPRESENTATION('',(#9215),#9219);
#9215 = LINE('',#9216,#9217);
#9216 = CARTESIAN_POINT('',(-9.971554392853,-1.8));
#9217 = VECTOR('',#9218,1.);
#9218 = DIRECTION('',(1.,-0.));
#9219 = ( GEOMETRIC_REPRESENTATION_CONTEXT(2) 
PARAMETRIC_REPRESENTATION_CONTEXT() REPRESENTATION_CONTEXT('2D SPACE',''
  ) );
#9220 = PCURVE('',#7678,#9221);
#9221 = DEFINITIONAL_REPRESENTATION('',(#9222),#9230);
#9222 = ( BOUNDED_CURVE() B_SPLINE_CURVE(2,(#9223,#9224,#9225,#9226,
#9227,#9228,#9229),.UNSPECIFIED.,.T.,.F.) B_SPLINE_CURVE_WITH_KNOTS((1,2
    ,2,2,2,1),(-2.094395102393,0.,2.094395102393,4.188790204786,
6.28318530718,8.377580409573),.UNSPECIFIED.) CURVE() 
GEOMETRIC_REPRESENTATION_ITEM() RATIONAL_B_SPLINE_CURVE((1.,0.5,1.,0.5,
1.,0.5,1.)) REPRESENTATION_ITEM('') );
#9223 = CARTESIAN_POINT('',(-4.698127541081,-2.859649909996));
#9224 = CARTESIAN_POINT('',(-9.651186477053,5.277745691595));
#9225 = CARTESIAN_POINT('',(-0.127465697446,5.498522755793));
#9226 = CARTESIAN_POINT('',(9.396255082161,5.719299819992));
#9227 = CARTESIAN_POINT('',(4.825593238527,-2.638872845797));
#9228 = CARTESIAN_POINT('',(0.254931394892,-10.99704551158));
#9229 = CARTESIAN_POINT('',(-4.698127541081,-2.859649909996));
#9230 = ( GEOMETRIC_REPRESENTATION_CONTEXT(2) 
PARAMETRIC_REPRESENTATION_CONTEXT() REPRESENTATION_CONTEXT('2D SPACE',''
  ) );
#9231 = ORIENTED_EDGE('',*,*,#9232,.T.);
#9232 = EDGE_CURVE('',#9205,#5660,#9233,.T.);
#9233 = SURFACE_CURVE('',#9234,(#9238,#9245),.PCURVE_S1.);
#9234 = LINE('',#9235,#9236);
#9235 = CARTESIAN_POINT('',(28.88944456528,30.727922196365,0.));
#9236 = VECTOR('',#9237,1.);
#9237 = DIRECTION('',(-0.,-0.,-1.));
#9238 = PCURVE('',#5704,#9239);
#9239 = DEFINITIONAL_REPRESENTATION('',(#9240),#9244);
#9240 = LINE('',#9241,#9242);
#9241 = CARTESIAN_POINT('',(-9.971554392853,0.));
#9242 = VECTOR('',#9243,1.);
#9243 = DIRECTION('',(-0.,1.));
#9244 = ( GEOMETRIC_REPRESENTATION_CONTEXT(2) 
PARAMETRIC_REPRESENTATION_CONTEXT() REPRESENTATION_CONTEXT('2D SPACE',''
  ) );
#9245 = PCURVE('',#5675,#9246);
#9246 = DEFINITIONAL_REPRESENTATION('',(#9247),#9251);
#9247 = LINE('',#9248,#9249);
#9248 = CARTESIAN_POINT('',(0.,0.144155686355));
#9249 = VECTOR('',#9250,1.);
#9250 = DIRECTION('',(-1.,-0.));
#9251 = ( GEOMETRIC_REPRESENTATION_CONTEXT(2) 
PARAMETRIC_REPRESENTATION_CONTEXT() REPRESENTATION_CONTEXT('2D SPACE',''
  ) );
#9252 = ADVANCED_FACE('',(#9253),#5675,.F.);
#9253 = FACE_BOUND('',#9254,.F.);
#9254 = EDGE_LOOP('',(#9255,#9256,#9257,#9278));
#9255 = ORIENTED_EDGE('',*,*,#5659,.F.);
#9256 = ORIENTED_EDGE('',*,*,#9232,.F.);
#9257 = ORIENTED_EDGE('',*,*,#9258,.T.);
#9258 = EDGE_CURVE('',#9205,#7736,#9259,.T.);
#9259 = SURFACE_CURVE('',#9260,(#9264,#9271),.PCURVE_S1.);
#9260 = LINE('',#9261,#9262);
#9261 = CARTESIAN_POINT('',(28.991378028648,30.829855659733,1.8));
#9262 = VECTOR('',#9263,1.);
#9263 = DIRECTION('',(-0.707106781187,-0.707106781187,0.));
#9264 = PCURVE('',#5675,#9265);
#9265 = DEFINITIONAL_REPRESENTATION('',(#9266),#9270);
#9266 = LINE('',#9267,#9268);
#9267 = CARTESIAN_POINT('',(1.8,0.));
#9268 = VECTOR('',#9269,1.);
#9269 = DIRECTION('',(0.,1.));
#9270 = ( GEOMETRIC_REPRESENTATION_CONTEXT(2) 
PARAMETRIC_REPRESENTATION_CONTEXT() REPRESENTATION_CONTEXT('2D SPACE',''
  ) );
#9271 = PCURVE('',#7678,#9272);
#9272 = DEFINITIONAL_REPRESENTATION('',(#9273),#9277);
#9273 = LINE('',#9274,#9275);
#9274 = CARTESIAN_POINT('',(-4.596194077713,-2.757716446628));
#9275 = VECTOR('',#9276,1.);
#9276 = DIRECTION('',(-0.707106781187,-0.707106781187));
#9277 = ( GEOMETRIC_REPRESENTATION_CONTEXT(2) 
PARAMETRIC_REPRESENTATION_CONTEXT() REPRESENTATION_CONTEXT('2D SPACE',''
  ) );
#9278 = ORIENTED_EDGE('',*,*,#7763,.T.);
#9279 = ADVANCED_FACE('',(#9280),#5619,.T.);
#9280 = FACE_BOUND('',#9281,.T.);
#9281 = EDGE_LOOP('',(#9282,#9283,#9306,#9327));
#9282 = ORIENTED_EDGE('',*,*,#5605,.F.);
#9283 = ORIENTED_EDGE('',*,*,#9284,.F.);
#9284 = EDGE_CURVE('',#9285,#5577,#9287,.T.);
#9285 = VERTEX_POINT('',#9286);
#9286 = CARTESIAN_POINT('',(30.727922196365,28.88944456528,1.8));
#9287 = SURFACE_CURVE('',#9288,(#9292,#9299),.PCURVE_S1.);
#9288 = LINE('',#9289,#9290);
#9289 = CARTESIAN_POINT('',(30.727922196365,28.88944456528,0.));
#9290 = VECTOR('',#9291,1.);
#9291 = DIRECTION('',(-0.,-0.,-1.));
#9292 = PCURVE('',#5619,#9293);
#9293 = DEFINITIONAL_REPRESENTATION('',(#9294),#9298);
#9294 = LINE('',#9295,#9296);
#9295 = CARTESIAN_POINT('',(0.,0.144155686355));
#9296 = VECTOR('',#9297,1.);
#9297 = DIRECTION('',(-1.,-0.));
#9298 = ( GEOMETRIC_REPRESENTATION_CONTEXT(2) 
PARAMETRIC_REPRESENTATION_CONTEXT() REPRESENTATION_CONTEXT('2D SPACE',''
  ) );
#9299 = PCURVE('',#5593,#9300);
#9300 = DEFINITIONAL_REPRESENTATION('',(#9301),#9305);
#9301 = LINE('',#9302,#9303);
#9302 = CARTESIAN_POINT('',(-4.165612548301,0.));
#9303 = VECTOR('',#9304,1.);
#9304 = DIRECTION('',(-0.,1.));
#9305 = ( GEOMETRIC_REPRESENTATION_CONTEXT(2) 
PARAMETRIC_REPRESENTATION_CONTEXT() REPRESENTATION_CONTEXT('2D SPACE',''
  ) );
#9306 = ORIENTED_EDGE('',*,*,#9307,.T.);
#9307 = EDGE_CURVE('',#9285,#7715,#9308,.T.);
#9308 = SURFACE_CURVE('',#9309,(#9313,#9320),.PCURVE_S1.);
#9309 = LINE('',#9310,#9311);
#9310 = CARTESIAN_POINT('',(30.829855659733,28.991378028648,1.8));
#9311 = VECTOR('',#9312,1.);
#9312 = DIRECTION('',(-0.707106781187,-0.707106781187,0.));
#9313 = PCURVE('',#5619,#9314);
#9314 = DEFINITIONAL_REPRESENTATION('',(#9315),#9319);
#9315 = LINE('',#9316,#9317);
#9316 = CARTESIAN_POINT('',(1.8,0.));
#9317 = VECTOR('',#9318,1.);
#9318 = DIRECTION('',(0.,1.));
#9319 = ( GEOMETRIC_REPRESENTATION_CONTEXT(2) 
PARAMETRIC_REPRESENTATION_CONTEXT() REPRESENTATION_CONTEXT('2D SPACE',''
  ) );
#9320 = PCURVE('',#7678,#9321);
#9321 = DEFINITIONAL_REPRESENTATION('',(#9322),#9326);
#9322 = LINE('',#9323,#9324);
#9323 = CARTESIAN_POINT('',(-2.757716446628,-4.596194077713));
#9324 = VECTOR('',#9325,1.);
#9325 = DIRECTION('',(-0.707106781187,-0.707106781187));
#9326 = ( GEOMETRIC_REPRESENTATION_CONTEXT(2) 
PARAMETRIC_REPRESENTATION_CONTEXT() REPRESENTATION_CONTEXT('2D SPACE',''
  ) );
#9327 = ORIENTED_EDGE('',*,*,#7714,.T.);
#9328 = ADVANCED_FACE('',(#9329),#5593,.T.);
#9329 = FACE_BOUND('',#9330,.F.);
#9330 = EDGE_LOOP('',(#9331,#9332,#9333,#9361));
#9331 = ORIENTED_EDGE('',*,*,#5576,.F.);
#9332 = ORIENTED_EDGE('',*,*,#9284,.F.);
#9333 = ORIENTED_EDGE('',*,*,#9334,.F.);
#9334 = EDGE_CURVE('',#9335,#9285,#9337,.T.);
#9335 = VERTEX_POINT('',#9336);
#9336 = CARTESIAN_POINT('',(38.413165344887,30.948699260564,1.8));
#9337 = SURFACE_CURVE('',#9338,(#9343,#9350),.PCURVE_S1.);
#9338 = CIRCLE('',#9339,5.5);
#9339 = AXIS2_PLACEMENT_3D('',#9340,#9341,#9342);
#9340 = CARTESIAN_POINT('',(33.587572106361,33.587572106361,1.8));
#9341 = DIRECTION('',(-0.,0.,-1.));
#9342 = DIRECTION('',(-0.854205007469,-0.519936347272,0.));
#9343 = PCURVE('',#5593,#9344);
#9344 = DEFINITIONAL_REPRESENTATION('',(#9345),#9349);
#9345 = LINE('',#9346,#9347);
#9346 = CARTESIAN_POINT('',(-9.971554392853,-1.8));
#9347 = VECTOR('',#9348,1.);
#9348 = DIRECTION('',(1.,-0.));
#9349 = ( GEOMETRIC_REPRESENTATION_CONTEXT(2) 
PARAMETRIC_REPRESENTATION_CONTEXT() REPRESENTATION_CONTEXT('2D SPACE',''
  ) );
#9350 = PCURVE('',#7678,#9351);
#9351 = DEFINITIONAL_REPRESENTATION('',(#9352),#9360);
#9352 = ( BOUNDED_CURVE() B_SPLINE_CURVE(2,(#9353,#9354,#9355,#9356,
#9357,#9358,#9359),.UNSPECIFIED.,.T.,.F.) B_SPLINE_CURVE_WITH_KNOTS((1,2
    ,2,2,2,1),(-2.094395102393,0.,2.094395102393,4.188790204786,
6.28318530718,8.377580409573),.UNSPECIFIED.) CURVE() 
GEOMETRIC_REPRESENTATION_ITEM() RATIONAL_B_SPLINE_CURVE((1.,0.5,1.,0.5,
1.,0.5,1.)) REPRESENTATION_ITEM('') );
#9353 = CARTESIAN_POINT('',(-4.698127541081,-2.859649909996));
#9354 = CARTESIAN_POINT('',(-9.651186477053,5.277745691595));
#9355 = CARTESIAN_POINT('',(-0.127465697446,5.498522755793));
#9356 = CARTESIAN_POINT('',(9.396255082161,5.719299819992));
#9357 = CARTESIAN_POINT('',(4.825593238527,-2.638872845797));
#9358 = CARTESIAN_POINT('',(0.254931394892,-10.99704551158));
#9359 = CARTESIAN_POINT('',(-4.698127541081,-2.859649909996));
#9360 = ( GEOMETRIC_REPRESENTATION_CONTEXT(2) 
PARAMETRIC_REPRESENTATION_CONTEXT() REPRESENTATION_CONTEXT('2D SPACE',''
  ) );
#9361 = ORIENTED_EDGE('',*,*,#9362,.T.);
#9362 = EDGE_CURVE('',#9335,#5549,#9363,.T.);
#9363 = SURFACE_CURVE('',#9364,(#9368,#9375),.PCURVE_S1.);
#9364 = LINE('',#9365,#9366);
#9365 = CARTESIAN_POINT('',(38.413165344888,30.948699260564,0.));
#9366 = VECTOR('',#9367,1.);
#9367 = DIRECTION('',(-0.,-0.,-1.));
#9368 = PCURVE('',#5593,#9369);
#9369 = DEFINITIONAL_REPRESENTATION('',(#9370),#9374);
#9370 = LINE('',#9371,#9372);
#9371 = CARTESIAN_POINT('',(-5.782764188067,0.));
#9372 = VECTOR('',#9373,1.);
#9373 = DIRECTION('',(-0.,1.));
#9374 = ( GEOMETRIC_REPRESENTATION_CONTEXT(2) 
PARAMETRIC_REPRESENTATION_CONTEXT() REPRESENTATION_CONTEXT('2D SPACE',''
  ) );
#9375 = PCURVE('',#5564,#9376);
#9376 = DEFINITIONAL_REPRESENTATION('',(#9377),#9381);
#9377 = LINE('',#9378,#9379);
#9378 = CARTESIAN_POINT('',(0.,0.144155686355));
#9379 = VECTOR('',#9380,1.);
#9380 = DIRECTION('',(-1.,0.));
#9381 = ( GEOMETRIC_REPRESENTATION_CONTEXT(2) 
PARAMETRIC_REPRESENTATION_CONTEXT() REPRESENTATION_CONTEXT('2D SPACE',''
  ) );
#9382 = ADVANCED_FACE('',(#9383),#5564,.F.);
#9383 = FACE_BOUND('',#9384,.F.);
#9384 = EDGE_LOOP('',(#9385,#9386,#9387,#9408));
#9385 = ORIENTED_EDGE('',*,*,#5548,.F.);
#9386 = ORIENTED_EDGE('',*,*,#9362,.F.);
#9387 = ORIENTED_EDGE('',*,*,#9388,.T.);
#9388 = EDGE_CURVE('',#9335,#7662,#9389,.T.);
#9389 = SURFACE_CURVE('',#9390,(#9394,#9401),.PCURVE_S1.);
#9390 = LINE('',#9391,#9392);
#9391 = CARTESIAN_POINT('',(38.273921644431,30.986009497652,1.8));
#9392 = VECTOR('',#9393,1.);
#9393 = DIRECTION('',(0.965925826289,-0.258819045103,0.));
#9394 = PCURVE('',#5564,#9395);
#9395 = DEFINITIONAL_REPRESENTATION('',(#9396),#9400);
#9396 = LINE('',#9397,#9398);
#9397 = CARTESIAN_POINT('',(1.8,0.));
#9398 = VECTOR('',#9399,1.);
#9399 = DIRECTION('',(0.,1.));
#9400 = ( GEOMETRIC_REPRESENTATION_CONTEXT(2) 
PARAMETRIC_REPRESENTATION_CONTEXT() REPRESENTATION_CONTEXT('2D SPACE',''
  ) );
#9401 = PCURVE('',#7678,#9402);
#9402 = DEFINITIONAL_REPRESENTATION('',(#9403),#9407);
#9403 = LINE('',#9404,#9405);
#9404 = CARTESIAN_POINT('',(4.68634953807,-2.601562608709));
#9405 = VECTOR('',#9406,1.);
#9406 = DIRECTION('',(0.965925826289,-0.258819045103));
#9407 = ( GEOMETRIC_REPRESENTATION_CONTEXT(2) 
PARAMETRIC_REPRESENTATION_CONTEXT() REPRESENTATION_CONTEXT('2D SPACE',''
  ) );
#9408 = ORIENTED_EDGE('',*,*,#7694,.T.);
#9409 = ADVANCED_FACE('',(#9410),#5993,.F.);
#9410 = FACE_BOUND('',#9411,.T.);
#9411 = EDGE_LOOP('',(#9412,#9435,#9457,#9458));
#9412 = ORIENTED_EDGE('',*,*,#9413,.T.);
#9413 = EDGE_CURVE('',#5977,#9414,#9416,.T.);
#9414 = VERTEX_POINT('',#9415);
#9415 = CARTESIAN_POINT('',(36.471024484277,31.254119728445,1.8));
#9416 = SEAM_CURVE('',#9417,(#9421,#9428),.PCURVE_S1.);
#9417 = LINE('',#9418,#9419);
#9418 = CARTESIAN_POINT('',(36.471024484277,31.254119728445,0.));
#9419 = VECTOR('',#9420,1.);
#9420 = DIRECTION('',(0.,0.,1.));
#9421 = PCURVE('',#5993,#9422);
#9422 = DEFINITIONAL_REPRESENTATION('',(#9423),#9427);
#9423 = LINE('',#9424,#9425);
#9424 = CARTESIAN_POINT('',(-0.,0.));
#9425 = VECTOR('',#9426,1.);
#9426 = DIRECTION('',(-0.,-1.));
#9427 = ( GEOMETRIC_REPRESENTATION_CONTEXT(2) 
PARAMETRIC_REPRESENTATION_CONTEXT() REPRESENTATION_CONTEXT('2D SPACE',''
  ) );
#9428 = PCURVE('',#5993,#9429);
#9429 = DEFINITIONAL_REPRESENTATION('',(#9430),#9434);
#9430 = LINE('',#9431,#9432);
#9431 = CARTESIAN_POINT('',(-6.28318530718,0.));
#9432 = VECTOR('',#9433,1.);
#9433 = DIRECTION('',(-0.,-1.));
#9434 = ( GEOMETRIC_REPRESENTATION_CONTEXT(2) 
PARAMETRIC_REPRESENTATION_CONTEXT() REPRESENTATION_CONTEXT('2D SPACE',''
  ) );
#9435 = ORIENTED_EDGE('',*,*,#9436,.T.);
#9436 = EDGE_CURVE('',#9414,#9414,#9437,.T.);
#9437 = SURFACE_CURVE('',#9438,(#9443,#9450),.PCURVE_S1.);
#9438 = CIRCLE('',#9439,0.55);
#9439 = AXIS2_PLACEMENT_3D('',#9440,#9441,#9442);
#9440 = CARTESIAN_POINT('',(35.921024484277,31.254119728445,1.8));
#9441 = DIRECTION('',(0.,0.,1.));
#9442 = DIRECTION('',(1.,0.,0.));
#9443 = PCURVE('',#5993,#9444);
#9444 = DEFINITIONAL_REPRESENTATION('',(#9445),#9449);
#9445 = LINE('',#9446,#9447);
#9446 = CARTESIAN_POINT('',(-0.,-1.8));
#9447 = VECTOR('',#9448,1.);
#9448 = DIRECTION('',(-1.,0.));
#9449 = ( GEOMETRIC_REPRESENTATION_CONTEXT(2) 
PARAMETRIC_REPRESENTATION_CONTEXT() REPRESENTATION_CONTEXT('2D SPACE',''
  ) );
#9450 = PCURVE('',#7678,#9451);
#9451 = DEFINITIONAL_REPRESENTATION('',(#9452),#9456);
#9452 = CIRCLE('',#9453,0.55);
#9453 = AXIS2_PLACEMENT_2D('',#9454,#9455);
#9454 = CARTESIAN_POINT('',(2.333452377916,-2.333452377916));
#9455 = DIRECTION('',(1.,0.));
#9456 = ( GEOMETRIC_REPRESENTATION_CONTEXT(2) 
PARAMETRIC_REPRESENTATION_CONTEXT() REPRESENTATION_CONTEXT('2D SPACE',''
  ) );
#9457 = ORIENTED_EDGE('',*,*,#9413,.F.);
#9458 = ORIENTED_EDGE('',*,*,#5976,.F.);
#9459 = ADVANCED_FACE('',(#9460),#6024,.F.);
#9460 = FACE_BOUND('',#9461,.T.);
#9461 = EDGE_LOOP('',(#9462,#9485,#9507,#9508));
#9462 = ORIENTED_EDGE('',*,*,#9463,.T.);
#9463 = EDGE_CURVE('',#6008,#9464,#9466,.T.);
#9464 = VERTEX_POINT('',#9465);
#9465 = CARTESIAN_POINT('',(31.804119728445,31.254119728445,1.8));
#9466 = SEAM_CURVE('',#9467,(#9471,#9478),.PCURVE_S1.);
#9467 = LINE('',#9468,#9469);
#9468 = CARTESIAN_POINT('',(31.804119728445,31.254119728445,0.));
#9469 = VECTOR('',#9470,1.);
#9470 = DIRECTION('',(0.,0.,1.));
#9471 = PCURVE('',#6024,#9472);
#9472 = DEFINITIONAL_REPRESENTATION('',(#9473),#9477);
#9473 = LINE('',#9474,#9475);
#9474 = CARTESIAN_POINT('',(-0.,0.));
#9475 = VECTOR('',#9476,1.);
#9476 = DIRECTION('',(-0.,-1.));
#9477 = ( GEOMETRIC_REPRESENTATION_CONTEXT(2) 
PARAMETRIC_REPRESENTATION_CONTEXT() REPRESENTATION_CONTEXT('2D SPACE',''
  ) );
#9478 = PCURVE('',#6024,#9479);
#9479 = DEFINITIONAL_REPRESENTATION('',(#9480),#9484);
#9480 = LINE('',#9481,#9482);
#9481 = CARTESIAN_POINT('',(-6.28318530718,0.));
#9482 = VECTOR('',#9483,1.);
#9483 = DIRECTION('',(-0.,-1.));
#9484 = ( GEOMETRIC_REPRESENTATION_CONTEXT(2) 
PARAMETRIC_REPRESENTATION_CONTEXT() REPRESENTATION_CONTEXT('2D SPACE',''
  ) );
#9485 = ORIENTED_EDGE('',*,*,#9486,.T.);
#9486 = EDGE_CURVE('',#9464,#9464,#9487,.T.);
#9487 = SURFACE_CURVE('',#9488,(#9493,#9500),.PCURVE_S1.);
#9488 = CIRCLE('',#9489,0.55);
#9489 = AXIS2_PLACEMENT_3D('',#9490,#9491,#9492);
#9490 = CARTESIAN_POINT('',(31.254119728445,31.254119728445,1.8));
#9491 = DIRECTION('',(0.,0.,1.));
#9492 = DIRECTION('',(1.,0.,0.));
#9493 = PCURVE('',#6024,#9494);
#9494 = DEFINITIONAL_REPRESENTATION('',(#9495),#9499);
#9495 = LINE('',#9496,#9497);
#9496 = CARTESIAN_POINT('',(-0.,-1.8));
#9497 = VECTOR('',#9498,1.);
#9498 = DIRECTION('',(-1.,0.));
#9499 = ( GEOMETRIC_REPRESENTATION_CONTEXT(2) 
PARAMETRIC_REPRESENTATION_CONTEXT() REPRESENTATION_CONTEXT('2D SPACE',''
  ) );
#9500 = PCURVE('',#7678,#9501);
#9501 = DEFINITIONAL_REPRESENTATION('',(#9502),#9506);
#9502 = CIRCLE('',#9503,0.55);
#9503 = AXIS2_PLACEMENT_2D('',#9504,#9505);
#9504 = CARTESIAN_POINT('',(-2.333452377916,-2.333452377916));
#9505 = DIRECTION('',(1.,0.));
#9506 = ( GEOMETRIC_REPRESENTATION_CONTEXT(2) 
PARAMETRIC_REPRESENTATION_CONTEXT() REPRESENTATION_CONTEXT('2D SPACE',''
  ) );
#9507 = ORIENTED_EDGE('',*,*,#9463,.F.);
#9508 = ORIENTED_EDGE('',*,*,#6007,.F.);
#9509 = ADVANCED_FACE('',(#9510),#5896,.F.);
#9510 = FACE_BOUND('',#9511,.T.);
#9511 = EDGE_LOOP('',(#9512,#9535,#9557,#9558));
#9512 = ORIENTED_EDGE('',*,*,#9513,.T.);
#9513 = EDGE_CURVE('',#5880,#9514,#9516,.T.);
#9514 = VERTEX_POINT('',#9515);
#9515 = CARTESIAN_POINT('',(36.471024484277,35.921024484277,1.8));
#9516 = SEAM_CURVE('',#9517,(#9521,#9528),.PCURVE_S1.);
#9517 = LINE('',#9518,#9519);
#9518 = CARTESIAN_POINT('',(36.471024484277,35.921024484277,0.));
#9519 = VECTOR('',#9520,1.);
#9520 = DIRECTION('',(0.,0.,1.));
#9521 = PCURVE('',#5896,#9522);
#9522 = DEFINITIONAL_REPRESENTATION('',(#9523),#9527);
#9523 = LINE('',#9524,#9525);
#9524 = CARTESIAN_POINT('',(-0.,0.));
#9525 = VECTOR('',#9526,1.);
#9526 = DIRECTION('',(-0.,-1.));
#9527 = ( GEOMETRIC_REPRESENTATION_CONTEXT(2) 
PARAMETRIC_REPRESENTATION_CONTEXT() REPRESENTATION_CONTEXT('2D SPACE',''
  ) );
#9528 = PCURVE('',#5896,#9529);
#9529 = DEFINITIONAL_REPRESENTATION('',(#9530),#9534);
#9530 = LINE('',#9531,#9532);
#9531 = CARTESIAN_POINT('',(-6.28318530718,0.));
#9532 = VECTOR('',#9533,1.);
#9533 = DIRECTION('',(-0.,-1.));
#9534 = ( GEOMETRIC_REPRESENTATION_CONTEXT(2) 
PARAMETRIC_REPRESENTATION_CONTEXT() REPRESENTATION_CONTEXT('2D SPACE',''
  ) );
#9535 = ORIENTED_EDGE('',*,*,#9536,.T.);
#9536 = EDGE_CURVE('',#9514,#9514,#9537,.T.);
#9537 = SURFACE_CURVE('',#9538,(#9543,#9550),.PCURVE_S1.);
#9538 = CIRCLE('',#9539,0.55);
#9539 = AXIS2_PLACEMENT_3D('',#9540,#9541,#9542);
#9540 = CARTESIAN_POINT('',(35.921024484277,35.921024484277,1.8));
#9541 = DIRECTION('',(0.,0.,1.));
#9542 = DIRECTION('',(1.,0.,0.));
#9543 = PCURVE('',#5896,#9544);
#9544 = DEFINITIONAL_REPRESENTATION('',(#9545),#9549);
#9545 = LINE('',#9546,#9547);
#9546 = CARTESIAN_POINT('',(-0.,-1.8));
#9547 = VECTOR('',#9548,1.);
#9548 = DIRECTION('',(-1.,0.));
#9549 = ( GEOMETRIC_REPRESENTATION_CONTEXT(2) 
PARAMETRIC_REPRESENTATION_CONTEXT() REPRESENTATION_CONTEXT('2D SPACE',''
  ) );
#9550 = PCURVE('',#7678,#9551);
#9551 = DEFINITIONAL_REPRESENTATION('',(#9552),#9556);
#9552 = CIRCLE('',#9553,0.55);
#9553 = AXIS2_PLACEMENT_2D('',#9554,#9555);
#9554 = CARTESIAN_POINT('',(2.333452377916,2.333452377916));
#9555 = DIRECTION('',(1.,0.));
#9556 = ( GEOMETRIC_REPRESENTATION_CONTEXT(2) 
PARAMETRIC_REPRESENTATION_CONTEXT() REPRESENTATION_CONTEXT('2D SPACE',''
  ) );
#9557 = ORIENTED_EDGE('',*,*,#9513,.F.);
#9558 = ORIENTED_EDGE('',*,*,#5879,.F.);
#9559 = ADVANCED_FACE('',(#9560),#5931,.F.);
#9560 = FACE_BOUND('',#9561,.F.);
#9561 = EDGE_LOOP('',(#9562,#9563,#9586,#9612));
#9562 = ORIENTED_EDGE('',*,*,#5910,.F.);
#9563 = ORIENTED_EDGE('',*,*,#9564,.F.);
#9564 = EDGE_CURVE('',#9565,#5911,#9567,.T.);
#9565 = VERTEX_POINT('',#9566);
#9566 = CARTESIAN_POINT('',(32.787572106361,33.587572106361,1.8));
#9567 = SEAM_CURVE('',#9568,(#9572,#9579),.PCURVE_S1.);
#9568 = LINE('',#9569,#9570);
#9569 = CARTESIAN_POINT('',(32.787572106361,33.587572106361,1.8));
#9570 = VECTOR('',#9571,1.);
#9571 = DIRECTION('',(0.,0.,-1.));
#9572 = PCURVE('',#5931,#9573);
#9573 = DEFINITIONAL_REPRESENTATION('',(#9574),#9578);
#9574 = LINE('',#9575,#9576);
#9575 = CARTESIAN_POINT('',(6.28318530718,-0.));
#9576 = VECTOR('',#9577,1.);
#9577 = DIRECTION('',(0.,1.));
#9578 = ( GEOMETRIC_REPRESENTATION_CONTEXT(2) 
PARAMETRIC_REPRESENTATION_CONTEXT() REPRESENTATION_CONTEXT('2D SPACE',''
  ) );
#9579 = PCURVE('',#5931,#9580);
#9580 = DEFINITIONAL_REPRESENTATION('',(#9581),#9585);
#9581 = LINE('',#9582,#9583);
#9582 = CARTESIAN_POINT('',(0.,-0.));
#9583 = VECTOR('',#9584,1.);
#9584 = DIRECTION('',(0.,1.));
#9585 = ( GEOMETRIC_REPRESENTATION_CONTEXT(2) 
PARAMETRIC_REPRESENTATION_CONTEXT() REPRESENTATION_CONTEXT('2D SPACE',''
  ) );
#9586 = ORIENTED_EDGE('',*,*,#9587,.T.);
#9587 = EDGE_CURVE('',#9565,#9565,#9588,.T.);
#9588 = SURFACE_CURVE('',#9589,(#9594,#9601),.PCURVE_S1.);
#9589 = CIRCLE('',#9590,0.8);
#9590 = AXIS2_PLACEMENT_3D('',#9591,#9592,#9593);
#9591 = CARTESIAN_POINT('',(33.587572106361,33.587572106361,1.8));
#9592 = DIRECTION('',(0.,0.,-1.));
#9593 = DIRECTION('',(-1.,0.,0.));
#9594 = PCURVE('',#5931,#9595);
#9595 = DEFINITIONAL_REPRESENTATION('',(#9596),#9600);
#9596 = LINE('',#9597,#9598);
#9597 = CARTESIAN_POINT('',(0.,0.));
#9598 = VECTOR('',#9599,1.);
#9599 = DIRECTION('',(1.,0.));
#9600 = ( GEOMETRIC_REPRESENTATION_CONTEXT(2) 
PARAMETRIC_REPRESENTATION_CONTEXT() REPRESENTATION_CONTEXT('2D SPACE',''
  ) );
#9601 = PCURVE('',#7678,#9602);
#9602 = DEFINITIONAL_REPRESENTATION('',(#9603),#9611);
#9603 = ( BOUNDED_CURVE() B_SPLINE_CURVE(2,(#9604,#9605,#9606,#9607,
#9608,#9609,#9610),.UNSPECIFIED.,.T.,.F.) B_SPLINE_CURVE_WITH_KNOTS((1,2
    ,2,2,2,1),(-2.094395102393,0.,2.094395102393,4.188790204786,
6.28318530718,8.377580409573),.UNSPECIFIED.) CURVE() 
GEOMETRIC_REPRESENTATION_ITEM() RATIONAL_B_SPLINE_CURVE((1.,0.5,1.,0.5,
1.,0.5,1.)) REPRESENTATION_ITEM('') );
#9604 = CARTESIAN_POINT('',(-0.8,0.));
#9605 = CARTESIAN_POINT('',(-0.8,1.385640646055));
#9606 = CARTESIAN_POINT('',(0.4,0.692820323028));
#9607 = CARTESIAN_POINT('',(1.6,1.959434878636E-16));
#9608 = CARTESIAN_POINT('',(0.4,-0.692820323028));
#9609 = CARTESIAN_POINT('',(-0.8,-1.385640646055));
#9610 = CARTESIAN_POINT('',(-0.8,0.));
#9611 = ( GEOMETRIC_REPRESENTATION_CONTEXT(2) 
PARAMETRIC_REPRESENTATION_CONTEXT() REPRESENTATION_CONTEXT('2D SPACE',''
  ) );
#9612 = ORIENTED_EDGE('',*,*,#9564,.T.);
#9613 = ADVANCED_FACE('',(#9614),#5962,.F.);
#9614 = FACE_BOUND('',#9615,.T.);
#9615 = EDGE_LOOP('',(#9616,#9639,#9661,#9662));
#9616 = ORIENTED_EDGE('',*,*,#9617,.T.);
#9617 = EDGE_CURVE('',#5946,#9618,#9620,.T.);
#9618 = VERTEX_POINT('',#9619);
#9619 = CARTESIAN_POINT('',(31.804119728445,35.921024484277,1.8));
#9620 = SEAM_CURVE('',#9621,(#9625,#9632),.PCURVE_S1.);
#9621 = LINE('',#9622,#9623);
#9622 = CARTESIAN_POINT('',(31.804119728445,35.921024484277,0.));
#9623 = VECTOR('',#9624,1.);
#9624 = DIRECTION('',(0.,0.,1.));
#9625 = PCURVE('',#5962,#9626);
#9626 = DEFINITIONAL_REPRESENTATION('',(#9627),#9631);
#9627 = LINE('',#9628,#9629);
#9628 = CARTESIAN_POINT('',(-0.,0.));
#9629 = VECTOR('',#9630,1.);
#9630 = DIRECTION('',(-0.,-1.));
#9631 = ( GEOMETRIC_REPRESENTATION_CONTEXT(2) 
PARAMETRIC_REPRESENTATION_CONTEXT() REPRESENTATION_CONTEXT('2D SPACE',''
  ) );
#9632 = PCURVE('',#5962,#9633);
#9633 = DEFINITIONAL_REPRESENTATION('',(#9634),#9638);
#9634 = LINE('',#9635,#9636);
#9635 = CARTESIAN_POINT('',(-6.28318530718,0.));
#9636 = VECTOR('',#9637,1.);
#9637 = DIRECTION('',(-0.,-1.));
#9638 = ( GEOMETRIC_REPRESENTATION_CONTEXT(2) 
PARAMETRIC_REPRESENTATION_CONTEXT() REPRESENTATION_CONTEXT('2D SPACE',''
  ) );
#9639 = ORIENTED_EDGE('',*,*,#9640,.T.);
#9640 = EDGE_CURVE('',#9618,#9618,#9641,.T.);
#9641 = SURFACE_CURVE('',#9642,(#9647,#9654),.PCURVE_S1.);
#9642 = CIRCLE('',#9643,0.55);
#9643 = AXIS2_PLACEMENT_3D('',#9644,#9645,#9646);
#9644 = CARTESIAN_POINT('',(31.254119728445,35.921024484277,1.8));
#9645 = DIRECTION('',(0.,0.,1.));
#9646 = DIRECTION('',(1.,0.,0.));
#9647 = PCURVE('',#5962,#9648);
#9648 = DEFINITIONAL_REPRESENTATION('',(#9649),#9653);
#9649 = LINE('',#9650,#9651);
#9650 = CARTESIAN_POINT('',(-0.,-1.8));
#9651 = VECTOR('',#9652,1.);
#9652 = DIRECTION('',(-1.,0.));
#9653 = ( GEOMETRIC_REPRESENTATION_CONTEXT(2) 
PARAMETRIC_REPRESENTATION_CONTEXT() REPRESENTATION_CONTEXT('2D SPACE',''
  ) );
#9654 = PCURVE('',#7678,#9655);
#9655 = DEFINITIONAL_REPRESENTATION('',(#9656),#9660);
#9656 = CIRCLE('',#9657,0.55);
#9657 = AXIS2_PLACEMENT_2D('',#9658,#9659);
#9658 = CARTESIAN_POINT('',(-2.333452377916,2.333452377916));
#9659 = DIRECTION('',(1.,0.));
#9660 = ( GEOMETRIC_REPRESENTATION_CONTEXT(2) 
PARAMETRIC_REPRESENTATION_CONTEXT() REPRESENTATION_CONTEXT('2D SPACE',''
  ) );
#9661 = ORIENTED_EDGE('',*,*,#9617,.F.);
#9662 = ORIENTED_EDGE('',*,*,#5945,.F.);
#9663 = ADVANCED_FACE('',(#9664,#9678,#9681,#9684,#9687,#9690),#7678,.T.
  );
#9664 = FACE_BOUND('',#9665,.T.);
#9665 = EDGE_LOOP('',(#9666,#9667,#9668,#9669,#9670,#9671,#9672,#9673,
    #9674,#9675,#9676,#9677));
#9666 = ORIENTED_EDGE('',*,*,#9204,.F.);
#9667 = ORIENTED_EDGE('',*,*,#9258,.T.);
#9668 = ORIENTED_EDGE('',*,*,#7735,.F.);
#9669 = ORIENTED_EDGE('',*,*,#9307,.F.);
#9670 = ORIENTED_EDGE('',*,*,#9334,.F.);
#9671 = ORIENTED_EDGE('',*,*,#9388,.T.);
#9672 = ORIENTED_EDGE('',*,*,#7661,.F.);
#9673 = ORIENTED_EDGE('',*,*,#9047,.F.);
#9674 = ORIENTED_EDGE('',*,*,#9074,.F.);
#9675 = ORIENTED_EDGE('',*,*,#9128,.T.);
#9676 = ORIENTED_EDGE('',*,*,#7804,.F.);
#9677 = ORIENTED_EDGE('',*,*,#9177,.F.);
#9678 = FACE_BOUND('',#9679,.T.);
#9679 = EDGE_LOOP('',(#9680));
#9680 = ORIENTED_EDGE('',*,*,#9486,.F.);
#9681 = FACE_BOUND('',#9682,.T.);
#9682 = EDGE_LOOP('',(#9683));
#9683 = ORIENTED_EDGE('',*,*,#9436,.F.);
#9684 = FACE_BOUND('',#9685,.T.);
#9685 = EDGE_LOOP('',(#9686));
#9686 = ORIENTED_EDGE('',*,*,#9640,.F.);
#9687 = FACE_BOUND('',#9688,.T.);
#9688 = EDGE_LOOP('',(#9689));
#9689 = ORIENTED_EDGE('',*,*,#9587,.T.);
#9690 = FACE_BOUND('',#9691,.T.);
#9691 = EDGE_LOOP('',(#9692));
#9692 = ORIENTED_EDGE('',*,*,#9536,.F.);
#9693 = ADVANCED_FACE('',(#9694),#7890,.F.);
#9694 = FACE_BOUND('',#9695,.T.);
#9695 = EDGE_LOOP('',(#9696,#9720,#9741,#9742));
#9696 = ORIENTED_EDGE('',*,*,#9697,.T.);
#9697 = EDGE_CURVE('',#9698,#9698,#9700,.T.);
#9698 = VERTEX_POINT('',#9699);
#9699 = CARTESIAN_POINT('',(61.587572106361,33.587572106361,10.));
#9700 = SURFACE_CURVE('',#9701,(#9706,#9713),.PCURVE_S1.);
#9701 = CIRCLE('',#9702,28.);
#9702 = AXIS2_PLACEMENT_3D('',#9703,#9704,#9705);
#9703 = CARTESIAN_POINT('',(33.587572106361,33.587572106361,10.));
#9704 = DIRECTION('',(0.,0.,1.));
#9705 = DIRECTION('',(1.,0.,-0.));
#9706 = PCURVE('',#7890,#9707);
#9707 = DEFINITIONAL_REPRESENTATION('',(#9708),#9712);
#9708 = LINE('',#9709,#9710);
#9709 = CARTESIAN_POINT('',(0.,-0.));
#9710 = VECTOR('',#9711,1.);
#9711 = DIRECTION('',(1.,-0.));
#9712 = ( GEOMETRIC_REPRESENTATION_CONTEXT(2) 
PARAMETRIC_REPRESENTATION_CONTEXT() REPRESENTATION_CONTEXT('2D SPACE',''
  ) );
#9713 = PCURVE('',#9008,#9714);
#9714 = DEFINITIONAL_REPRESENTATION('',(#9715),#9719);
#9715 = LINE('',#9716,#9717);
#9716 = CARTESIAN_POINT('',(0.,-1.));
#9717 = VECTOR('',#9718,1.);
#9718 = DIRECTION('',(1.,-0.));
#9719 = ( GEOMETRIC_REPRESENTATION_CONTEXT(2) 
PARAMETRIC_REPRESENTATION_CONTEXT() REPRESENTATION_CONTEXT('2D SPACE',''
  ) );
#9720 = ORIENTED_EDGE('',*,*,#9721,.T.);
#9721 = EDGE_CURVE('',#9698,#7853,#9722,.T.);
#9722 = SEAM_CURVE('',#9723,(#9727,#9734),.PCURVE_S1.);
#9723 = LINE('',#9724,#9725);
#9724 = CARTESIAN_POINT('',(61.587572106361,33.587572106361,10.));
#9725 = VECTOR('',#9726,1.);
#9726 = DIRECTION('',(-0.490261239633,0.,-0.871575537125));
#9727 = PCURVE('',#7890,#9728);
#9728 = DEFINITIONAL_REPRESENTATION('',(#9729),#9733);
#9729 = LINE('',#9730,#9731);
#9730 = CARTESIAN_POINT('',(0.,-0.));
#9731 = VECTOR('',#9732,1.);
#9732 = DIRECTION('',(0.,-1.));
#9733 = ( GEOMETRIC_REPRESENTATION_CONTEXT(2) 
PARAMETRIC_REPRESENTATION_CONTEXT() REPRESENTATION_CONTEXT('2D SPACE',''
  ) );
#9734 = PCURVE('',#7890,#9735);
#9735 = DEFINITIONAL_REPRESENTATION('',(#9736),#9740);
#9736 = LINE('',#9737,#9738);
#9737 = CARTESIAN_POINT('',(6.28318530718,-0.));
#9738 = VECTOR('',#9739,1.);
#9739 = DIRECTION('',(0.,-1.));
#9740 = ( GEOMETRIC_REPRESENTATION_CONTEXT(2) 
PARAMETRIC_REPRESENTATION_CONTEXT() REPRESENTATION_CONTEXT('2D SPACE',''
  ) );
#9741 = ORIENTED_EDGE('',*,*,#7875,.F.);
#9742 = ORIENTED_EDGE('',*,*,#9721,.F.);
#9743 = ADVANCED_FACE('',(#9744,#9747),#7946,.T.);
#9744 = FACE_BOUND('',#9745,.T.);
#9745 = EDGE_LOOP('',(#9746));
#9746 = ORIENTED_EDGE('',*,*,#7931,.T.);
#9747 = FACE_BOUND('',#9748,.T.);
#9748 = EDGE_LOOP('',(#9749));
#9749 = ORIENTED_EDGE('',*,*,#9750,.F.);
#9750 = EDGE_CURVE('',#9751,#9751,#9753,.T.);
#9751 = VERTEX_POINT('',#9752);
#9752 = CARTESIAN_POINT('',(-4.487572106361,33.587572106361,11.));
#9753 = SURFACE_CURVE('',#9754,(#9759,#9766),.PCURVE_S1.);
#9754 = CIRCLE('',#9755,29.1);
#9755 = AXIS2_PLACEMENT_3D('',#9756,#9757,#9758);
#9756 = CARTESIAN_POINT('',(-33.58757210636,33.587572106361,11.));
#9757 = DIRECTION('',(0.,0.,1.));
#9758 = DIRECTION('',(1.,0.,-0.));
#9759 = PCURVE('',#7946,#9760);
#9760 = DEFINITIONAL_REPRESENTATION('',(#9761),#9765);
#9761 = CIRCLE('',#9762,29.1);
#9762 = AXIS2_PLACEMENT_2D('',#9763,#9764);
#9763 = CARTESIAN_POINT('',(0.,0.));
#9764 = DIRECTION('',(1.,0.));
#9765 = ( GEOMETRIC_REPRESENTATION_CONTEXT(2) 
PARAMETRIC_REPRESENTATION_CONTEXT() REPRESENTATION_CONTEXT('2D SPACE',''
  ) );
#9766 = PCURVE('',#9767,#9772);
#9767 = CONICAL_SURFACE('',#9768,29.1,0.832981266674);
#9768 = AXIS2_PLACEMENT_3D('',#9769,#9770,#9771);
#9769 = CARTESIAN_POINT('',(-33.58757210636,33.587572106361,11.));
#9770 = DIRECTION('',(0.,0.,1.));
#9771 = DIRECTION('',(1.,0.,0.));
#9772 = DEFINITIONAL_REPRESENTATION('',(#9773),#9777);
#9773 = LINE('',#9774,#9775);
#9774 = CARTESIAN_POINT('',(0.,-0.));
#9775 = VECTOR('',#9776,1.);
#9776 = DIRECTION('',(1.,-0.));
#9777 = ( GEOMETRIC_REPRESENTATION_CONTEXT(2) 
PARAMETRIC_REPRESENTATION_CONTEXT() REPRESENTATION_CONTEXT('2D SPACE',''
  ) );
#9778 = ADVANCED_FACE('',(#9779,#9793,#9796,#9799,#9802,#9805),#8000,.T.
  );
#9779 = FACE_BOUND('',#9780,.T.);
#9780 = EDGE_LOOP('',(#9781,#9782,#9783,#9784,#9785,#9786,#9787,#9788,
    #9789,#9790,#9791,#9792));
#9781 = ORIENTED_EDGE('',*,*,#8302,.F.);
#9782 = ORIENTED_EDGE('',*,*,#8253,.T.);
#9783 = ORIENTED_EDGE('',*,*,#7983,.F.);
#9784 = ORIENTED_EDGE('',*,*,#8594,.F.);
#9785 = ORIENTED_EDGE('',*,*,#8562,.F.);
#9786 = ORIENTED_EDGE('',*,*,#8513,.T.);
#9787 = ORIENTED_EDGE('',*,*,#8126,.F.);
#9788 = ORIENTED_EDGE('',*,*,#8464,.F.);
#9789 = ORIENTED_EDGE('',*,*,#8432,.F.);
#9790 = ORIENTED_EDGE('',*,*,#8383,.T.);
#9791 = ORIENTED_EDGE('',*,*,#8057,.F.);
#9792 = ORIENTED_EDGE('',*,*,#8334,.F.);
#9793 = FACE_BOUND('',#9794,.T.);
#9794 = EDGE_LOOP('',(#9795));
#9795 = ORIENTED_EDGE('',*,*,#8846,.F.);
#9796 = FACE_BOUND('',#9797,.T.);
#9797 = EDGE_LOOP('',(#9798));
#9798 = ORIENTED_EDGE('',*,*,#8796,.F.);
#9799 = FACE_BOUND('',#9800,.T.);
#9800 = EDGE_LOOP('',(#9801));
#9801 = ORIENTED_EDGE('',*,*,#8693,.T.);
#9802 = FACE_BOUND('',#9803,.T.);
#9803 = EDGE_LOOP('',(#9804));
#9804 = ORIENTED_EDGE('',*,*,#8746,.F.);
#9805 = FACE_BOUND('',#9806,.T.);
#9806 = EDGE_LOOP('',(#9807));
#9807 = ORIENTED_EDGE('',*,*,#8642,.F.);
#9808 = ADVANCED_FACE('',(#9809),#8212,.F.);
#9809 = FACE_BOUND('',#9810,.T.);
#9810 = EDGE_LOOP('',(#9811,#9835,#9856,#9857));
#9811 = ORIENTED_EDGE('',*,*,#9812,.T.);
#9812 = EDGE_CURVE('',#9813,#9813,#9815,.T.);
#9813 = VERTEX_POINT('',#9814);
#9814 = CARTESIAN_POINT('',(-5.587572106361,33.587572106361,10.));
#9815 = SURFACE_CURVE('',#9816,(#9821,#9828),.PCURVE_S1.);
#9816 = CIRCLE('',#9817,28.);
#9817 = AXIS2_PLACEMENT_3D('',#9818,#9819,#9820);
#9818 = CARTESIAN_POINT('',(-33.58757210636,33.587572106361,10.));
#9819 = DIRECTION('',(0.,0.,1.));
#9820 = DIRECTION('',(1.,0.,-0.));
#9821 = PCURVE('',#8212,#9822);
#9822 = DEFINITIONAL_REPRESENTATION('',(#9823),#9827);
#9823 = LINE('',#9824,#9825);
#9824 = CARTESIAN_POINT('',(0.,-0.));
#9825 = VECTOR('',#9826,1.);
#9826 = DIRECTION('',(1.,-0.));
#9827 = ( GEOMETRIC_REPRESENTATION_CONTEXT(2) 
PARAMETRIC_REPRESENTATION_CONTEXT() REPRESENTATION_CONTEXT('2D SPACE',''
  ) );
#9828 = PCURVE('',#9767,#9829);
#9829 = DEFINITIONAL_REPRESENTATION('',(#9830),#9834);
#9830 = LINE('',#9831,#9832);
#9831 = CARTESIAN_POINT('',(0.,-1.));
#9832 = VECTOR('',#9833,1.);
#9833 = DIRECTION('',(1.,-0.));
#9834 = ( GEOMETRIC_REPRESENTATION_CONTEXT(2) 
PARAMETRIC_REPRESENTATION_CONTEXT() REPRESENTATION_CONTEXT('2D SPACE',''
  ) );
#9835 = ORIENTED_EDGE('',*,*,#9836,.T.);
#9836 = EDGE_CURVE('',#9813,#8175,#9837,.T.);
#9837 = SEAM_CURVE('',#9838,(#9842,#9849),.PCURVE_S1.);
#9838 = LINE('',#9839,#9840);
#9839 = CARTESIAN_POINT('',(-5.587572106361,33.587572106361,10.));
#9840 = VECTOR('',#9841,1.);
#9841 = DIRECTION('',(-0.490261239633,0.,-0.871575537125));
#9842 = PCURVE('',#8212,#9843);
#9843 = DEFINITIONAL_REPRESENTATION('',(#9844),#9848);
#9844 = LINE('',#9845,#9846);
#9845 = CARTESIAN_POINT('',(0.,-0.));
#9846 = VECTOR('',#9847,1.);
#9847 = DIRECTION('',(0.,-1.));
#9848 = ( GEOMETRIC_REPRESENTATION_CONTEXT(2) 
PARAMETRIC_REPRESENTATION_CONTEXT() REPRESENTATION_CONTEXT('2D SPACE',''
  ) );
#9849 = PCURVE('',#8212,#9850);
#9850 = DEFINITIONAL_REPRESENTATION('',(#9851),#9855);
#9851 = LINE('',#9852,#9853);
#9852 = CARTESIAN_POINT('',(6.28318530718,-0.));
#9853 = VECTOR('',#9854,1.);
#9854 = DIRECTION('',(0.,-1.));
#9855 = ( GEOMETRIC_REPRESENTATION_CONTEXT(2) 
PARAMETRIC_REPRESENTATION_CONTEXT() REPRESENTATION_CONTEXT('2D SPACE',''
  ) );
#9856 = ORIENTED_EDGE('',*,*,#8197,.F.);
#9857 = ORIENTED_EDGE('',*,*,#9836,.F.);
#9858 = ADVANCED_FACE('',(#9859),#8893,.F.);
#9859 = FACE_BOUND('',#9860,.T.);
#9860 = EDGE_LOOP('',(#9861,#9862,#9883,#9884));
#9861 = ORIENTED_EDGE('',*,*,#8876,.T.);
#9862 = ORIENTED_EDGE('',*,*,#9863,.T.);
#9863 = EDGE_CURVE('',#8877,#8939,#9864,.T.);
#9864 = SEAM_CURVE('',#9865,(#9869,#9876),.PCURVE_S1.);
#9865 = LINE('',#9866,#9867);
#9866 = CARTESIAN_POINT('',(62.687572106361,-33.58757210636,11.));
#9867 = VECTOR('',#9868,1.);
#9868 = DIRECTION('',(-0.739940073396,0.,-0.672672793996));
#9869 = PCURVE('',#8893,#9870);
#9870 = DEFINITIONAL_REPRESENTATION('',(#9871),#9875);
#9871 = LINE('',#9872,#9873);
#9872 = CARTESIAN_POINT('',(0.,-0.));
#9873 = VECTOR('',#9874,1.);
#9874 = DIRECTION('',(0.,-1.));
#9875 = ( GEOMETRIC_REPRESENTATION_CONTEXT(2) 
PARAMETRIC_REPRESENTATION_CONTEXT() REPRESENTATION_CONTEXT('2D SPACE',''
  ) );
#9876 = PCURVE('',#8893,#9877);
#9877 = DEFINITIONAL_REPRESENTATION('',(#9878),#9882);
#9878 = LINE('',#9879,#9880);
#9879 = CARTESIAN_POINT('',(6.28318530718,-0.));
#9880 = VECTOR('',#9881,1.);
#9881 = DIRECTION('',(0.,-1.));
#9882 = ( GEOMETRIC_REPRESENTATION_CONTEXT(2) 
PARAMETRIC_REPRESENTATION_CONTEXT() REPRESENTATION_CONTEXT('2D SPACE',''
  ) );
#9883 = ORIENTED_EDGE('',*,*,#8938,.F.);
#9884 = ORIENTED_EDGE('',*,*,#9863,.F.);
#9885 = ADVANCED_FACE('',(#9886),#9008,.F.);
#9886 = FACE_BOUND('',#9887,.T.);
#9887 = EDGE_LOOP('',(#9888,#9889,#9910,#9911));
#9888 = ORIENTED_EDGE('',*,*,#8991,.T.);
#9889 = ORIENTED_EDGE('',*,*,#9890,.T.);
#9890 = EDGE_CURVE('',#8992,#9698,#9891,.T.);
#9891 = SEAM_CURVE('',#9892,(#9896,#9903),.PCURVE_S1.);
#9892 = LINE('',#9893,#9894);
#9893 = CARTESIAN_POINT('',(62.687572106361,33.587572106361,11.));
#9894 = VECTOR('',#9895,1.);
#9895 = DIRECTION('',(-0.739940073396,0.,-0.672672793996));
#9896 = PCURVE('',#9008,#9897);
#9897 = DEFINITIONAL_REPRESENTATION('',(#9898),#9902);
#9898 = LINE('',#9899,#9900);
#9899 = CARTESIAN_POINT('',(0.,-0.));
#9900 = VECTOR('',#9901,1.);
#9901 = DIRECTION('',(0.,-1.));
#9902 = ( GEOMETRIC_REPRESENTATION_CONTEXT(2) 
PARAMETRIC_REPRESENTATION_CONTEXT() REPRESENTATION_CONTEXT('2D SPACE',''
  ) );
#9903 = PCURVE('',#9008,#9904);
#9904 = DEFINITIONAL_REPRESENTATION('',(#9905),#9909);
#9905 = LINE('',#9906,#9907);
#9906 = CARTESIAN_POINT('',(6.28318530718,-0.));
#9907 = VECTOR('',#9908,1.);
#9908 = DIRECTION('',(0.,-1.));
#9909 = ( GEOMETRIC_REPRESENTATION_CONTEXT(2) 
PARAMETRIC_REPRESENTATION_CONTEXT() REPRESENTATION_CONTEXT('2D SPACE',''
  ) );
#9910 = ORIENTED_EDGE('',*,*,#9697,.F.);
#9911 = ORIENTED_EDGE('',*,*,#9890,.F.);
#9912 = ADVANCED_FACE('',(#9913),#9767,.F.);
#9913 = FACE_BOUND('',#9914,.T.);
#9914 = EDGE_LOOP('',(#9915,#9916,#9937,#9938));
#9915 = ORIENTED_EDGE('',*,*,#9750,.T.);
#9916 = ORIENTED_EDGE('',*,*,#9917,.T.);
#9917 = EDGE_CURVE('',#9751,#9813,#9918,.T.);
#9918 = SEAM_CURVE('',#9919,(#9923,#9930),.PCURVE_S1.);
#9919 = LINE('',#9920,#9921);
#9920 = CARTESIAN_POINT('',(-4.487572106361,33.587572106361,11.));
#9921 = VECTOR('',#9922,1.);
#9922 = DIRECTION('',(-0.739940073396,0.,-0.672672793996));
#9923 = PCURVE('',#9767,#9924);
#9924 = DEFINITIONAL_REPRESENTATION('',(#9925),#9929);
#9925 = LINE('',#9926,#9927);
#9926 = CARTESIAN_POINT('',(0.,-0.));
#9927 = VECTOR('',#9928,1.);
#9928 = DIRECTION('',(0.,-1.));
#9929 = ( GEOMETRIC_REPRESENTATION_CONTEXT(2) 
PARAMETRIC_REPRESENTATION_CONTEXT() REPRESENTATION_CONTEXT('2D SPACE',''
  ) );
#9930 = PCURVE('',#9767,#9931);
#9931 = DEFINITIONAL_REPRESENTATION('',(#9932),#9936);
#9932 = LINE('',#9933,#9934);
#9933 = CARTESIAN_POINT('',(6.28318530718,-0.));
#9934 = VECTOR('',#9935,1.);
#9935 = DIRECTION('',(0.,-1.));
#9936 = ( GEOMETRIC_REPRESENTATION_CONTEXT(2) 
PARAMETRIC_REPRESENTATION_CONTEXT() REPRESENTATION_CONTEXT('2D SPACE',''
  ) );
#9937 = ORIENTED_EDGE('',*,*,#9812,.F.);
#9938 = ORIENTED_EDGE('',*,*,#9917,.F.);
#9939 = ( GEOMETRIC_REPRESENTATION_CONTEXT(3) 
GLOBAL_UNCERTAINTY_ASSIGNED_CONTEXT((#9943)) 
GLOBAL_UNIT_ASSIGNED_CONTEXT((#9940,#9941,#9942)) REPRESENTATION_CONTEXT
('Context #1','3D Context with UNIT and UNCERTAINTY') );
#9940 = ( LENGTH_UNIT() NAMED_UNIT(*) SI_UNIT(.MILLI.,.METRE.) );
#9941 = ( NAMED_UNIT(*) PLANE_ANGLE_UNIT() SI_UNIT($,.RADIAN.) );
#9942 = ( NAMED_UNIT(*) SI_UNIT($,.STERADIAN.) SOLID_ANGLE_UNIT() );
#9943 = UNCERTAINTY_MEASURE_WITH_UNIT(LENGTH_MEASURE(1.E-07),#9940,
  'distance_accuracy_value','confusion accuracy');
#9944 = CONTEXT_DEPENDENT_SHAPE_REPRESENTATION(#9945,#9947);
#9945 = ( REPRESENTATION_RELATIONSHIP('','',#48,#10) 
REPRESENTATION_RELATIONSHIP_WITH_TRANSFORMATION(#9946) 
SHAPE_REPRESENTATION_RELATIONSHIP() );
#9946 = ITEM_DEFINED_TRANSFORMATION('','',#11,#15);
#9947 = PRODUCT_DEFINITION_SHAPE('Placement','Placement of an item',
  #9948);
#9948 = NEXT_ASSEMBLY_USAGE_OCCURRENCE('1','','',#5,#43,$);
#9949 = PRODUCT_RELATED_PRODUCT_CATEGORY('part',$,(#45));
#9950 = SHAPE_DEFINITION_REPRESENTATION(#9951,#9957);
#9951 = PRODUCT_DEFINITION_SHAPE('','',#9952);
#9952 = PRODUCT_DEFINITION('design','',#9953,#9956);
#9953 = PRODUCT_DEFINITION_FORMATION('','',#9954);
#9954 = PRODUCT('Open CASCADE STEP translator 7.9 1.2',
  'Open CASCADE STEP translator 7.9 1.2','',(#9955));
#9955 = PRODUCT_CONTEXT('',#2,'mechanical');
#9956 = PRODUCT_DEFINITION_CONTEXT('part definition',#2,'design');
#9957 = ADVANCED_BREP_SHAPE_REPRESENTATION('',(#11,#9958),#10288);
#9958 = MANIFOLD_SOLID_BREP('',#9959);
#9959 = CLOSED_SHELL('',(#9960,#10080,#10156,#10227,#10254,#10281));
#9960 = ADVANCED_FACE('',(#9961),#9975,.F.);
#9961 = FACE_BOUND('',#9962,.F.);
#9962 = EDGE_LOOP('',(#9963,#9998,#10026,#10054));
#9963 = ORIENTED_EDGE('',*,*,#9964,.F.);
#9964 = EDGE_CURVE('',#9965,#9967,#9969,.T.);
#9965 = VERTEX_POINT('',#9966);
#9966 = CARTESIAN_POINT('',(47.887572106361,-6.987572106361,0.));
#9967 = VERTEX_POINT('',#9968);
#9968 = CARTESIAN_POINT('',(47.887572106361,-6.987572106361,10.));
#9969 = SURFACE_CURVE('',#9970,(#9974,#9986),.PCURVE_S1.);
#9970 = LINE('',#9971,#9972);
#9971 = CARTESIAN_POINT('',(47.887572106361,-6.987572106361,0.));
#9972 = VECTOR('',#9973,1.);
#9973 = DIRECTION('',(0.,0.,1.));
#9974 = PCURVE('',#9975,#9980);
#9975 = PLANE('',#9976);
#9976 = AXIS2_PLACEMENT_3D('',#9977,#9978,#9979);
#9977 = CARTESIAN_POINT('',(47.887572106361,-6.987572106361,0.));
#9978 = DIRECTION('',(1.,0.,0.));
#9979 = DIRECTION('',(0.,0.,1.));
#9980 = DEFINITIONAL_REPRESENTATION('',(#9981),#9985);
#9981 = LINE('',#9982,#9983);
#9982 = CARTESIAN_POINT('',(0.,0.));
#9983 = VECTOR('',#9984,1.);
#9984 = DIRECTION('',(1.,0.));
#9985 = ( GEOMETRIC_REPRESENTATION_CONTEXT(2) 
PARAMETRIC_REPRESENTATION_CONTEXT() REPRESENTATION_CONTEXT('2D SPACE',''
  ) );
#9986 = PCURVE('',#9987,#9992);
#9987 = PLANE('',#9988);
#9988 = AXIS2_PLACEMENT_3D('',#9989,#9990,#9991);
#9989 = CARTESIAN_POINT('',(47.887572106361,-6.987572106361,0.));
#9990 = DIRECTION('',(0.,1.,0.));
#9991 = DIRECTION('',(0.,0.,1.));
#9992 = DEFINITIONAL_REPRESENTATION('',(#9993),#9997);
#9993 = LINE('',#9994,#9995);
#9994 = CARTESIAN_POINT('',(0.,0.));
#9995 = VECTOR('',#9996,1.);
#9996 = DIRECTION('',(1.,0.));
#9997 = ( GEOMETRIC_REPRESENTATION_CONTEXT(2) 
PARAMETRIC_REPRESENTATION_CONTEXT() REPRESENTATION_CONTEXT('2D SPACE',''
  ) );
#9998 = ORIENTED_EDGE('',*,*,#9999,.T.);
#9999 = EDGE_CURVE('',#9965,#10000,#10002,.T.);
#10000 = VERTEX_POINT('',#10001);
#10001 = CARTESIAN_POINT('',(47.887572106361,6.987572106361,0.));
#10002 = SURFACE_CURVE('',#10003,(#10007,#10014),.PCURVE_S1.);
#10003 = LINE('',#10004,#10005);
#10004 = CARTESIAN_POINT('',(47.887572106361,-6.987572106361,0.));
#10005 = VECTOR('',#10006,1.);
#10006 = DIRECTION('',(0.,1.,0.));
#10007 = PCURVE('',#9975,#10008);
#10008 = DEFINITIONAL_REPRESENTATION('',(#10009),#10013);
#10009 = LINE('',#10010,#10011);
#10010 = CARTESIAN_POINT('',(0.,0.));
#10011 = VECTOR('',#10012,1.);
#10012 = DIRECTION('',(0.,-1.));
#10013 = ( GEOMETRIC_REPRESENTATION_CONTEXT(2) 
PARAMETRIC_REPRESENTATION_CONTEXT() REPRESENTATION_CONTEXT('2D SPACE',''
  ) );
#10014 = PCURVE('',#10015,#10020);
#10015 = PLANE('',#10016);
#10016 = AXIS2_PLACEMENT_3D('',#10017,#10018,#10019);
#10017 = CARTESIAN_POINT('',(47.887572106361,-6.987572106361,0.));
#10018 = DIRECTION('',(0.,0.,1.));
#10019 = DIRECTION('',(1.,0.,0.));
#10020 = DEFINITIONAL_REPRESENTATION('',(#10021),#10025);
#10021 = LINE('',#10022,#10023);
#10022 = CARTESIAN_POINT('',(0.,0.));
#10023 = VECTOR('',#10024,1.);
#10024 = DIRECTION('',(0.,1.));
#10025 = ( GEOMETRIC_REPRESENTATION_CONTEXT(2) 
PARAMETRIC_REPRESENTATION_CONTEXT() REPRESENTATION_CONTEXT('2D SPACE',''
  ) );
#10026 = ORIENTED_EDGE('',*,*,#10027,.T.);
#10027 = EDGE_CURVE('',#10000,#10028,#10030,.T.);
#10028 = VERTEX_POINT('',#10029);
#10029 = CARTESIAN_POINT('',(47.887572106361,6.987572106361,10.));
#10030 = SURFACE_CURVE('',#10031,(#10035,#10042),.PCURVE_S1.);
#10031 = LINE('',#10032,#10033);
#10032 = CARTESIAN_POINT('',(47.887572106361,6.987572106361,0.));
#10033 = VECTOR('',#10034,1.);
#10034 = DIRECTION('',(0.,0.,1.));
#10035 = PCURVE('',#9975,#10036);
#10036 = DEFINITIONAL_REPRESENTATION('',(#10037),#10041);
#10037 = LINE('',#10038,#10039);
#10038 = CARTESIAN_POINT('',(0.,-13.97514421272));
#10039 = VECTOR('',#10040,1.);
#10040 = DIRECTION('',(1.,0.));
#10041 = ( GEOMETRIC_REPRESENTATION_CONTEXT(2) 
PARAMETRIC_REPRESENTATION_CONTEXT() REPRESENTATION_CONTEXT('2D SPACE',''
  ) );
#10042 = PCURVE('',#10043,#10048);
#10043 = PLANE('',#10044);
#10044 = AXIS2_PLACEMENT_3D('',#10045,#10046,#10047);
#10045 = CARTESIAN_POINT('',(47.887572106361,6.987572106361,0.));
#10046 = DIRECTION('',(0.,1.,0.));
#10047 = DIRECTION('',(0.,0.,1.));
#10048 = DEFINITIONAL_REPRESENTATION('',(#10049),#10053);
#10049 = LINE('',#10050,#10051);
#10050 = CARTESIAN_POINT('',(0.,0.));
#10051 = VECTOR('',#10052,1.);
#10052 = DIRECTION('',(1.,0.));
#10053 = ( GEOMETRIC_REPRESENTATION_CONTEXT(2) 
PARAMETRIC_REPRESENTATION_CONTEXT() REPRESENTATION_CONTEXT('2D SPACE',''
  ) );
#10054 = ORIENTED_EDGE('',*,*,#10055,.F.);
#10055 = EDGE_CURVE('',#9967,#10028,#10056,.T.);
#10056 = SURFACE_CURVE('',#10057,(#10061,#10068),.PCURVE_S1.);
#10057 = LINE('',#10058,#10059);
#10058 = CARTESIAN_POINT('',(47.887572106361,-6.987572106361,10.));
#10059 = VECTOR('',#10060,1.);
#10060 = DIRECTION('',(0.,1.,0.));
#10061 = PCURVE('',#9975,#10062);
#10062 = DEFINITIONAL_REPRESENTATION('',(#10063),#10067);
#10063 = LINE('',#10064,#10065);
#10064 = CARTESIAN_POINT('',(10.,0.));
#10065 = VECTOR('',#10066,1.);
#10066 = DIRECTION('',(0.,-1.));
#10067 = ( GEOMETRIC_REPRESENTATION_CONTEXT(2) 
PARAMETRIC_REPRESENTATION_CONTEXT() REPRESENTATION_CONTEXT('2D SPACE',''
  ) );
#10068 = PCURVE('',#10069,#10074);
#10069 = PLANE('',#10070);
#10070 = AXIS2_PLACEMENT_3D('',#10071,#10072,#10073);
#10071 = CARTESIAN_POINT('',(47.887572106361,-6.987572106361,10.));
#10072 = DIRECTION('',(0.,0.,1.));
#10073 = DIRECTION('',(1.,0.,0.));
#10074 = DEFINITIONAL_REPRESENTATION('',(#10075),#10079);
#10075 = LINE('',#10076,#10077);
#10076 = CARTESIAN_POINT('',(0.,0.));
#10077 = VECTOR('',#10078,1.);
#10078 = DIRECTION('',(0.,1.));
#10079 = ( GEOMETRIC_REPRESENTATION_CONTEXT(2) 
PARAMETRIC_REPRESENTATION_CONTEXT() REPRESENTATION_CONTEXT('2D SPACE',''
  ) );
#10080 = ADVANCED_FACE('',(#10081),#10015,.F.);
#10081 = FACE_BOUND('',#10082,.F.);
#10082 = EDGE_LOOP('',(#10083,#10084,#10107,#10135));
#10083 = ORIENTED_EDGE('',*,*,#9999,.F.);
#10084 = ORIENTED_EDGE('',*,*,#10085,.T.);
#10085 = EDGE_CURVE('',#9965,#10086,#10088,.T.);
#10086 = VERTEX_POINT('',#10087);
#10087 = CARTESIAN_POINT('',(50.087572106361,-6.987572106361,0.));
#10088 = SURFACE_CURVE('',#10089,(#10093,#10100),.PCURVE_S1.);
#10089 = LINE('',#10090,#10091);
#10090 = CARTESIAN_POINT('',(47.887572106361,-6.987572106361,0.));
#10091 = VECTOR('',#10092,1.);
#10092 = DIRECTION('',(1.,0.,0.));
#10093 = PCURVE('',#10015,#10094);
#10094 = DEFINITIONAL_REPRESENTATION('',(#10095),#10099);
#10095 = LINE('',#10096,#10097);
#10096 = CARTESIAN_POINT('',(0.,0.));
#10097 = VECTOR('',#10098,1.);
#10098 = DIRECTION('',(1.,0.));
#10099 = ( GEOMETRIC_REPRESENTATION_CONTEXT(2) 
PARAMETRIC_REPRESENTATION_CONTEXT() REPRESENTATION_CONTEXT('2D SPACE',''
  ) );
#10100 = PCURVE('',#9987,#10101);
#10101 = DEFINITIONAL_REPRESENTATION('',(#10102),#10106);
#10102 = LINE('',#10103,#10104);
#10103 = CARTESIAN_POINT('',(0.,0.));
#10104 = VECTOR('',#10105,1.);
#10105 = DIRECTION('',(0.,1.));
#10106 = ( GEOMETRIC_REPRESENTATION_CONTEXT(2) 
PARAMETRIC_REPRESENTATION_CONTEXT() REPRESENTATION_CONTEXT('2D SPACE',''
  ) );
#10107 = ORIENTED_EDGE('',*,*,#10108,.T.);
#10108 = EDGE_CURVE('',#10086,#10109,#10111,.T.);
#10109 = VERTEX_POINT('',#10110);
#10110 = CARTESIAN_POINT('',(50.087572106361,6.987572106361,0.));
#10111 = SURFACE_CURVE('',#10112,(#10116,#10123),.PCURVE_S1.);
#10112 = LINE('',#10113,#10114);
#10113 = CARTESIAN_POINT('',(50.087572106361,-6.987572106361,0.));
#10114 = VECTOR('',#10115,1.);
#10115 = DIRECTION('',(0.,1.,0.));
#10116 = PCURVE('',#10015,#10117);
#10117 = DEFINITIONAL_REPRESENTATION('',(#10118),#10122);
#10118 = LINE('',#10119,#10120);
#10119 = CARTESIAN_POINT('',(2.2,0.));
#10120 = VECTOR('',#10121,1.);
#10121 = DIRECTION('',(0.,1.));
#10122 = ( GEOMETRIC_REPRESENTATION_CONTEXT(2) 
PARAMETRIC_REPRESENTATION_CONTEXT() REPRESENTATION_CONTEXT('2D SPACE',''
  ) );
#10123 = PCURVE('',#10124,#10129);
#10124 = PLANE('',#10125);
#10125 = AXIS2_PLACEMENT_3D('',#10126,#10127,#10128);
#10126 = CARTESIAN_POINT('',(50.087572106361,-6.987572106361,0.));
#10127 = DIRECTION('',(1.,0.,0.));
#10128 = DIRECTION('',(0.,0.,1.));
#10129 = DEFINITIONAL_REPRESENTATION('',(#10130),#10134);
#10130 = LINE('',#10131,#10132);
#10131 = CARTESIAN_POINT('',(0.,0.));
#10132 = VECTOR('',#10133,1.);
#10133 = DIRECTION('',(0.,-1.));
#10134 = ( GEOMETRIC_REPRESENTATION_CONTEXT(2) 
PARAMETRIC_REPRESENTATION_CONTEXT() REPRESENTATION_CONTEXT('2D SPACE',''
  ) );
#10135 = ORIENTED_EDGE('',*,*,#10136,.F.);
#10136 = EDGE_CURVE('',#10000,#10109,#10137,.T.);
#10137 = SURFACE_CURVE('',#10138,(#10142,#10149),.PCURVE_S1.);
#10138 = LINE('',#10139,#10140);
#10139 = CARTESIAN_POINT('',(47.887572106361,6.987572106361,0.));
#10140 = VECTOR('',#10141,1.);
#10141 = DIRECTION('',(1.,0.,0.));
#10142 = PCURVE('',#10015,#10143);
#10143 = DEFINITIONAL_REPRESENTATION('',(#10144),#10148);
#10144 = LINE('',#10145,#10146);
#10145 = CARTESIAN_POINT('',(0.,13.975144212722));
#10146 = VECTOR('',#10147,1.);
#10147 = DIRECTION('',(1.,0.));
#10148 = ( GEOMETRIC_REPRESENTATION_CONTEXT(2) 
PARAMETRIC_REPRESENTATION_CONTEXT() REPRESENTATION_CONTEXT('2D SPACE',''
  ) );
#10149 = PCURVE('',#10043,#10150);
#10150 = DEFINITIONAL_REPRESENTATION('',(#10151),#10155);
#10151 = LINE('',#10152,#10153);
#10152 = CARTESIAN_POINT('',(0.,0.));
#10153 = VECTOR('',#10154,1.);
#10154 = DIRECTION('',(0.,1.));
#10155 = ( GEOMETRIC_REPRESENTATION_CONTEXT(2) 
PARAMETRIC_REPRESENTATION_CONTEXT() REPRESENTATION_CONTEXT('2D SPACE',''
  ) );
#10156 = ADVANCED_FACE('',(#10157),#10124,.T.);
#10157 = FACE_BOUND('',#10158,.T.);
#10158 = EDGE_LOOP('',(#10159,#10182,#10183,#10206));
#10159 = ORIENTED_EDGE('',*,*,#10160,.F.);
#10160 = EDGE_CURVE('',#10086,#10161,#10163,.T.);
#10161 = VERTEX_POINT('',#10162);
#10162 = CARTESIAN_POINT('',(50.087572106361,-6.987572106361,10.));
#10163 = SURFACE_CURVE('',#10164,(#10168,#10175),.PCURVE_S1.);
#10164 = LINE('',#10165,#10166);
#10165 = CARTESIAN_POINT('',(50.087572106361,-6.987572106361,0.));
#10166 = VECTOR('',#10167,1.);
#10167 = DIRECTION('',(0.,0.,1.));
#10168 = PCURVE('',#10124,#10169);
#10169 = DEFINITIONAL_REPRESENTATION('',(#10170),#10174);
#10170 = LINE('',#10171,#10172);
#10171 = CARTESIAN_POINT('',(0.,0.));
#10172 = VECTOR('',#10173,1.);
#10173 = DIRECTION('',(1.,0.));
#10174 = ( GEOMETRIC_REPRESENTATION_CONTEXT(2) 
PARAMETRIC_REPRESENTATION_CONTEXT() REPRESENTATION_CONTEXT('2D SPACE',''
  ) );
#10175 = PCURVE('',#9987,#10176);
#10176 = DEFINITIONAL_REPRESENTATION('',(#10177),#10181);
#10177 = LINE('',#10178,#10179);
#10178 = CARTESIAN_POINT('',(0.,2.2));
#10179 = VECTOR('',#10180,1.);
#10180 = DIRECTION('',(1.,0.));
#10181 = ( GEOMETRIC_REPRESENTATION_CONTEXT(2) 
PARAMETRIC_REPRESENTATION_CONTEXT() REPRESENTATION_CONTEXT('2D SPACE',''
  ) );
#10182 = ORIENTED_EDGE('',*,*,#10108,.T.);
#10183 = ORIENTED_EDGE('',*,*,#10184,.T.);
#10184 = EDGE_CURVE('',#10109,#10185,#10187,.T.);
#10185 = VERTEX_POINT('',#10186);
#10186 = CARTESIAN_POINT('',(50.087572106361,6.987572106361,10.));
#10187 = SURFACE_CURVE('',#10188,(#10192,#10199),.PCURVE_S1.);
#10188 = LINE('',#10189,#10190);
#10189 = CARTESIAN_POINT('',(50.087572106361,6.987572106361,0.));
#10190 = VECTOR('',#10191,1.);
#10191 = DIRECTION('',(0.,0.,1.));
#10192 = PCURVE('',#10124,#10193);
#10193 = DEFINITIONAL_REPRESENTATION('',(#10194),#10198);
#10194 = LINE('',#10195,#10196);
#10195 = CARTESIAN_POINT('',(0.,-13.97514421272));
#10196 = VECTOR('',#10197,1.);
#10197 = DIRECTION('',(1.,0.));
#10198 = ( GEOMETRIC_REPRESENTATION_CONTEXT(2) 
PARAMETRIC_REPRESENTATION_CONTEXT() REPRESENTATION_CONTEXT('2D SPACE',''
  ) );
#10199 = PCURVE('',#10043,#10200);
#10200 = DEFINITIONAL_REPRESENTATION('',(#10201),#10205);
#10201 = LINE('',#10202,#10203);
#10202 = CARTESIAN_POINT('',(0.,2.2));
#10203 = VECTOR('',#10204,1.);
#10204 = DIRECTION('',(1.,0.));
#10205 = ( GEOMETRIC_REPRESENTATION_CONTEXT(2) 
PARAMETRIC_REPRESENTATION_CONTEXT() REPRESENTATION_CONTEXT('2D SPACE',''
  ) );
#10206 = ORIENTED_EDGE('',*,*,#10207,.F.);
#10207 = EDGE_CURVE('',#10161,#10185,#10208,.T.);
#10208 = SURFACE_CURVE('',#10209,(#10213,#10220),.PCURVE_S1.);
#10209 = LINE('',#10210,#10211);
#10210 = CARTESIAN_POINT('',(50.087572106361,-6.987572106361,10.));
#10211 = VECTOR('',#10212,1.);
#10212 = DIRECTION('',(0.,1.,0.));
#10213 = PCURVE('',#10124,#10214);
#10214 = DEFINITIONAL_REPRESENTATION('',(#10215),#10219);
#10215 = LINE('',#10216,#10217);
#10216 = CARTESIAN_POINT('',(10.,0.));
#10217 = VECTOR('',#10218,1.);
#10218 = DIRECTION('',(0.,-1.));
#10219 = ( GEOMETRIC_REPRESENTATION_CONTEXT(2) 
PARAMETRIC_REPRESENTATION_CONTEXT() REPRESENTATION_CONTEXT('2D SPACE',''
  ) );
#10220 = PCURVE('',#10069,#10221);
#10221 = DEFINITIONAL_REPRESENTATION('',(#10222),#10226);
#10222 = LINE('',#10223,#10224);
#10223 = CARTESIAN_POINT('',(2.2,0.));
#10224 = VECTOR('',#10225,1.);
#10225 = DIRECTION('',(0.,1.));
#10226 = ( GEOMETRIC_REPRESENTATION_CONTEXT(2) 
PARAMETRIC_REPRESENTATION_CONTEXT() REPRESENTATION_CONTEXT('2D SPACE',''
  ) );
#10227 = ADVANCED_FACE('',(#10228),#10043,.T.);
#10228 = FACE_BOUND('',#10229,.T.);
#10229 = EDGE_LOOP('',(#10230,#10231,#10232,#10253));
#10230 = ORIENTED_EDGE('',*,*,#10136,.F.);
#10231 = ORIENTED_EDGE('',*,*,#10027,.T.);
#10232 = ORIENTED_EDGE('',*,*,#10233,.T.);
#10233 = EDGE_CURVE('',#10028,#10185,#10234,.T.);
#10234 = SURFACE_CURVE('',#10235,(#10239,#10246),.PCURVE_S1.);
#10235 = LINE('',#10236,#10237);
#10236 = CARTESIAN_POINT('',(47.887572106361,6.987572106361,10.));
#10237 = VECTOR('',#10238,1.);
#10238 = DIRECTION('',(1.,0.,0.));
#10239 = PCURVE('',#10043,#10240);
#10240 = DEFINITIONAL_REPRESENTATION('',(#10241),#10245);
#10241 = LINE('',#10242,#10243);
#10242 = CARTESIAN_POINT('',(10.,0.));
#10243 = VECTOR('',#10244,1.);
#10244 = DIRECTION('',(0.,1.));
#10245 = ( GEOMETRIC_REPRESENTATION_CONTEXT(2) 
PARAMETRIC_REPRESENTATION_CONTEXT() REPRESENTATION_CONTEXT('2D SPACE',''
  ) );
#10246 = PCURVE('',#10069,#10247);
#10247 = DEFINITIONAL_REPRESENTATION('',(#10248),#10252);
#10248 = LINE('',#10249,#10250);
#10249 = CARTESIAN_POINT('',(0.,13.975144212722));
#10250 = VECTOR('',#10251,1.);
#10251 = DIRECTION('',(1.,0.));
#10252 = ( GEOMETRIC_REPRESENTATION_CONTEXT(2) 
PARAMETRIC_REPRESENTATION_CONTEXT() REPRESENTATION_CONTEXT('2D SPACE',''
  ) );
#10253 = ORIENTED_EDGE('',*,*,#10184,.F.);
#10254 = ADVANCED_FACE('',(#10255),#10069,.T.);
#10255 = FACE_BOUND('',#10256,.T.);
#10256 = EDGE_LOOP('',(#10257,#10258,#10279,#10280));
#10257 = ORIENTED_EDGE('',*,*,#10055,.F.);
#10258 = ORIENTED_EDGE('',*,*,#10259,.T.);
#10259 = EDGE_CURVE('',#9967,#10161,#10260,.T.);
#10260 = SURFACE_CURVE('',#10261,(#10265,#10272),.PCURVE_S1.);
#10261 = LINE('',#10262,#10263);
#10262 = CARTESIAN_POINT('',(47.887572106361,-6.987572106361,10.));
#10263 = VECTOR('',#10264,1.);
#10264 = DIRECTION('',(1.,0.,0.));
#10265 = PCURVE('',#10069,#10266);
#10266 = DEFINITIONAL_REPRESENTATION('',(#10267),#10271);
#10267 = LINE('',#10268,#10269);
#10268 = CARTESIAN_POINT('',(0.,0.));
#10269 = VECTOR('',#10270,1.);
#10270 = DIRECTION('',(1.,0.));
#10271 = ( GEOMETRIC_REPRESENTATION_CONTEXT(2) 
PARAMETRIC_REPRESENTATION_CONTEXT() REPRESENTATION_CONTEXT('2D SPACE',''
  ) );
#10272 = PCURVE('',#9987,#10273);
#10273 = DEFINITIONAL_REPRESENTATION('',(#10274),#10278);
#10274 = LINE('',#10275,#10276);
#10275 = CARTESIAN_POINT('',(10.,0.));
#10276 = VECTOR('',#10277,1.);
#10277 = DIRECTION('',(0.,1.));
#10278 = ( GEOMETRIC_REPRESENTATION_CONTEXT(2) 
PARAMETRIC_REPRESENTATION_CONTEXT() REPRESENTATION_CONTEXT('2D SPACE',''
  ) );
#10279 = ORIENTED_EDGE('',*,*,#10207,.T.);
#10280 = ORIENTED_EDGE('',*,*,#10233,.F.);
#10281 = ADVANCED_FACE('',(#10282),#9987,.F.);
#10282 = FACE_BOUND('',#10283,.F.);
#10283 = EDGE_LOOP('',(#10284,#10285,#10286,#10287));
#10284 = ORIENTED_EDGE('',*,*,#10085,.F.);
#10285 = ORIENTED_EDGE('',*,*,#9964,.T.);
#10286 = ORIENTED_EDGE('',*,*,#10259,.T.);
#10287 = ORIENTED_EDGE('',*,*,#10160,.F.);
#10288 = ( GEOMETRIC_REPRESENTATION_CONTEXT(3) 
GLOBAL_UNCERTAINTY_ASSIGNED_CONTEXT((#10292)) 
GLOBAL_UNIT_ASSIGNED_CONTEXT((#10289,#10290,#10291)) 
REPRESENTATION_CONTEXT('Context #1',
  '3D Context with UNIT and UNCERTAINTY') );
#10289 = ( LENGTH_UNIT() NAMED_UNIT(*) SI_UNIT(.MILLI.,.METRE.) );
#10290 = ( NAMED_UNIT(*) PLANE_ANGLE_UNIT() SI_UNIT($,.RADIAN.) );
#10291 = ( NAMED_UNIT(*) SI_UNIT($,.STERADIAN.) SOLID_ANGLE_UNIT() );
#10292 = UNCERTAINTY_MEASURE_WITH_UNIT(LENGTH_MEASURE(1.E-07),#10289,
  'distance_accuracy_value','confusion accuracy');
#10293 = CONTEXT_DEPENDENT_SHAPE_REPRESENTATION(#10294,#10296);
#10294 = ( REPRESENTATION_RELATIONSHIP('','',#9957,#10) 
REPRESENTATION_RELATIONSHIP_WITH_TRANSFORMATION(#10295) 
SHAPE_REPRESENTATION_RELATIONSHIP() );
#10295 = ITEM_DEFINED_TRANSFORMATION('','',#11,#19);
#10296 = PRODUCT_DEFINITION_SHAPE('Placement','Placement of an item',
  #10297);
#10297 = NEXT_ASSEMBLY_USAGE_OCCURRENCE('2','','',#5,#9952,$);
#10298 = PRODUCT_RELATED_PRODUCT_CATEGORY('part',$,(#9954));
#10299 = SHAPE_DEFINITION_REPRESENTATION(#10300,#10306);
#10300 = PRODUCT_DEFINITION_SHAPE('','',#10301);
#10301 = PRODUCT_DEFINITION('design','',#10302,#10305);
#10302 = PRODUCT_DEFINITION_FORMATION('','',#10303);
#10303 = PRODUCT('Open CASCADE STEP translator 7.9 1.3',
  'Open CASCADE STEP translator 7.9 1.3','',(#10304));
#10304 = PRODUCT_CONTEXT('',#2,'mechanical');
#10305 = PRODUCT_DEFINITION_CONTEXT('part definition',#2,'design');
#10306 = ADVANCED_BREP_SHAPE_REPRESENTATION('',(#11,#10307),#10637);
#10307 = MANIFOLD_SOLID_BREP('',#10308);
#10308 = CLOSED_SHELL('',(#10309,#10429,#10505,#10576,#10603,#10630));
#10309 = ADVANCED_FACE('',(#10310),#10324,.F.);
#10310 = FACE_BOUND('',#10311,.F.);
#10311 = EDGE_LOOP('',(#10312,#10347,#10375,#10403));
#10312 = ORIENTED_EDGE('',*,*,#10313,.F.);
#10313 = EDGE_CURVE('',#10314,#10316,#10318,.T.);
#10314 = VERTEX_POINT('',#10315);
#10315 = CARTESIAN_POINT('',(-50.08757210636,-6.987572106361,0.));
#10316 = VERTEX_POINT('',#10317);
#10317 = CARTESIAN_POINT('',(-50.08757210636,-6.987572106361,10.));
#10318 = SURFACE_CURVE('',#10319,(#10323,#10335),.PCURVE_S1.);
#10319 = LINE('',#10320,#10321);
#10320 = CARTESIAN_POINT('',(-50.08757210636,-6.987572106361,0.));
#10321 = VECTOR('',#10322,1.);
#10322 = DIRECTION('',(0.,0.,1.));
#10323 = PCURVE('',#10324,#10329);
#10324 = PLANE('',#10325);
#10325 = AXIS2_PLACEMENT_3D('',#10326,#10327,#10328);
#10326 = CARTESIAN_POINT('',(-50.08757210636,-6.987572106361,0.));
#10327 = DIRECTION('',(1.,0.,0.));
#10328 = DIRECTION('',(0.,0.,1.));
#10329 = DEFINITIONAL_REPRESENTATION('',(#10330),#10334);
#10330 = LINE('',#10331,#10332);
#10331 = CARTESIAN_POINT('',(0.,0.));
#10332 = VECTOR('',#10333,1.);
#10333 = DIRECTION('',(1.,0.));
#10334 = ( GEOMETRIC_REPRESENTATION_CONTEXT(2) 
PARAMETRIC_REPRESENTATION_CONTEXT() REPRESENTATION_CONTEXT('2D SPACE',''
  ) );
#10335 = PCURVE('',#10336,#10341);
#10336 = PLANE('',#10337);
#10337 = AXIS2_PLACEMENT_3D('',#10338,#10339,#10340);
#10338 = CARTESIAN_POINT('',(-50.08757210636,-6.987572106361,0.));
#10339 = DIRECTION('',(0.,1.,0.));
#10340 = DIRECTION('',(0.,0.,1.));
#10341 = DEFINITIONAL_REPRESENTATION('',(#10342),#10346);
#10342 = LINE('',#10343,#10344);
#10343 = CARTESIAN_POINT('',(0.,0.));
#10344 = VECTOR('',#10345,1.);
#10345 = DIRECTION('',(1.,0.));
#10346 = ( GEOMETRIC_REPRESENTATION_CONTEXT(2) 
PARAMETRIC_REPRESENTATION_CONTEXT() REPRESENTATION_CONTEXT('2D SPACE',''
  ) );
#10347 = ORIENTED_EDGE('',*,*,#10348,.T.);
#10348 = EDGE_CURVE('',#10314,#10349,#10351,.T.);
#10349 = VERTEX_POINT('',#10350);
#10350 = CARTESIAN_POINT('',(-50.08757210636,6.987572106361,0.));
#10351 = SURFACE_CURVE('',#10352,(#10356,#10363),.PCURVE_S1.);
#10352 = LINE('',#10353,#10354);
#10353 = CARTESIAN_POINT('',(-50.08757210636,-6.987572106361,0.));
#10354 = VECTOR('',#10355,1.);
#10355 = DIRECTION('',(0.,1.,0.));
#10356 = PCURVE('',#10324,#10357);
#10357 = DEFINITIONAL_REPRESENTATION('',(#10358),#10362);
#10358 = LINE('',#10359,#10360);
#10359 = CARTESIAN_POINT('',(0.,0.));
#10360 = VECTOR('',#10361,1.);
#10361 = DIRECTION('',(0.,-1.));
#10362 = ( GEOMETRIC_REPRESENTATION_CONTEXT(2) 
PARAMETRIC_REPRESENTATION_CONTEXT() REPRESENTATION_CONTEXT('2D SPACE',''
  ) );
#10363 = PCURVE('',#10364,#10369);
#10364 = PLANE('',#10365);
#10365 = AXIS2_PLACEMENT_3D('',#10366,#10367,#10368);
#10366 = CARTESIAN_POINT('',(-50.08757210636,-6.987572106361,0.));
#10367 = DIRECTION('',(0.,0.,1.));
#10368 = DIRECTION('',(1.,0.,0.));
#10369 = DEFINITIONAL_REPRESENTATION('',(#10370),#10374);
#10370 = LINE('',#10371,#10372);
#10371 = CARTESIAN_POINT('',(0.,0.));
#10372 = VECTOR('',#10373,1.);
#10373 = DIRECTION('',(0.,1.));
#10374 = ( GEOMETRIC_REPRESENTATION_CONTEXT(2) 
PARAMETRIC_REPRESENTATION_CONTEXT() REPRESENTATION_CONTEXT('2D SPACE',''
  ) );
#10375 = ORIENTED_EDGE('',*,*,#10376,.T.);
#10376 = EDGE_CURVE('',#10349,#10377,#10379,.T.);
#10377 = VERTEX_POINT('',#10378);
#10378 = CARTESIAN_POINT('',(-50.08757210636,6.987572106361,10.));
#10379 = SURFACE_CURVE('',#10380,(#10384,#10391),.PCURVE_S1.);
#10380 = LINE('',#10381,#10382);
#10381 = CARTESIAN_POINT('',(-50.08757210636,6.987572106361,0.));
#10382 = VECTOR('',#10383,1.);
#10383 = DIRECTION('',(0.,0.,1.));
#10384 = PCURVE('',#10324,#10385);
#10385 = DEFINITIONAL_REPRESENTATION('',(#10386),#10390);
#10386 = LINE('',#10387,#10388);
#10387 = CARTESIAN_POINT('',(0.,-13.97514421272));
#10388 = VECTOR('',#10389,1.);
#10389 = DIRECTION('',(1.,0.));
#10390 = ( GEOMETRIC_REPRESENTATION_CONTEXT(2) 
PARAMETRIC_REPRESENTATION_CONTEXT() REPRESENTATION_CONTEXT('2D SPACE',''
  ) );
#10391 = PCURVE('',#10392,#10397);
#10392 = PLANE('',#10393);
#10393 = AXIS2_PLACEMENT_3D('',#10394,#10395,#10396);
#10394 = CARTESIAN_POINT('',(-50.08757210636,6.987572106361,0.));
#10395 = DIRECTION('',(0.,1.,0.));
#10396 = DIRECTION('',(0.,0.,1.));
#10397 = DEFINITIONAL_REPRESENTATION('',(#10398),#10402);
#10398 = LINE('',#10399,#10400);
#10399 = CARTESIAN_POINT('',(0.,0.));
#10400 = VECTOR('',#10401,1.);
#10401 = DIRECTION('',(1.,0.));
#10402 = ( GEOMETRIC_REPRESENTATION_CONTEXT(2) 
PARAMETRIC_REPRESENTATION_CONTEXT() REPRESENTATION_CONTEXT('2D SPACE',''
  ) );
#10403 = ORIENTED_EDGE('',*,*,#10404,.F.);
#10404 = EDGE_CURVE('',#10316,#10377,#10405,.T.);
#10405 = SURFACE_CURVE('',#10406,(#10410,#10417),.PCURVE_S1.);
#10406 = LINE('',#10407,#10408);
#10407 = CARTESIAN_POINT('',(-50.08757210636,-6.987572106361,10.));
#10408 = VECTOR('',#10409,1.);
#10409 = DIRECTION('',(0.,1.,0.));
#10410 = PCURVE('',#10324,#10411);
#10411 = DEFINITIONAL_REPRESENTATION('',(#10412),#10416);
#10412 = LINE('',#10413,#10414);
#10413 = CARTESIAN_POINT('',(10.,0.));
#10414 = VECTOR('',#10415,1.);
#10415 = DIRECTION('',(0.,-1.));
#10416 = ( GEOMETRIC_REPRESENTATION_CONTEXT(2) 
PARAMETRIC_REPRESENTATION_CONTEXT() REPRESENTATION_CONTEXT('2D SPACE',''
  ) );
#10417 = PCURVE('',#10418,#10423);
#10418 = PLANE('',#10419);
#10419 = AXIS2_PLACEMENT_3D('',#10420,#10421,#10422);
#10420 = CARTESIAN_POINT('',(-50.08757210636,-6.987572106361,10.));
#10421 = DIRECTION('',(0.,0.,1.));
#10422 = DIRECTION('',(1.,0.,0.));
#10423 = DEFINITIONAL_REPRESENTATION('',(#10424),#10428);
#10424 = LINE('',#10425,#10426);
#10425 = CARTESIAN_POINT('',(0.,0.));
#10426 = VECTOR('',#10427,1.);
#10427 = DIRECTION('',(0.,1.));
#10428 = ( GEOMETRIC_REPRESENTATION_CONTEXT(2) 
PARAMETRIC_REPRESENTATION_CONTEXT() REPRESENTATION_CONTEXT('2D SPACE',''
  ) );
#10429 = ADVANCED_FACE('',(#10430),#10364,.F.);
#10430 = FACE_BOUND('',#10431,.F.);
#10431 = EDGE_LOOP('',(#10432,#10433,#10456,#10484));
#10432 = ORIENTED_EDGE('',*,*,#10348,.F.);
#10433 = ORIENTED_EDGE('',*,*,#10434,.T.);
#10434 = EDGE_CURVE('',#10314,#10435,#10437,.T.);
#10435 = VERTEX_POINT('',#10436);
#10436 = CARTESIAN_POINT('',(-47.88757210636,-6.987572106361,0.));
#10437 = SURFACE_CURVE('',#10438,(#10442,#10449),.PCURVE_S1.);
#10438 = LINE('',#10439,#10440);
#10439 = CARTESIAN_POINT('',(-50.08757210636,-6.987572106361,0.));
#10440 = VECTOR('',#10441,1.);
#10441 = DIRECTION('',(1.,0.,0.));
#10442 = PCURVE('',#10364,#10443);
#10443 = DEFINITIONAL_REPRESENTATION('',(#10444),#10448);
#10444 = LINE('',#10445,#10446);
#10445 = CARTESIAN_POINT('',(0.,0.));
#10446 = VECTOR('',#10447,1.);
#10447 = DIRECTION('',(1.,0.));
#10448 = ( GEOMETRIC_REPRESENTATION_CONTEXT(2) 
PARAMETRIC_REPRESENTATION_CONTEXT() REPRESENTATION_CONTEXT('2D SPACE',''
  ) );
#10449 = PCURVE('',#10336,#10450);
#10450 = DEFINITIONAL_REPRESENTATION('',(#10451),#10455);
#10451 = LINE('',#10452,#10453);
#10452 = CARTESIAN_POINT('',(0.,0.));
#10453 = VECTOR('',#10454,1.);
#10454 = DIRECTION('',(0.,1.));
#10455 = ( GEOMETRIC_REPRESENTATION_CONTEXT(2) 
PARAMETRIC_REPRESENTATION_CONTEXT() REPRESENTATION_CONTEXT('2D SPACE',''
  ) );
#10456 = ORIENTED_EDGE('',*,*,#10457,.T.);
#10457 = EDGE_CURVE('',#10435,#10458,#10460,.T.);
#10458 = VERTEX_POINT('',#10459);
#10459 = CARTESIAN_POINT('',(-47.88757210636,6.987572106361,0.));
#10460 = SURFACE_CURVE('',#10461,(#10465,#10472),.PCURVE_S1.);
#10461 = LINE('',#10462,#10463);
#10462 = CARTESIAN_POINT('',(-47.88757210636,-6.987572106361,0.));
#10463 = VECTOR('',#10464,1.);
#10464 = DIRECTION('',(0.,1.,0.));
#10465 = PCURVE('',#10364,#10466);
#10466 = DEFINITIONAL_REPRESENTATION('',(#10467),#10471);
#10467 = LINE('',#10468,#10469);
#10468 = CARTESIAN_POINT('',(2.2,0.));
#10469 = VECTOR('',#10470,1.);
#10470 = DIRECTION('',(0.,1.));
#10471 = ( GEOMETRIC_REPRESENTATION_CONTEXT(2) 
PARAMETRIC_REPRESENTATION_CONTEXT() REPRESENTATION_CONTEXT('2D SPACE',''
  ) );
#10472 = PCURVE('',#10473,#10478);
#10473 = PLANE('',#10474);
#10474 = AXIS2_PLACEMENT_3D('',#10475,#10476,#10477);
#10475 = CARTESIAN_POINT('',(-47.88757210636,-6.987572106361,0.));
#10476 = DIRECTION('',(1.,0.,0.));
#10477 = DIRECTION('',(0.,0.,1.));
#10478 = DEFINITIONAL_REPRESENTATION('',(#10479),#10483);
#10479 = LINE('',#10480,#10481);
#10480 = CARTESIAN_POINT('',(0.,0.));
#10481 = VECTOR('',#10482,1.);
#10482 = DIRECTION('',(0.,-1.));
#10483 = ( GEOMETRIC_REPRESENTATION_CONTEXT(2) 
PARAMETRIC_REPRESENTATION_CONTEXT() REPRESENTATION_CONTEXT('2D SPACE',''
  ) );
#10484 = ORIENTED_EDGE('',*,*,#10485,.F.);
#10485 = EDGE_CURVE('',#10349,#10458,#10486,.T.);
#10486 = SURFACE_CURVE('',#10487,(#10491,#10498),.PCURVE_S1.);
#10487 = LINE('',#10488,#10489);
#10488 = CARTESIAN_POINT('',(-50.08757210636,6.987572106361,0.));
#10489 = VECTOR('',#10490,1.);
#10490 = DIRECTION('',(1.,0.,0.));
#10491 = PCURVE('',#10364,#10492);
#10492 = DEFINITIONAL_REPRESENTATION('',(#10493),#10497);
#10493 = LINE('',#10494,#10495);
#10494 = CARTESIAN_POINT('',(0.,13.975144212722));
#10495 = VECTOR('',#10496,1.);
#10496 = DIRECTION('',(1.,0.));
#10497 = ( GEOMETRIC_REPRESENTATION_CONTEXT(2) 
PARAMETRIC_REPRESENTATION_CONTEXT() REPRESENTATION_CONTEXT('2D SPACE',''
  ) );
#10498 = PCURVE('',#10392,#10499);
#10499 = DEFINITIONAL_REPRESENTATION('',(#10500),#10504);
#10500 = LINE('',#10501,#10502);
#10501 = CARTESIAN_POINT('',(0.,0.));
#10502 = VECTOR('',#10503,1.);
#10503 = DIRECTION('',(0.,1.));
#10504 = ( GEOMETRIC_REPRESENTATION_CONTEXT(2) 
PARAMETRIC_REPRESENTATION_CONTEXT() REPRESENTATION_CONTEXT('2D SPACE',''
  ) );
#10505 = ADVANCED_FACE('',(#10506),#10473,.T.);
#10506 = FACE_BOUND('',#10507,.T.);
#10507 = EDGE_LOOP('',(#10508,#10531,#10532,#10555));
#10508 = ORIENTED_EDGE('',*,*,#10509,.F.);
#10509 = EDGE_CURVE('',#10435,#10510,#10512,.T.);
#10510 = VERTEX_POINT('',#10511);
#10511 = CARTESIAN_POINT('',(-47.88757210636,-6.987572106361,10.));
#10512 = SURFACE_CURVE('',#10513,(#10517,#10524),.PCURVE_S1.);
#10513 = LINE('',#10514,#10515);
#10514 = CARTESIAN_POINT('',(-47.88757210636,-6.987572106361,0.));
#10515 = VECTOR('',#10516,1.);
#10516 = DIRECTION('',(0.,0.,1.));
#10517 = PCURVE('',#10473,#10518);
#10518 = DEFINITIONAL_REPRESENTATION('',(#10519),#10523);
#10519 = LINE('',#10520,#10521);
#10520 = CARTESIAN_POINT('',(0.,0.));
#10521 = VECTOR('',#10522,1.);
#10522 = DIRECTION('',(1.,0.));
#10523 = ( GEOMETRIC_REPRESENTATION_CONTEXT(2) 
PARAMETRIC_REPRESENTATION_CONTEXT() REPRESENTATION_CONTEXT('2D SPACE',''
  ) );
#10524 = PCURVE('',#10336,#10525);
#10525 = DEFINITIONAL_REPRESENTATION('',(#10526),#10530);
#10526 = LINE('',#10527,#10528);
#10527 = CARTESIAN_POINT('',(0.,2.2));
#10528 = VECTOR('',#10529,1.);
#10529 = DIRECTION('',(1.,0.));
#10530 = ( GEOMETRIC_REPRESENTATION_CONTEXT(2) 
PARAMETRIC_REPRESENTATION_CONTEXT() REPRESENTATION_CONTEXT('2D SPACE',''
  ) );
#10531 = ORIENTED_EDGE('',*,*,#10457,.T.);
#10532 = ORIENTED_EDGE('',*,*,#10533,.T.);
#10533 = EDGE_CURVE('',#10458,#10534,#10536,.T.);
#10534 = VERTEX_POINT('',#10535);
#10535 = CARTESIAN_POINT('',(-47.88757210636,6.987572106361,10.));
#10536 = SURFACE_CURVE('',#10537,(#10541,#10548),.PCURVE_S1.);
#10537 = LINE('',#10538,#10539);
#10538 = CARTESIAN_POINT('',(-47.88757210636,6.987572106361,0.));
#10539 = VECTOR('',#10540,1.);
#10540 = DIRECTION('',(0.,0.,1.));
#10541 = PCURVE('',#10473,#10542);
#10542 = DEFINITIONAL_REPRESENTATION('',(#10543),#10547);
#10543 = LINE('',#10544,#10545);
#10544 = CARTESIAN_POINT('',(0.,-13.97514421272));
#10545 = VECTOR('',#10546,1.);
#10546 = DIRECTION('',(1.,0.));
#10547 = ( GEOMETRIC_REPRESENTATION_CONTEXT(2) 
PARAMETRIC_REPRESENTATION_CONTEXT() REPRESENTATION_CONTEXT('2D SPACE',''
  ) );
#10548 = PCURVE('',#10392,#10549);
#10549 = DEFINITIONAL_REPRESENTATION('',(#10550),#10554);
#10550 = LINE('',#10551,#10552);
#10551 = CARTESIAN_POINT('',(0.,2.2));
#10552 = VECTOR('',#10553,1.);
#10553 = DIRECTION('',(1.,0.));
#10554 = ( GEOMETRIC_REPRESENTATION_CONTEXT(2) 
PARAMETRIC_REPRESENTATION_CONTEXT() REPRESENTATION_CONTEXT('2D SPACE',''
  ) );
#10555 = ORIENTED_EDGE('',*,*,#10556,.F.);
#10556 = EDGE_CURVE('',#10510,#10534,#10557,.T.);
#10557 = SURFACE_CURVE('',#10558,(#10562,#10569),.PCURVE_S1.);
#10558 = LINE('',#10559,#10560);
#10559 = CARTESIAN_POINT('',(-47.88757210636,-6.987572106361,10.));
#10560 = VECTOR('',#10561,1.);
#10561 = DIRECTION('',(0.,1.,0.));
#10562 = PCURVE('',#10473,#10563);
#10563 = DEFINITIONAL_REPRESENTATION('',(#10564),#10568);
#10564 = LINE('',#10565,#10566);
#10565 = CARTESIAN_POINT('',(10.,0.));
#10566 = VECTOR('',#10567,1.);
#10567 = DIRECTION('',(0.,-1.));
#10568 = ( GEOMETRIC_REPRESENTATION_CONTEXT(2) 
PARAMETRIC_REPRESENTATION_CONTEXT() REPRESENTATION_CONTEXT('2D SPACE',''
  ) );
#10569 = PCURVE('',#10418,#10570);
#10570 = DEFINITIONAL_REPRESENTATION('',(#10571),#10575);
#10571 = LINE('',#10572,#10573);
#10572 = CARTESIAN_POINT('',(2.2,0.));
#10573 = VECTOR('',#10574,1.);
#10574 = DIRECTION('',(0.,1.));
#10575 = ( GEOMETRIC_REPRESENTATION_CONTEXT(2) 
PARAMETRIC_REPRESENTATION_CONTEXT() REPRESENTATION_CONTEXT('2D SPACE',''
  ) );
#10576 = ADVANCED_FACE('',(#10577),#10392,.T.);
#10577 = FACE_BOUND('',#10578,.T.);
#10578 = EDGE_LOOP('',(#10579,#10580,#10581,#10602));
#10579 = ORIENTED_EDGE('',*,*,#10485,.F.);
#10580 = ORIENTED_EDGE('',*,*,#10376,.T.);
#10581 = ORIENTED_EDGE('',*,*,#10582,.T.);
#10582 = EDGE_CURVE('',#10377,#10534,#10583,.T.);
#10583 = SURFACE_CURVE('',#10584,(#10588,#10595),.PCURVE_S1.);
#10584 = LINE('',#10585,#10586);
#10585 = CARTESIAN_POINT('',(-50.08757210636,6.987572106361,10.));
#10586 = VECTOR('',#10587,1.);
#10587 = DIRECTION('',(1.,0.,0.));
#10588 = PCURVE('',#10392,#10589);
#10589 = DEFINITIONAL_REPRESENTATION('',(#10590),#10594);
#10590 = LINE('',#10591,#10592);
#10591 = CARTESIAN_POINT('',(10.,0.));
#10592 = VECTOR('',#10593,1.);
#10593 = DIRECTION('',(0.,1.));
#10594 = ( GEOMETRIC_REPRESENTATION_CONTEXT(2) 
PARAMETRIC_REPRESENTATION_CONTEXT() REPRESENTATION_CONTEXT('2D SPACE',''
  ) );
#10595 = PCURVE('',#10418,#10596);
#10596 = DEFINITIONAL_REPRESENTATION('',(#10597),#10601);
#10597 = LINE('',#10598,#10599);
#10598 = CARTESIAN_POINT('',(0.,13.975144212722));
#10599 = VECTOR('',#10600,1.);
#10600 = DIRECTION('',(1.,0.));
#10601 = ( GEOMETRIC_REPRESENTATION_CONTEXT(2) 
PARAMETRIC_REPRESENTATION_CONTEXT() REPRESENTATION_CONTEXT('2D SPACE',''
  ) );
#10602 = ORIENTED_EDGE('',*,*,#10533,.F.);
#10603 = ADVANCED_FACE('',(#10604),#10418,.T.);
#10604 = FACE_BOUND('',#10605,.T.);
#10605 = EDGE_LOOP('',(#10606,#10607,#10628,#10629));
#10606 = ORIENTED_EDGE('',*,*,#10404,.F.);
#10607 = ORIENTED_EDGE('',*,*,#10608,.T.);
#10608 = EDGE_CURVE('',#10316,#10510,#10609,.T.);
#10609 = SURFACE_CURVE('',#10610,(#10614,#10621),.PCURVE_S1.);
#10610 = LINE('',#10611,#10612);
#10611 = CARTESIAN_POINT('',(-50.08757210636,-6.987572106361,10.));
#10612 = VECTOR('',#10613,1.);
#10613 = DIRECTION('',(1.,0.,0.));
#10614 = PCURVE('',#10418,#10615);
#10615 = DEFINITIONAL_REPRESENTATION('',(#10616),#10620);
#10616 = LINE('',#10617,#10618);
#10617 = CARTESIAN_POINT('',(0.,0.));
#10618 = VECTOR('',#10619,1.);
#10619 = DIRECTION('',(1.,0.));
#10620 = ( GEOMETRIC_REPRESENTATION_CONTEXT(2) 
PARAMETRIC_REPRESENTATION_CONTEXT() REPRESENTATION_CONTEXT('2D SPACE',''
  ) );
#10621 = PCURVE('',#10336,#10622);
#10622 = DEFINITIONAL_REPRESENTATION('',(#10623),#10627);
#10623 = LINE('',#10624,#10625);
#10624 = CARTESIAN_POINT('',(10.,0.));
#10625 = VECTOR('',#10626,1.);
#10626 = DIRECTION('',(0.,1.));
#10627 = ( GEOMETRIC_REPRESENTATION_CONTEXT(2) 
PARAMETRIC_REPRESENTATION_CONTEXT() REPRESENTATION_CONTEXT('2D SPACE',''
  ) );
#10628 = ORIENTED_EDGE('',*,*,#10556,.T.);
#10629 = ORIENTED_EDGE('',*,*,#10582,.F.);
#10630 = ADVANCED_FACE('',(#10631),#10336,.F.);
#10631 = FACE_BOUND('',#10632,.F.);
#10632 = EDGE_LOOP('',(#10633,#10634,#10635,#10636));
#10633 = ORIENTED_EDGE('',*,*,#10434,.F.);
#10634 = ORIENTED_EDGE('',*,*,#10313,.T.);
#10635 = ORIENTED_EDGE('',*,*,#10608,.T.);
#10636 = ORIENTED_EDGE('',*,*,#10509,.F.);
#10637 = ( GEOMETRIC_REPRESENTATION_CONTEXT(3) 
GLOBAL_UNCERTAINTY_ASSIGNED_CONTEXT((#10641)) 
GLOBAL_UNIT_ASSIGNED_CONTEXT((#10638,#10639,#10640)) 
REPRESENTATION_CONTEXT('Context #1',
  '3D Context with UNIT and UNCERTAINTY') );
#10638 = ( LENGTH_UNIT() NAMED_UNIT(*) SI_UNIT(.MILLI.,.METRE.) );
#10639 = ( NAMED_UNIT(*) PLANE_ANGLE_UNIT() SI_UNIT($,.RADIAN.) );
#10640 = ( NAMED_UNIT(*) SI_UNIT($,.STERADIAN.) SOLID_ANGLE_UNIT() );
#10641 = UNCERTAINTY_MEASURE_WITH_UNIT(LENGTH_MEASURE(1.E-07),#10638,
  'distance_accuracy_value','confusion accuracy');
#10642 = CONTEXT_DEPENDENT_SHAPE_REPRESENTATION(#10643,#10645);
#10643 = ( REPRESENTATION_RELATIONSHIP('','',#10306,#10) 
REPRESENTATION_RELATIONSHIP_WITH_TRANSFORMATION(#10644) 
SHAPE_REPRESENTATION_RELATIONSHIP() );
#10644 = ITEM_DEFINED_TRANSFORMATION('','',#11,#23);
#10645 = PRODUCT_DEFINITION_SHAPE('Placement','Placement of an item',
  #10646);
#10646 = NEXT_ASSEMBLY_USAGE_OCCURRENCE('3','','',#5,#10301,$);
#10647 = PRODUCT_RELATED_PRODUCT_CATEGORY('part',$,(#10303));
#10648 = SHAPE_DEFINITION_REPRESENTATION(#10649,#10655);
#10649 = PRODUCT_DEFINITION_SHAPE('','',#10650);
#10650 = PRODUCT_DEFINITION('design','',#10651,#10654);
#10651 = PRODUCT_DEFINITION_FORMATION('','',#10652);
#10652 = PRODUCT('Open CASCADE STEP translator 7.9 1.4',
  'Open CASCADE STEP translator 7.9 1.4','',(#10653));
#10653 = PRODUCT_CONTEXT('',#2,'mechanical');
#10654 = PRODUCT_DEFINITION_CONTEXT('part definition',#2,'design');
#10655 = ADVANCED_BREP_SHAPE_REPRESENTATION('',(#11,#10656),#10986);
#10656 = MANIFOLD_SOLID_BREP('',#10657);
#10657 = CLOSED_SHELL('',(#10658,#10778,#10854,#10925,#10952,#10979));
#10658 = ADVANCED_FACE('',(#10659),#10673,.F.);
#10659 = FACE_BOUND('',#10660,.F.);
#10660 = EDGE_LOOP('',(#10661,#10696,#10724,#10752));
#10661 = ORIENTED_EDGE('',*,*,#10662,.F.);
#10662 = EDGE_CURVE('',#10663,#10665,#10667,.T.);
#10663 = VERTEX_POINT('',#10664);
#10664 = CARTESIAN_POINT('',(-6.987572106361,47.887572106361,0.));
#10665 = VERTEX_POINT('',#10666);
#10666 = CARTESIAN_POINT('',(-6.987572106361,47.887572106361,10.));
#10667 = SURFACE_CURVE('',#10668,(#10672,#10684),.PCURVE_S1.);
#10668 = LINE('',#10669,#10670);
#10669 = CARTESIAN_POINT('',(-6.987572106361,47.887572106361,0.));
#10670 = VECTOR('',#10671,1.);
#10671 = DIRECTION('',(0.,0.,1.));
#10672 = PCURVE('',#10673,#10678);
#10673 = PLANE('',#10674);
#10674 = AXIS2_PLACEMENT_3D('',#10675,#10676,#10677);
#10675 = CARTESIAN_POINT('',(-6.987572106361,47.887572106361,0.));
#10676 = DIRECTION('',(1.,0.,0.));
#10677 = DIRECTION('',(0.,0.,1.));
#10678 = DEFINITIONAL_REPRESENTATION('',(#10679),#10683);
#10679 = LINE('',#10680,#10681);
#10680 = CARTESIAN_POINT('',(0.,0.));
#10681 = VECTOR('',#10682,1.);
#10682 = DIRECTION('',(1.,0.));
#10683 = ( GEOMETRIC_REPRESENTATION_CONTEXT(2) 
PARAMETRIC_REPRESENTATION_CONTEXT() REPRESENTATION_CONTEXT('2D SPACE',''
  ) );
#10684 = PCURVE('',#10685,#10690);
#10685 = PLANE('',#10686);
#10686 = AXIS2_PLACEMENT_3D('',#10687,#10688,#10689);
#10687 = CARTESIAN_POINT('',(-6.987572106361,47.887572106361,0.));
#10688 = DIRECTION('',(0.,1.,0.));
#10689 = DIRECTION('',(0.,0.,1.));
#10690 = DEFINITIONAL_REPRESENTATION('',(#10691),#10695);
#10691 = LINE('',#10692,#10693);
#10692 = CARTESIAN_POINT('',(0.,0.));
#10693 = VECTOR('',#10694,1.);
#10694 = DIRECTION('',(1.,0.));
#10695 = ( GEOMETRIC_REPRESENTATION_CONTEXT(2) 
PARAMETRIC_REPRESENTATION_CONTEXT() REPRESENTATION_CONTEXT('2D SPACE',''
  ) );
#10696 = ORIENTED_EDGE('',*,*,#10697,.T.);
#10697 = EDGE_CURVE('',#10663,#10698,#10700,.T.);
#10698 = VERTEX_POINT('',#10699);
#10699 = CARTESIAN_POINT('',(-6.987572106361,50.087572106361,0.));
#10700 = SURFACE_CURVE('',#10701,(#10705,#10712),.PCURVE_S1.);
#10701 = LINE('',#10702,#10703);
#10702 = CARTESIAN_POINT('',(-6.987572106361,47.887572106361,0.));
#10703 = VECTOR('',#10704,1.);
#10704 = DIRECTION('',(0.,1.,0.));
#10705 = PCURVE('',#10673,#10706);
#10706 = DEFINITIONAL_REPRESENTATION('',(#10707),#10711);
#10707 = LINE('',#10708,#10709);
#10708 = CARTESIAN_POINT('',(0.,0.));
#10709 = VECTOR('',#10710,1.);
#10710 = DIRECTION('',(0.,-1.));
#10711 = ( GEOMETRIC_REPRESENTATION_CONTEXT(2) 
PARAMETRIC_REPRESENTATION_CONTEXT() REPRESENTATION_CONTEXT('2D SPACE',''
  ) );
#10712 = PCURVE('',#10713,#10718);
#10713 = PLANE('',#10714);
#10714 = AXIS2_PLACEMENT_3D('',#10715,#10716,#10717);
#10715 = CARTESIAN_POINT('',(-6.987572106361,47.887572106361,0.));
#10716 = DIRECTION('',(0.,0.,1.));
#10717 = DIRECTION('',(1.,0.,0.));
#10718 = DEFINITIONAL_REPRESENTATION('',(#10719),#10723);
#10719 = LINE('',#10720,#10721);
#10720 = CARTESIAN_POINT('',(0.,0.));
#10721 = VECTOR('',#10722,1.);
#10722 = DIRECTION('',(0.,1.));
#10723 = ( GEOMETRIC_REPRESENTATION_CONTEXT(2) 
PARAMETRIC_REPRESENTATION_CONTEXT() REPRESENTATION_CONTEXT('2D SPACE',''
  ) );
#10724 = ORIENTED_EDGE('',*,*,#10725,.T.);
#10725 = EDGE_CURVE('',#10698,#10726,#10728,.T.);
#10726 = VERTEX_POINT('',#10727);
#10727 = CARTESIAN_POINT('',(-6.987572106361,50.087572106361,10.));
#10728 = SURFACE_CURVE('',#10729,(#10733,#10740),.PCURVE_S1.);
#10729 = LINE('',#10730,#10731);
#10730 = CARTESIAN_POINT('',(-6.987572106361,50.087572106361,0.));
#10731 = VECTOR('',#10732,1.);
#10732 = DIRECTION('',(0.,0.,1.));
#10733 = PCURVE('',#10673,#10734);
#10734 = DEFINITIONAL_REPRESENTATION('',(#10735),#10739);
#10735 = LINE('',#10736,#10737);
#10736 = CARTESIAN_POINT('',(0.,-2.2));
#10737 = VECTOR('',#10738,1.);
#10738 = DIRECTION('',(1.,0.));
#10739 = ( GEOMETRIC_REPRESENTATION_CONTEXT(2) 
PARAMETRIC_REPRESENTATION_CONTEXT() REPRESENTATION_CONTEXT('2D SPACE',''
  ) );
#10740 = PCURVE('',#10741,#10746);
#10741 = PLANE('',#10742);
#10742 = AXIS2_PLACEMENT_3D('',#10743,#10744,#10745);
#10743 = CARTESIAN_POINT('',(-6.987572106361,50.087572106361,0.));
#10744 = DIRECTION('',(0.,1.,0.));
#10745 = DIRECTION('',(0.,0.,1.));
#10746 = DEFINITIONAL_REPRESENTATION('',(#10747),#10751);
#10747 = LINE('',#10748,#10749);
#10748 = CARTESIAN_POINT('',(0.,0.));
#10749 = VECTOR('',#10750,1.);
#10750 = DIRECTION('',(1.,0.));
#10751 = ( GEOMETRIC_REPRESENTATION_CONTEXT(2) 
PARAMETRIC_REPRESENTATION_CONTEXT() REPRESENTATION_CONTEXT('2D SPACE',''
  ) );
#10752 = ORIENTED_EDGE('',*,*,#10753,.F.);
#10753 = EDGE_CURVE('',#10665,#10726,#10754,.T.);
#10754 = SURFACE_CURVE('',#10755,(#10759,#10766),.PCURVE_S1.);
#10755 = LINE('',#10756,#10757);
#10756 = CARTESIAN_POINT('',(-6.987572106361,47.887572106361,10.));
#10757 = VECTOR('',#10758,1.);
#10758 = DIRECTION('',(0.,1.,0.));
#10759 = PCURVE('',#10673,#10760);
#10760 = DEFINITIONAL_REPRESENTATION('',(#10761),#10765);
#10761 = LINE('',#10762,#10763);
#10762 = CARTESIAN_POINT('',(10.,0.));
#10763 = VECTOR('',#10764,1.);
#10764 = DIRECTION('',(0.,-1.));
#10765 = ( GEOMETRIC_REPRESENTATION_CONTEXT(2) 
PARAMETRIC_REPRESENTATION_CONTEXT() REPRESENTATION_CONTEXT('2D SPACE',''
  ) );
#10766 = PCURVE('',#10767,#10772);
#10767 = PLANE('',#10768);
#10768 = AXIS2_PLACEMENT_3D('',#10769,#10770,#10771);
#10769 = CARTESIAN_POINT('',(-6.987572106361,47.887572106361,10.));
#10770 = DIRECTION('',(0.,0.,1.));
#10771 = DIRECTION('',(1.,0.,0.));
#10772 = DEFINITIONAL_REPRESENTATION('',(#10773),#10777);
#10773 = LINE('',#10774,#10775);
#10774 = CARTESIAN_POINT('',(0.,0.));
#10775 = VECTOR('',#10776,1.);
#10776 = DIRECTION('',(0.,1.));
#10777 = ( GEOMETRIC_REPRESENTATION_CONTEXT(2) 
PARAMETRIC_REPRESENTATION_CONTEXT() REPRESENTATION_CONTEXT('2D SPACE',''
  ) );
#10778 = ADVANCED_FACE('',(#10779),#10713,.F.);
#10779 = FACE_BOUND('',#10780,.F.);
#10780 = EDGE_LOOP('',(#10781,#10782,#10805,#10833));
#10781 = ORIENTED_EDGE('',*,*,#10697,.F.);
#10782 = ORIENTED_EDGE('',*,*,#10783,.T.);
#10783 = EDGE_CURVE('',#10663,#10784,#10786,.T.);
#10784 = VERTEX_POINT('',#10785);
#10785 = CARTESIAN_POINT('',(6.987572106361,47.887572106361,0.));
#10786 = SURFACE_CURVE('',#10787,(#10791,#10798),.PCURVE_S1.);
#10787 = LINE('',#10788,#10789);
#10788 = CARTESIAN_POINT('',(-6.987572106361,47.887572106361,0.));
#10789 = VECTOR('',#10790,1.);
#10790 = DIRECTION('',(1.,0.,0.));
#10791 = PCURVE('',#10713,#10792);
#10792 = DEFINITIONAL_REPRESENTATION('',(#10793),#10797);
#10793 = LINE('',#10794,#10795);
#10794 = CARTESIAN_POINT('',(0.,0.));
#10795 = VECTOR('',#10796,1.);
#10796 = DIRECTION('',(1.,0.));
#10797 = ( GEOMETRIC_REPRESENTATION_CONTEXT(2) 
PARAMETRIC_REPRESENTATION_CONTEXT() REPRESENTATION_CONTEXT('2D SPACE',''
  ) );
#10798 = PCURVE('',#10685,#10799);
#10799 = DEFINITIONAL_REPRESENTATION('',(#10800),#10804);
#10800 = LINE('',#10801,#10802);
#10801 = CARTESIAN_POINT('',(0.,0.));
#10802 = VECTOR('',#10803,1.);
#10803 = DIRECTION('',(0.,1.));
#10804 = ( GEOMETRIC_REPRESENTATION_CONTEXT(2) 
PARAMETRIC_REPRESENTATION_CONTEXT() REPRESENTATION_CONTEXT('2D SPACE',''
  ) );
#10805 = ORIENTED_EDGE('',*,*,#10806,.T.);
#10806 = EDGE_CURVE('',#10784,#10807,#10809,.T.);
#10807 = VERTEX_POINT('',#10808);
#10808 = CARTESIAN_POINT('',(6.987572106361,50.087572106361,0.));
#10809 = SURFACE_CURVE('',#10810,(#10814,#10821),.PCURVE_S1.);
#10810 = LINE('',#10811,#10812);
#10811 = CARTESIAN_POINT('',(6.987572106361,47.887572106361,0.));
#10812 = VECTOR('',#10813,1.);
#10813 = DIRECTION('',(0.,1.,0.));
#10814 = PCURVE('',#10713,#10815);
#10815 = DEFINITIONAL_REPRESENTATION('',(#10816),#10820);
#10816 = LINE('',#10817,#10818);
#10817 = CARTESIAN_POINT('',(13.975144212722,0.));
#10818 = VECTOR('',#10819,1.);
#10819 = DIRECTION('',(0.,1.));
#10820 = ( GEOMETRIC_REPRESENTATION_CONTEXT(2) 
PARAMETRIC_REPRESENTATION_CONTEXT() REPRESENTATION_CONTEXT('2D SPACE',''
  ) );
#10821 = PCURVE('',#10822,#10827);
#10822 = PLANE('',#10823);
#10823 = AXIS2_PLACEMENT_3D('',#10824,#10825,#10826);
#10824 = CARTESIAN_POINT('',(6.987572106361,47.887572106361,0.));
#10825 = DIRECTION('',(1.,0.,0.));
#10826 = DIRECTION('',(0.,0.,1.));
#10827 = DEFINITIONAL_REPRESENTATION('',(#10828),#10832);
#10828 = LINE('',#10829,#10830);
#10829 = CARTESIAN_POINT('',(0.,0.));
#10830 = VECTOR('',#10831,1.);
#10831 = DIRECTION('',(0.,-1.));
#10832 = ( GEOMETRIC_REPRESENTATION_CONTEXT(2) 
PARAMETRIC_REPRESENTATION_CONTEXT() REPRESENTATION_CONTEXT('2D SPACE',''
  ) );
#10833 = ORIENTED_EDGE('',*,*,#10834,.F.);
#10834 = EDGE_CURVE('',#10698,#10807,#10835,.T.);
#10835 = SURFACE_CURVE('',#10836,(#10840,#10847),.PCURVE_S1.);
#10836 = LINE('',#10837,#10838);
#10837 = CARTESIAN_POINT('',(-6.987572106361,50.087572106361,0.));
#10838 = VECTOR('',#10839,1.);
#10839 = DIRECTION('',(1.,0.,0.));
#10840 = PCURVE('',#10713,#10841);
#10841 = DEFINITIONAL_REPRESENTATION('',(#10842),#10846);
#10842 = LINE('',#10843,#10844);
#10843 = CARTESIAN_POINT('',(0.,2.2));
#10844 = VECTOR('',#10845,1.);
#10845 = DIRECTION('',(1.,0.));
#10846 = ( GEOMETRIC_REPRESENTATION_CONTEXT(2) 
PARAMETRIC_REPRESENTATION_CONTEXT() REPRESENTATION_CONTEXT('2D SPACE',''
  ) );
#10847 = PCURVE('',#10741,#10848);
#10848 = DEFINITIONAL_REPRESENTATION('',(#10849),#10853);
#10849 = LINE('',#10850,#10851);
#10850 = CARTESIAN_POINT('',(0.,0.));
#10851 = VECTOR('',#10852,1.);
#10852 = DIRECTION('',(0.,1.));
#10853 = ( GEOMETRIC_REPRESENTATION_CONTEXT(2) 
PARAMETRIC_REPRESENTATION_CONTEXT() REPRESENTATION_CONTEXT('2D SPACE',''
  ) );
#10854 = ADVANCED_FACE('',(#10855),#10822,.T.);
#10855 = FACE_BOUND('',#10856,.T.);
#10856 = EDGE_LOOP('',(#10857,#10880,#10881,#10904));
#10857 = ORIENTED_EDGE('',*,*,#10858,.F.);
#10858 = EDGE_CURVE('',#10784,#10859,#10861,.T.);
#10859 = VERTEX_POINT('',#10860);
#10860 = CARTESIAN_POINT('',(6.987572106361,47.887572106361,10.));
#10861 = SURFACE_CURVE('',#10862,(#10866,#10873),.PCURVE_S1.);
#10862 = LINE('',#10863,#10864);
#10863 = CARTESIAN_POINT('',(6.987572106361,47.887572106361,0.));
#10864 = VECTOR('',#10865,1.);
#10865 = DIRECTION('',(0.,0.,1.));
#10866 = PCURVE('',#10822,#10867);
#10867 = DEFINITIONAL_REPRESENTATION('',(#10868),#10872);
#10868 = LINE('',#10869,#10870);
#10869 = CARTESIAN_POINT('',(0.,0.));
#10870 = VECTOR('',#10871,1.);
#10871 = DIRECTION('',(1.,0.));
#10872 = ( GEOMETRIC_REPRESENTATION_CONTEXT(2) 
PARAMETRIC_REPRESENTATION_CONTEXT() REPRESENTATION_CONTEXT('2D SPACE',''
  ) );
#10873 = PCURVE('',#10685,#10874);
#10874 = DEFINITIONAL_REPRESENTATION('',(#10875),#10879);
#10875 = LINE('',#10876,#10877);
#10876 = CARTESIAN_POINT('',(0.,13.975144212722));
#10877 = VECTOR('',#10878,1.);
#10878 = DIRECTION('',(1.,0.));
#10879 = ( GEOMETRIC_REPRESENTATION_CONTEXT(2) 
PARAMETRIC_REPRESENTATION_CONTEXT() REPRESENTATION_CONTEXT('2D SPACE',''
  ) );
#10880 = ORIENTED_EDGE('',*,*,#10806,.T.);
#10881 = ORIENTED_EDGE('',*,*,#10882,.T.);
#10882 = EDGE_CURVE('',#10807,#10883,#10885,.T.);
#10883 = VERTEX_POINT('',#10884);
#10884 = CARTESIAN_POINT('',(6.987572106361,50.087572106361,10.));
#10885 = SURFACE_CURVE('',#10886,(#10890,#10897),.PCURVE_S1.);
#10886 = LINE('',#10887,#10888);
#10887 = CARTESIAN_POINT('',(6.987572106361,50.087572106361,0.));
#10888 = VECTOR('',#10889,1.);
#10889 = DIRECTION('',(0.,0.,1.));
#10890 = PCURVE('',#10822,#10891);
#10891 = DEFINITIONAL_REPRESENTATION('',(#10892),#10896);
#10892 = LINE('',#10893,#10894);
#10893 = CARTESIAN_POINT('',(0.,-2.2));
#10894 = VECTOR('',#10895,1.);
#10895 = DIRECTION('',(1.,0.));
#10896 = ( GEOMETRIC_REPRESENTATION_CONTEXT(2) 
PARAMETRIC_REPRESENTATION_CONTEXT() REPRESENTATION_CONTEXT('2D SPACE',''
  ) );
#10897 = PCURVE('',#10741,#10898);
#10898 = DEFINITIONAL_REPRESENTATION('',(#10899),#10903);
#10899 = LINE('',#10900,#10901);
#10900 = CARTESIAN_POINT('',(0.,13.975144212722));
#10901 = VECTOR('',#10902,1.);
#10902 = DIRECTION('',(1.,0.));
#10903 = ( GEOMETRIC_REPRESENTATION_CONTEXT(2) 
PARAMETRIC_REPRESENTATION_CONTEXT() REPRESENTATION_CONTEXT('2D SPACE',''
  ) );
#10904 = ORIENTED_EDGE('',*,*,#10905,.F.);
#10905 = EDGE_CURVE('',#10859,#10883,#10906,.T.);
#10906 = SURFACE_CURVE('',#10907,(#10911,#10918),.PCURVE_S1.);
#10907 = LINE('',#10908,#10909);
#10908 = CARTESIAN_POINT('',(6.987572106361,47.887572106361,10.));
#10909 = VECTOR('',#10910,1.);
#10910 = DIRECTION('',(0.,1.,0.));
#10911 = PCURVE('',#10822,#10912);
#10912 = DEFINITIONAL_REPRESENTATION('',(#10913),#10917);
#10913 = LINE('',#10914,#10915);
#10914 = CARTESIAN_POINT('',(10.,0.));
#10915 = VECTOR('',#10916,1.);
#10916 = DIRECTION('',(0.,-1.));
#10917 = ( GEOMETRIC_REPRESENTATION_CONTEXT(2) 
PARAMETRIC_REPRESENTATION_CONTEXT() REPRESENTATION_CONTEXT('2D SPACE',''
  ) );
#10918 = PCURVE('',#10767,#10919);
#10919 = DEFINITIONAL_REPRESENTATION('',(#10920),#10924);
#10920 = LINE('',#10921,#10922);
#10921 = CARTESIAN_POINT('',(13.975144212722,0.));
#10922 = VECTOR('',#10923,1.);
#10923 = DIRECTION('',(0.,1.));
#10924 = ( GEOMETRIC_REPRESENTATION_CONTEXT(2) 
PARAMETRIC_REPRESENTATION_CONTEXT() REPRESENTATION_CONTEXT('2D SPACE',''
  ) );
#10925 = ADVANCED_FACE('',(#10926),#10741,.T.);
#10926 = FACE_BOUND('',#10927,.T.);
#10927 = EDGE_LOOP('',(#10928,#10929,#10930,#10951));
#10928 = ORIENTED_EDGE('',*,*,#10834,.F.);
#10929 = ORIENTED_EDGE('',*,*,#10725,.T.);
#10930 = ORIENTED_EDGE('',*,*,#10931,.T.);
#10931 = EDGE_CURVE('',#10726,#10883,#10932,.T.);
#10932 = SURFACE_CURVE('',#10933,(#10937,#10944),.PCURVE_S1.);
#10933 = LINE('',#10934,#10935);
#10934 = CARTESIAN_POINT('',(-6.987572106361,50.087572106361,10.));
#10935 = VECTOR('',#10936,1.);
#10936 = DIRECTION('',(1.,0.,0.));
#10937 = PCURVE('',#10741,#10938);
#10938 = DEFINITIONAL_REPRESENTATION('',(#10939),#10943);
#10939 = LINE('',#10940,#10941);
#10940 = CARTESIAN_POINT('',(10.,0.));
#10941 = VECTOR('',#10942,1.);
#10942 = DIRECTION('',(0.,1.));
#10943 = ( GEOMETRIC_REPRESENTATION_CONTEXT(2) 
PARAMETRIC_REPRESENTATION_CONTEXT() REPRESENTATION_CONTEXT('2D SPACE',''
  ) );
#10944 = PCURVE('',#10767,#10945);
#10945 = DEFINITIONAL_REPRESENTATION('',(#10946),#10950);
#10946 = LINE('',#10947,#10948);
#10947 = CARTESIAN_POINT('',(0.,2.2));
#10948 = VECTOR('',#10949,1.);
#10949 = DIRECTION('',(1.,0.));
#10950 = ( GEOMETRIC_REPRESENTATION_CONTEXT(2) 
PARAMETRIC_REPRESENTATION_CONTEXT() REPRESENTATION_CONTEXT('2D SPACE',''
  ) );
#10951 = ORIENTED_EDGE('',*,*,#10882,.F.);
#10952 = ADVANCED_FACE('',(#10953),#10767,.T.);
#10953 = FACE_BOUND('',#10954,.T.);
#10954 = EDGE_LOOP('',(#10955,#10956,#10977,#10978));
#10955 = ORIENTED_EDGE('',*,*,#10753,.F.);
#10956 = ORIENTED_EDGE('',*,*,#10957,.T.);
#10957 = EDGE_CURVE('',#10665,#10859,#10958,.T.);
#10958 = SURFACE_CURVE('',#10959,(#10963,#10970),.PCURVE_S1.);
#10959 = LINE('',#10960,#10961);
#10960 = CARTESIAN_POINT('',(-6.987572106361,47.887572106361,10.));
#10961 = VECTOR('',#10962,1.);
#10962 = DIRECTION('',(1.,0.,0.));
#10963 = PCURVE('',#10767,#10964);
#10964 = DEFINITIONAL_REPRESENTATION('',(#10965),#10969);
#10965 = LINE('',#10966,#10967);
#10966 = CARTESIAN_POINT('',(0.,0.));
#10967 = VECTOR('',#10968,1.);
#10968 = DIRECTION('',(1.,0.));
#10969 = ( GEOMETRIC_REPRESENTATION_CONTEXT(2) 
PARAMETRIC_REPRESENTATION_CONTEXT() REPRESENTATION_CONTEXT('2D SPACE',''
  ) );
#10970 = PCURVE('',#10685,#10971);
#10971 = DEFINITIONAL_REPRESENTATION('',(#10972),#10976);
#10972 = LINE('',#10973,#10974);
#10973 = CARTESIAN_POINT('',(10.,0.));
#10974 = VECTOR('',#10975,1.);
#10975 = DIRECTION('',(0.,1.));
#10976 = ( GEOMETRIC_REPRESENTATION_CONTEXT(2) 
PARAMETRIC_REPRESENTATION_CONTEXT() REPRESENTATION_CONTEXT('2D SPACE',''
  ) );
#10977 = ORIENTED_EDGE('',*,*,#10905,.T.);
#10978 = ORIENTED_EDGE('',*,*,#10931,.F.);
#10979 = ADVANCED_FACE('',(#10980),#10685,.F.);
#10980 = FACE_BOUND('',#10981,.F.);
#10981 = EDGE_LOOP('',(#10982,#10983,#10984,#10985));
#10982 = ORIENTED_EDGE('',*,*,#10783,.F.);
#10983 = ORIENTED_EDGE('',*,*,#10662,.T.);
#10984 = ORIENTED_EDGE('',*,*,#10957,.T.);
#10985 = ORIENTED_EDGE('',*,*,#10858,.F.);
#10986 = ( GEOMETRIC_REPRESENTATION_CONTEXT(3) 
GLOBAL_UNCERTAINTY_ASSIGNED_CONTEXT((#10990)) 
GLOBAL_UNIT_ASSIGNED_CONTEXT((#10987,#10988,#10989)) 
REPRESENTATION_CONTEXT('Context #1',
  '3D Context with UNIT and UNCERTAINTY') );
#10987 = ( LENGTH_UNIT() NAMED_UNIT(*) SI_UNIT(.MILLI.,.METRE.) );
#10988 = ( NAMED_UNIT(*) PLANE_ANGLE_UNIT() SI_UNIT($,.RADIAN.) );
#10989 = ( NAMED_UNIT(*) SI_UNIT($,.STERADIAN.) SOLID_ANGLE_UNIT() );
#10990 = UNCERTAINTY_MEASURE_WITH_UNIT(LENGTH_MEASURE(1.E-07),#10987,
  'distance_accuracy_value','confusion accuracy');
#10991 = CONTEXT_DEPENDENT_SHAPE_REPRESENTATION(#10992,#10994);
#10992 = ( REPRESENTATION_RELATIONSHIP('','',#10655,#10) 
REPRESENTATION_RELATIONSHIP_WITH_TRANSFORMATION(#10993) 
SHAPE_REPRESENTATION_RELATIONSHIP() );
#10993 = ITEM_DEFINED_TRANSFORMATION('','',#11,#27);
#10994 = PRODUCT_DEFINITION_SHAPE('Placement','Placement of an item',
  #10995);
#10995 = NEXT_ASSEMBLY_USAGE_OCCURRENCE('4','','',#5,#10650,$);
#10996 = PRODUCT_RELATED_PRODUCT_CATEGORY('part',$,(#10652));
#10997 = SHAPE_DEFINITION_REPRESENTATION(#10998,#11004);
#10998 = PRODUCT_DEFINITION_SHAPE('','',#10999);
#10999 = PRODUCT_DEFINITION('design','',#11000,#11003);
#11000 = PRODUCT_DEFINITION_FORMATION('','',#11001);
#11001 = PRODUCT('Open CASCADE STEP translator 7.9 1.5',
  'Open CASCADE STEP translator 7.9 1.5','',(#11002));
#11002 = PRODUCT_CONTEXT('',#2,'mechanical');
#11003 = PRODUCT_DEFINITION_CONTEXT('part definition',#2,'design');
#11004 = ADVANCED_BREP_SHAPE_REPRESENTATION('',(#11,#11005),#11335);
#11005 = MANIFOLD_SOLID_BREP('',#11006);
#11006 = CLOSED_SHELL('',(#11007,#11127,#11203,#11274,#11301,#11328));
#11007 = ADVANCED_FACE('',(#11008),#11022,.F.);
#11008 = FACE_BOUND('',#11009,.F.);
#11009 = EDGE_LOOP('',(#11010,#11045,#11073,#11101));
#11010 = ORIENTED_EDGE('',*,*,#11011,.F.);
#11011 = EDGE_CURVE('',#11012,#11014,#11016,.T.);
#11012 = VERTEX_POINT('',#11013);
#11013 = CARTESIAN_POINT('',(-6.987572106361,-50.08757210636,0.));
#11014 = VERTEX_POINT('',#11015);
#11015 = CARTESIAN_POINT('',(-6.987572106361,-50.08757210636,10.));
#11016 = SURFACE_CURVE('',#11017,(#11021,#11033),.PCURVE_S1.);
#11017 = LINE('',#11018,#11019);
#11018 = CARTESIAN_POINT('',(-6.987572106361,-50.08757210636,0.));
#11019 = VECTOR('',#11020,1.);
#11020 = DIRECTION('',(0.,0.,1.));
#11021 = PCURVE('',#11022,#11027);
#11022 = PLANE('',#11023);
#11023 = AXIS2_PLACEMENT_3D('',#11024,#11025,#11026);
#11024 = CARTESIAN_POINT('',(-6.987572106361,-50.08757210636,0.));
#11025 = DIRECTION('',(1.,0.,0.));
#11026 = DIRECTION('',(0.,0.,1.));
#11027 = DEFINITIONAL_REPRESENTATION('',(#11028),#11032);
#11028 = LINE('',#11029,#11030);
#11029 = CARTESIAN_POINT('',(0.,0.));
#11030 = VECTOR('',#11031,1.);
#11031 = DIRECTION('',(1.,0.));
#11032 = ( GEOMETRIC_REPRESENTATION_CONTEXT(2) 
PARAMETRIC_REPRESENTATION_CONTEXT() REPRESENTATION_CONTEXT('2D SPACE',''
  ) );
#11033 = PCURVE('',#11034,#11039);
#11034 = PLANE('',#11035);
#11035 = AXIS2_PLACEMENT_3D('',#11036,#11037,#11038);
#11036 = CARTESIAN_POINT('',(-6.987572106361,-50.08757210636,0.));
#11037 = DIRECTION('',(0.,1.,0.));
#11038 = DIRECTION('',(0.,0.,1.));
#11039 = DEFINITIONAL_REPRESENTATION('',(#11040),#11044);
#11040 = LINE('',#11041,#11042);
#11041 = CARTESIAN_POINT('',(0.,0.));
#11042 = VECTOR('',#11043,1.);
#11043 = DIRECTION('',(1.,0.));
#11044 = ( GEOMETRIC_REPRESENTATION_CONTEXT(2) 
PARAMETRIC_REPRESENTATION_CONTEXT() REPRESENTATION_CONTEXT('2D SPACE',''
  ) );
#11045 = ORIENTED_EDGE('',*,*,#11046,.T.);
#11046 = EDGE_CURVE('',#11012,#11047,#11049,.T.);
#11047 = VERTEX_POINT('',#11048);
#11048 = CARTESIAN_POINT('',(-6.987572106361,-47.88757210636,0.));
#11049 = SURFACE_CURVE('',#11050,(#11054,#11061),.PCURVE_S1.);
#11050 = LINE('',#11051,#11052);
#11051 = CARTESIAN_POINT('',(-6.987572106361,-50.08757210636,0.));
#11052 = VECTOR('',#11053,1.);
#11053 = DIRECTION('',(0.,1.,0.));
#11054 = PCURVE('',#11022,#11055);
#11055 = DEFINITIONAL_REPRESENTATION('',(#11056),#11060);
#11056 = LINE('',#11057,#11058);
#11057 = CARTESIAN_POINT('',(0.,0.));
#11058 = VECTOR('',#11059,1.);
#11059 = DIRECTION('',(0.,-1.));
#11060 = ( GEOMETRIC_REPRESENTATION_CONTEXT(2) 
PARAMETRIC_REPRESENTATION_CONTEXT() REPRESENTATION_CONTEXT('2D SPACE',''
  ) );
#11061 = PCURVE('',#11062,#11067);
#11062 = PLANE('',#11063);
#11063 = AXIS2_PLACEMENT_3D('',#11064,#11065,#11066);
#11064 = CARTESIAN_POINT('',(-6.987572106361,-50.08757210636,0.));
#11065 = DIRECTION('',(0.,0.,1.));
#11066 = DIRECTION('',(1.,0.,0.));
#11067 = DEFINITIONAL_REPRESENTATION('',(#11068),#11072);
#11068 = LINE('',#11069,#11070);
#11069 = CARTESIAN_POINT('',(0.,0.));
#11070 = VECTOR('',#11071,1.);
#11071 = DIRECTION('',(0.,1.));
#11072 = ( GEOMETRIC_REPRESENTATION_CONTEXT(2) 
PARAMETRIC_REPRESENTATION_CONTEXT() REPRESENTATION_CONTEXT('2D SPACE',''
  ) );
#11073 = ORIENTED_EDGE('',*,*,#11074,.T.);
#11074 = EDGE_CURVE('',#11047,#11075,#11077,.T.);
#11075 = VERTEX_POINT('',#11076);
#11076 = CARTESIAN_POINT('',(-6.987572106361,-47.88757210636,10.));
#11077 = SURFACE_CURVE('',#11078,(#11082,#11089),.PCURVE_S1.);
#11078 = LINE('',#11079,#11080);
#11079 = CARTESIAN_POINT('',(-6.987572106361,-47.88757210636,0.));
#11080 = VECTOR('',#11081,1.);
#11081 = DIRECTION('',(0.,0.,1.));
#11082 = PCURVE('',#11022,#11083);
#11083 = DEFINITIONAL_REPRESENTATION('',(#11084),#11088);
#11084 = LINE('',#11085,#11086);
#11085 = CARTESIAN_POINT('',(0.,-2.2));
#11086 = VECTOR('',#11087,1.);
#11087 = DIRECTION('',(1.,0.));
#11088 = ( GEOMETRIC_REPRESENTATION_CONTEXT(2) 
PARAMETRIC_REPRESENTATION_CONTEXT() REPRESENTATION_CONTEXT('2D SPACE',''
  ) );
#11089 = PCURVE('',#11090,#11095);
#11090 = PLANE('',#11091);
#11091 = AXIS2_PLACEMENT_3D('',#11092,#11093,#11094);
#11092 = CARTESIAN_POINT('',(-6.987572106361,-47.88757210636,0.));
#11093 = DIRECTION('',(0.,1.,0.));
#11094 = DIRECTION('',(0.,0.,1.));
#11095 = DEFINITIONAL_REPRESENTATION('',(#11096),#11100);
#11096 = LINE('',#11097,#11098);
#11097 = CARTESIAN_POINT('',(0.,0.));
#11098 = VECTOR('',#11099,1.);
#11099 = DIRECTION('',(1.,0.));
#11100 = ( GEOMETRIC_REPRESENTATION_CONTEXT(2) 
PARAMETRIC_REPRESENTATION_CONTEXT() REPRESENTATION_CONTEXT('2D SPACE',''
  ) );
#11101 = ORIENTED_EDGE('',*,*,#11102,.F.);
#11102 = EDGE_CURVE('',#11014,#11075,#11103,.T.);
#11103 = SURFACE_CURVE('',#11104,(#11108,#11115),.PCURVE_S1.);
#11104 = LINE('',#11105,#11106);
#11105 = CARTESIAN_POINT('',(-6.987572106361,-50.08757210636,10.));
#11106 = VECTOR('',#11107,1.);
#11107 = DIRECTION('',(0.,1.,0.));
#11108 = PCURVE('',#11022,#11109);
#11109 = DEFINITIONAL_REPRESENTATION('',(#11110),#11114);
#11110 = LINE('',#11111,#11112);
#11111 = CARTESIAN_POINT('',(10.,0.));
#11112 = VECTOR('',#11113,1.);
#11113 = DIRECTION('',(0.,-1.));
#11114 = ( GEOMETRIC_REPRESENTATION_CONTEXT(2) 
PARAMETRIC_REPRESENTATION_CONTEXT() REPRESENTATION_CONTEXT('2D SPACE',''
  ) );
#11115 = PCURVE('',#11116,#11121);
#11116 = PLANE('',#11117);
#11117 = AXIS2_PLACEMENT_3D('',#11118,#11119,#11120);
#11118 = CARTESIAN_POINT('',(-6.987572106361,-50.08757210636,10.));
#11119 = DIRECTION('',(0.,0.,1.));
#11120 = DIRECTION('',(1.,0.,0.));
#11121 = DEFINITIONAL_REPRESENTATION('',(#11122),#11126);
#11122 = LINE('',#11123,#11124);
#11123 = CARTESIAN_POINT('',(0.,0.));
#11124 = VECTOR('',#11125,1.);
#11125 = DIRECTION('',(0.,1.));
#11126 = ( GEOMETRIC_REPRESENTATION_CONTEXT(2) 
PARAMETRIC_REPRESENTATION_CONTEXT() REPRESENTATION_CONTEXT('2D SPACE',''
  ) );
#11127 = ADVANCED_FACE('',(#11128),#11062,.F.);
#11128 = FACE_BOUND('',#11129,.F.);
#11129 = EDGE_LOOP('',(#11130,#11131,#11154,#11182));
#11130 = ORIENTED_EDGE('',*,*,#11046,.F.);
#11131 = ORIENTED_EDGE('',*,*,#11132,.T.);
#11132 = EDGE_CURVE('',#11012,#11133,#11135,.T.);
#11133 = VERTEX_POINT('',#11134);
#11134 = CARTESIAN_POINT('',(6.987572106361,-50.08757210636,0.));
#11135 = SURFACE_CURVE('',#11136,(#11140,#11147),.PCURVE_S1.);
#11136 = LINE('',#11137,#11138);
#11137 = CARTESIAN_POINT('',(-6.987572106361,-50.08757210636,0.));
#11138 = VECTOR('',#11139,1.);
#11139 = DIRECTION('',(1.,0.,0.));
#11140 = PCURVE('',#11062,#11141);
#11141 = DEFINITIONAL_REPRESENTATION('',(#11142),#11146);
#11142 = LINE('',#11143,#11144);
#11143 = CARTESIAN_POINT('',(0.,0.));
#11144 = VECTOR('',#11145,1.);
#11145 = DIRECTION('',(1.,0.));
#11146 = ( GEOMETRIC_REPRESENTATION_CONTEXT(2) 
PARAMETRIC_REPRESENTATION_CONTEXT() REPRESENTATION_CONTEXT('2D SPACE',''
  ) );
#11147 = PCURVE('',#11034,#11148);
#11148 = DEFINITIONAL_REPRESENTATION('',(#11149),#11153);
#11149 = LINE('',#11150,#11151);
#11150 = CARTESIAN_POINT('',(0.,0.));
#11151 = VECTOR('',#11152,1.);
#11152 = DIRECTION('',(0.,1.));
#11153 = ( GEOMETRIC_REPRESENTATION_CONTEXT(2) 
PARAMETRIC_REPRESENTATION_CONTEXT() REPRESENTATION_CONTEXT('2D SPACE',''
  ) );
#11154 = ORIENTED_EDGE('',*,*,#11155,.T.);
#11155 = EDGE_CURVE('',#11133,#11156,#11158,.T.);
#11156 = VERTEX_POINT('',#11157);
#11157 = CARTESIAN_POINT('',(6.987572106361,-47.88757210636,0.));
#11158 = SURFACE_CURVE('',#11159,(#11163,#11170),.PCURVE_S1.);
#11159 = LINE('',#11160,#11161);
#11160 = CARTESIAN_POINT('',(6.987572106361,-50.08757210636,0.));
#11161 = VECTOR('',#11162,1.);
#11162 = DIRECTION('',(0.,1.,0.));
#11163 = PCURVE('',#11062,#11164);
#11164 = DEFINITIONAL_REPRESENTATION('',(#11165),#11169);
#11165 = LINE('',#11166,#11167);
#11166 = CARTESIAN_POINT('',(13.975144212722,0.));
#11167 = VECTOR('',#11168,1.);
#11168 = DIRECTION('',(0.,1.));
#11169 = ( GEOMETRIC_REPRESENTATION_CONTEXT(2) 
PARAMETRIC_REPRESENTATION_CONTEXT() REPRESENTATION_CONTEXT('2D SPACE',''
  ) );
#11170 = PCURVE('',#11171,#11176);
#11171 = PLANE('',#11172);
#11172 = AXIS2_PLACEMENT_3D('',#11173,#11174,#11175);
#11173 = CARTESIAN_POINT('',(6.987572106361,-50.08757210636,0.));
#11174 = DIRECTION('',(1.,0.,0.));
#11175 = DIRECTION('',(0.,0.,1.));
#11176 = DEFINITIONAL_REPRESENTATION('',(#11177),#11181);
#11177 = LINE('',#11178,#11179);
#11178 = CARTESIAN_POINT('',(0.,0.));
#11179 = VECTOR('',#11180,1.);
#11180 = DIRECTION('',(0.,-1.));
#11181 = ( GEOMETRIC_REPRESENTATION_CONTEXT(2) 
PARAMETRIC_REPRESENTATION_CONTEXT() REPRESENTATION_CONTEXT('2D SPACE',''
  ) );
#11182 = ORIENTED_EDGE('',*,*,#11183,.F.);
#11183 = EDGE_CURVE('',#11047,#11156,#11184,.T.);
#11184 = SURFACE_CURVE('',#11185,(#11189,#11196),.PCURVE_S1.);
#11185 = LINE('',#11186,#11187);
#11186 = CARTESIAN_POINT('',(-6.987572106361,-47.88757210636,0.));
#11187 = VECTOR('',#11188,1.);
#11188 = DIRECTION('',(1.,0.,0.));
#11189 = PCURVE('',#11062,#11190);
#11190 = DEFINITIONAL_REPRESENTATION('',(#11191),#11195);
#11191 = LINE('',#11192,#11193);
#11192 = CARTESIAN_POINT('',(0.,2.2));
#11193 = VECTOR('',#11194,1.);
#11194 = DIRECTION('',(1.,0.));
#11195 = ( GEOMETRIC_REPRESENTATION_CONTEXT(2) 
PARAMETRIC_REPRESENTATION_CONTEXT() REPRESENTATION_CONTEXT('2D SPACE',''
  ) );
#11196 = PCURVE('',#11090,#11197);
#11197 = DEFINITIONAL_REPRESENTATION('',(#11198),#11202);
#11198 = LINE('',#11199,#11200);
#11199 = CARTESIAN_POINT('',(0.,0.));
#11200 = VECTOR('',#11201,1.);
#11201 = DIRECTION('',(0.,1.));
#11202 = ( GEOMETRIC_REPRESENTATION_CONTEXT(2) 
PARAMETRIC_REPRESENTATION_CONTEXT() REPRESENTATION_CONTEXT('2D SPACE',''
  ) );
#11203 = ADVANCED_FACE('',(#11204),#11171,.T.);
#11204 = FACE_BOUND('',#11205,.T.);
#11205 = EDGE_LOOP('',(#11206,#11229,#11230,#11253));
#11206 = ORIENTED_EDGE('',*,*,#11207,.F.);
#11207 = EDGE_CURVE('',#11133,#11208,#11210,.T.);
#11208 = VERTEX_POINT('',#11209);
#11209 = CARTESIAN_POINT('',(6.987572106361,-50.08757210636,10.));
#11210 = SURFACE_CURVE('',#11211,(#11215,#11222),.PCURVE_S1.);
#11211 = LINE('',#11212,#11213);
#11212 = CARTESIAN_POINT('',(6.987572106361,-50.08757210636,0.));
#11213 = VECTOR('',#11214,1.);
#11214 = DIRECTION('',(0.,0.,1.));
#11215 = PCURVE('',#11171,#11216);
#11216 = DEFINITIONAL_REPRESENTATION('',(#11217),#11221);
#11217 = LINE('',#11218,#11219);
#11218 = CARTESIAN_POINT('',(0.,0.));
#11219 = VECTOR('',#11220,1.);
#11220 = DIRECTION('',(1.,0.));
#11221 = ( GEOMETRIC_REPRESENTATION_CONTEXT(2) 
PARAMETRIC_REPRESENTATION_CONTEXT() REPRESENTATION_CONTEXT('2D SPACE',''
  ) );
#11222 = PCURVE('',#11034,#11223);
#11223 = DEFINITIONAL_REPRESENTATION('',(#11224),#11228);
#11224 = LINE('',#11225,#11226);
#11225 = CARTESIAN_POINT('',(0.,13.975144212722));
#11226 = VECTOR('',#11227,1.);
#11227 = DIRECTION('',(1.,0.));
#11228 = ( GEOMETRIC_REPRESENTATION_CONTEXT(2) 
PARAMETRIC_REPRESENTATION_CONTEXT() REPRESENTATION_CONTEXT('2D SPACE',''
  ) );
#11229 = ORIENTED_EDGE('',*,*,#11155,.T.);
#11230 = ORIENTED_EDGE('',*,*,#11231,.T.);
#11231 = EDGE_CURVE('',#11156,#11232,#11234,.T.);
#11232 = VERTEX_POINT('',#11233);
#11233 = CARTESIAN_POINT('',(6.987572106361,-47.88757210636,10.));
#11234 = SURFACE_CURVE('',#11235,(#11239,#11246),.PCURVE_S1.);
#11235 = LINE('',#11236,#11237);
#11236 = CARTESIAN_POINT('',(6.987572106361,-47.88757210636,0.));
#11237 = VECTOR('',#11238,1.);
#11238 = DIRECTION('',(0.,0.,1.));
#11239 = PCURVE('',#11171,#11240);
#11240 = DEFINITIONAL_REPRESENTATION('',(#11241),#11245);
#11241 = LINE('',#11242,#11243);
#11242 = CARTESIAN_POINT('',(0.,-2.2));
#11243 = VECTOR('',#11244,1.);
#11244 = DIRECTION('',(1.,0.));
#11245 = ( GEOMETRIC_REPRESENTATION_CONTEXT(2) 
PARAMETRIC_REPRESENTATION_CONTEXT() REPRESENTATION_CONTEXT('2D SPACE',''
  ) );
#11246 = PCURVE('',#11090,#11247);
#11247 = DEFINITIONAL_REPRESENTATION('',(#11248),#11252);
#11248 = LINE('',#11249,#11250);
#11249 = CARTESIAN_POINT('',(0.,13.975144212722));
#11250 = VECTOR('',#11251,1.);
#11251 = DIRECTION('',(1.,0.));
#11252 = ( GEOMETRIC_REPRESENTATION_CONTEXT(2) 
PARAMETRIC_REPRESENTATION_CONTEXT() REPRESENTATION_CONTEXT('2D SPACE',''
  ) );
#11253 = ORIENTED_EDGE('',*,*,#11254,.F.);
#11254 = EDGE_CURVE('',#11208,#11232,#11255,.T.);
#11255 = SURFACE_CURVE('',#11256,(#11260,#11267),.PCURVE_S1.);
#11256 = LINE('',#11257,#11258);
#11257 = CARTESIAN_POINT('',(6.987572106361,-50.08757210636,10.));
#11258 = VECTOR('',#11259,1.);
#11259 = DIRECTION('',(0.,1.,0.));
#11260 = PCURVE('',#11171,#11261);
#11261 = DEFINITIONAL_REPRESENTATION('',(#11262),#11266);
#11262 = LINE('',#11263,#11264);
#11263 = CARTESIAN_POINT('',(10.,0.));
#11264 = VECTOR('',#11265,1.);
#11265 = DIRECTION('',(0.,-1.));
#11266 = ( GEOMETRIC_REPRESENTATION_CONTEXT(2) 
PARAMETRIC_REPRESENTATION_CONTEXT() REPRESENTATION_CONTEXT('2D SPACE',''
  ) );
#11267 = PCURVE('',#11116,#11268);
#11268 = DEFINITIONAL_REPRESENTATION('',(#11269),#11273);
#11269 = LINE('',#11270,#11271);
#11270 = CARTESIAN_POINT('',(13.975144212722,0.));
#11271 = VECTOR('',#11272,1.);
#11272 = DIRECTION('',(0.,1.));
#11273 = ( GEOMETRIC_REPRESENTATION_CONTEXT(2) 
PARAMETRIC_REPRESENTATION_CONTEXT() REPRESENTATION_CONTEXT('2D SPACE',''
  ) );
#11274 = ADVANCED_FACE('',(#11275),#11090,.T.);
#11275 = FACE_BOUND('',#11276,.T.);
#11276 = EDGE_LOOP('',(#11277,#11278,#11279,#11300));
#11277 = ORIENTED_EDGE('',*,*,#11183,.F.);
#11278 = ORIENTED_EDGE('',*,*,#11074,.T.);
#11279 = ORIENTED_EDGE('',*,*,#11280,.T.);
#11280 = EDGE_CURVE('',#11075,#11232,#11281,.T.);
#11281 = SURFACE_CURVE('',#11282,(#11286,#11293),.PCURVE_S1.);
#11282 = LINE('',#11283,#11284);
#11283 = CARTESIAN_POINT('',(-6.987572106361,-47.88757210636,10.));
#11284 = VECTOR('',#11285,1.);
#11285 = DIRECTION('',(1.,0.,0.));
#11286 = PCURVE('',#11090,#11287);
#11287 = DEFINITIONAL_REPRESENTATION('',(#11288),#11292);
#11288 = LINE('',#11289,#11290);
#11289 = CARTESIAN_POINT('',(10.,0.));
#11290 = VECTOR('',#11291,1.);
#11291 = DIRECTION('',(0.,1.));
#11292 = ( GEOMETRIC_REPRESENTATION_CONTEXT(2) 
PARAMETRIC_REPRESENTATION_CONTEXT() REPRESENTATION_CONTEXT('2D SPACE',''
  ) );
#11293 = PCURVE('',#11116,#11294);
#11294 = DEFINITIONAL_REPRESENTATION('',(#11295),#11299);
#11295 = LINE('',#11296,#11297);
#11296 = CARTESIAN_POINT('',(0.,2.2));
#11297 = VECTOR('',#11298,1.);
#11298 = DIRECTION('',(1.,0.));
#11299 = ( GEOMETRIC_REPRESENTATION_CONTEXT(2) 
PARAMETRIC_REPRESENTATION_CONTEXT() REPRESENTATION_CONTEXT('2D SPACE',''
  ) );
#11300 = ORIENTED_EDGE('',*,*,#11231,.F.);
#11301 = ADVANCED_FACE('',(#11302),#11116,.T.);
#11302 = FACE_BOUND('',#11303,.T.);
#11303 = EDGE_LOOP('',(#11304,#11305,#11326,#11327));
#11304 = ORIENTED_EDGE('',*,*,#11102,.F.);
#11305 = ORIENTED_EDGE('',*,*,#11306,.T.);
#11306 = EDGE_CURVE('',#11014,#11208,#11307,.T.);
#11307 = SURFACE_CURVE('',#11308,(#11312,#11319),.PCURVE_S1.);
#11308 = LINE('',#11309,#11310);
#11309 = CARTESIAN_POINT('',(-6.987572106361,-50.08757210636,10.));
#11310 = VECTOR('',#11311,1.);
#11311 = DIRECTION('',(1.,0.,0.));
#11312 = PCURVE('',#11116,#11313);
#11313 = DEFINITIONAL_REPRESENTATION('',(#11314),#11318);
#11314 = LINE('',#11315,#11316);
#11315 = CARTESIAN_POINT('',(0.,0.));
#11316 = VECTOR('',#11317,1.);
#11317 = DIRECTION('',(1.,0.));
#11318 = ( GEOMETRIC_REPRESENTATION_CONTEXT(2) 
PARAMETRIC_REPRESENTATION_CONTEXT() REPRESENTATION_CONTEXT('2D SPACE',''
  ) );
#11319 = PCURVE('',#11034,#11320);
#11320 = DEFINITIONAL_REPRESENTATION('',(#11321),#11325);
#11321 = LINE('',#11322,#11323);
#11322 = CARTESIAN_POINT('',(10.,0.));
#11323 = VECTOR('',#11324,1.);
#11324 = DIRECTION('',(0.,1.));
#11325 = ( GEOMETRIC_REPRESENTATION_CONTEXT(2) 
PARAMETRIC_REPRESENTATION_CONTEXT() REPRESENTATION_CONTEXT('2D SPACE',''
  ) );
#11326 = ORIENTED_EDGE('',*,*,#11254,.T.);
#11327 = ORIENTED_EDGE('',*,*,#11280,.F.);
#11328 = ADVANCED_FACE('',(#11329),#11034,.F.);
#11329 = FACE_BOUND('',#11330,.F.);
#11330 = EDGE_LOOP('',(#11331,#11332,#11333,#11334));
#11331 = ORIENTED_EDGE('',*,*,#11132,.F.);
#11332 = ORIENTED_EDGE('',*,*,#11011,.T.);
#11333 = ORIENTED_EDGE('',*,*,#11306,.T.);
#11334 = ORIENTED_EDGE('',*,*,#11207,.F.);
#11335 = ( GEOMETRIC_REPRESENTATION_CONTEXT(3) 
GLOBAL_UNCERTAINTY_ASSIGNED_CONTEXT((#11339)) 
GLOBAL_UNIT_ASSIGNED_CONTEXT((#11336,#11337,#11338)) 
REPRESENTATION_CONTEXT('Context #1',
  '3D Context with UNIT and UNCERTAINTY') );
#11336 = ( LENGTH_UNIT() NAMED_UNIT(*) SI_UNIT(.MILLI.,.METRE.) );
#11337 = ( NAMED_UNIT(*) PLANE_ANGLE_UNIT() SI_UNIT($,.RADIAN.) );
#11338 = ( NAMED_UNIT(*) SI_UNIT($,.STERADIAN.) SOLID_ANGLE_UNIT() );
#11339 = UNCERTAINTY_MEASURE_WITH_UNIT(LENGTH_MEASURE(1.E-07),#11336,
  'distance_accuracy_value','confusion accuracy');
#11340 = CONTEXT_DEPENDENT_SHAPE_REPRESENTATION(#11341,#11343);
#11341 = ( REPRESENTATION_RELATIONSHIP('','',#11004,#10) 
REPRESENTATION_RELATIONSHIP_WITH_TRANSFORMATION(#11342) 
SHAPE_REPRESENTATION_RELATIONSHIP() );
#11342 = ITEM_DEFINED_TRANSFORMATION('','',#11,#31);
#11343 = PRODUCT_DEFINITION_SHAPE('Placement','Placement of an item',
  #11344);
#11344 = NEXT_ASSEMBLY_USAGE_OCCURRENCE('5','','',#5,#10999,$);
#11345 = PRODUCT_RELATED_PRODUCT_CATEGORY('part',$,(#11001));
ENDSEC;
END-ISO-10303-21;
